{
  "records": 396,
  "dataset_counts": {
    "FineWeb": 113,
    "FineWeb-Edu": 88,
    "FineMath": 195
  },
  "overall": {
    "token_count": {
      "count": 396,
      "min": 75.0,
      "mean": 273.939394,
      "max": 636.0
    },
    "token_per_byte": {
      "count": 396,
      "min": 0.166391,
      "mean": 0.253628,
      "max": 0.690745
    },
    "tokens_per_char": {
      "count": 396,
      "min": 0.166391,
      "mean": 0.255212,
      "max": 0.690745
    },
    "bytes_per_token": {
      "count": 396,
      "min": 1.447712,
      "mean": 4.189678,
      "max": 6.00995
    },
    "tokens_per_word_rough": {
      "count": 396,
      "min": 1.092308,
      "mean": 1.451613,
      "max": 2.902439
    }
  },
  "by_dataset": {
    "FineMath": {
      "token_count": {
        "count": 195,
        "min": 75.0,
        "mean": 177.753846,
        "max": 636.0
      },
      "token_per_byte": {
        "count": 195,
        "min": 0.185224,
        "mean": 0.289619,
        "max": 0.690745
      },
      "tokens_per_char": {
        "count": 195,
        "min": 0.185998,
        "mean": 0.291901,
        "max": 0.690745
      },
      "bytes_per_token": {
        "count": 195,
        "min": 1.447712,
        "mean": 3.736652,
        "max": 5.398876
      },
      "tokens_per_word_rough": {
        "count": 195,
        "min": 1.103226,
        "mean": 1.608802,
        "max": 2.902439
      }
    },
    "FineWeb": {
      "token_count": {
        "count": 113,
        "min": 112.0,
        "mean": 373.0,
        "max": 553.0
      },
      "token_per_byte": {
        "count": 113,
        "min": 0.166391,
        "mean": 0.220169,
        "max": 0.292497
      },
      "tokens_per_char": {
        "count": 113,
        "min": 0.166391,
        "mean": 0.220518,
        "max": 0.292639
      },
      "bytes_per_token": {
        "count": 113,
        "min": 3.418838,
        "mean": 4.604339,
        "max": 6.00995
      },
      "tokens_per_word_rough": {
        "count": 113,
        "min": 1.103125,
        "mean": 1.302462,
        "max": 1.795918
      }
    },
    "FineWeb-Edu": {
      "token_count": {
        "count": 88,
        "min": 105.0,
        "mean": 359.875,
        "max": 544.0
      },
      "token_per_byte": {
        "count": 88,
        "min": 0.174905,
        "mean": 0.216842,
        "max": 0.325217
      },
      "tokens_per_char": {
        "count": 88,
        "min": 0.175796,
        "mean": 0.218464,
        "max": 0.330973
      },
      "bytes_per_token": {
        "count": 88,
        "min": 3.074866,
        "mean": 4.661078,
        "max": 5.717391
      },
      "tokens_per_word_rough": {
        "count": 88,
        "min": 1.092308,
        "mean": 1.294819,
        "max": 2.22619
      }
    }
  },
  "by_surface_feature": {
    "has_code=false": {
      "token_count": {
        "count": 362,
        "min": 75.0,
        "mean": 274.638122,
        "max": 553.0
      },
      "token_per_byte": {
        "count": 362,
        "min": 0.166391,
        "mean": 0.246819,
        "max": 0.690745
      },
      "tokens_per_char": {
        "count": 362,
        "min": 0.166391,
        "mean": 0.248304,
        "max": 0.690745
      },
      "bytes_per_token": {
        "count": 362,
        "min": 1.447712,
        "mean": 4.266299,
        "max": 6.00995
      },
      "tokens_per_word_rough": {
        "count": 362,
        "min": 1.092308,
        "mean": 1.412982,
        "max": 2.902439
      }
    },
    "has_code=true": {
      "token_count": {
        "count": 34,
        "min": 95.0,
        "mean": 266.5,
        "max": 636.0
      },
      "token_per_byte": {
        "count": 34,
        "min": 0.186471,
        "mean": 0.326129,
        "max": 0.542857
      },
      "tokens_per_char": {
        "count": 34,
        "min": 0.18669,
        "mean": 0.328764,
        "max": 0.542857
      },
      "bytes_per_token": {
        "count": 34,
        "min": 1.842105,
        "mean": 3.373888,
        "max": 5.362776
      },
      "tokens_per_word_rough": {
        "count": 34,
        "min": 1.165441,
        "mean": 1.862917,
        "max": 2.77027
      }
    },
    "has_math_notation=false": {
      "token_count": {
        "count": 291,
        "min": 79.0,
        "mean": 296.762887,
        "max": 553.0
      },
      "token_per_byte": {
        "count": 291,
        "min": 0.166391,
        "mean": 0.224024,
        "max": 0.495775
      },
      "tokens_per_char": {
        "count": 291,
        "min": 0.166391,
        "mean": 0.225188,
        "max": 0.495775
      },
      "bytes_per_token": {
        "count": 291,
        "min": 2.017045,
        "mean": 4.544323,
        "max": 6.00995
      },
      "tokens_per_word_rough": {
        "count": 291,
        "min": 1.092308,
        "mean": 1.329568,
        "max": 2.707692
      }
    },
    "has_math_notation=true": {
      "token_count": {
        "count": 105,
        "min": 75.0,
        "mean": 210.685714,
        "max": 636.0
      },
      "token_per_byte": {
        "count": 105,
        "min": 0.197957,
        "mean": 0.335676,
        "max": 0.690745
      },
      "tokens_per_char": {
        "count": 105,
        "min": 0.198464,
        "mean": 0.338422,
        "max": 0.690745
      },
      "bytes_per_token": {
        "count": 105,
        "min": 1.447712,
        "mean": 3.206803,
        "max": 5.051613
      },
      "tokens_per_word_rough": {
        "count": 105,
        "min": 1.161017,
        "mean": 1.789854,
        "max": 2.902439
      }
    },
    "is_symbol_heavy=false": {
      "token_count": {
        "count": 351,
        "min": 79.0,
        "mean": 283.11396,
        "max": 553.0
      },
      "token_per_byte": {
        "count": 351,
        "min": 0.166391,
        "mean": 0.233334,
        "max": 0.449753
      },
      "tokens_per_char": {
        "count": 351,
        "min": 0.166391,
        "mean": 0.234758,
        "max": 0.453488
      },
      "bytes_per_token": {
        "count": 351,
        "min": 2.223443,
        "mean": 4.401853,
        "max": 6.00995
      },
      "tokens_per_word_rough": {
        "count": 351,
        "min": 1.092308,
        "mean": 1.36141,
        "max": 2.415929
      }
    },
    "is_symbol_heavy=true": {
      "token_count": {
        "count": 45,
        "min": 75.0,
        "mean": 202.377778,
        "max": 636.0
      },
      "token_per_byte": {
        "count": 45,
        "min": 0.281132,
        "mean": 0.411924,
        "max": 0.690745
      },
      "tokens_per_char": {
        "count": 45,
        "min": 0.281132,
        "mean": 0.414756,
        "max": 0.690745
      },
      "bytes_per_token": {
        "count": 45,
        "min": 1.447712,
        "mean": 2.534706,
        "max": 3.557047
      },
      "tokens_per_word_rough": {
        "count": 45,
        "min": 1.508772,
        "mean": 2.155198,
        "max": 2.902439
      }
    }
  },
  "by_noise_level": {
    "clean": {
      "token_count": {
        "count": 373,
        "min": 75.0,
        "mean": 272.884718,
        "max": 636.0
      },
      "token_per_byte": {
        "count": 373,
        "min": 0.170892,
        "mean": 0.255567,
        "max": 0.690745
      },
      "tokens_per_char": {
        "count": 373,
        "min": 0.170892,
        "mean": 0.257144,
        "max": 0.690745
      },
      "bytes_per_token": {
        "count": 373,
        "min": 1.447712,
        "mean": 4.166347,
        "max": 5.851648
      },
      "tokens_per_word_rough": {
        "count": 373,
        "min": 1.092308,
        "mean": 1.457555,
        "max": 2.902439
      }
    },
    "mostly_noise": {
      "token_count": {
        "count": 2,
        "min": 306.0,
        "mean": 366.5,
        "max": 427.0
      },
      "token_per_byte": {
        "count": 2,
        "min": 0.212649,
        "mean": 0.23298,
        "max": 0.253311
      },
      "tokens_per_char": {
        "count": 2,