model_id,objective,alpha,epsilon,layer,relative_change_mean,relative_change_median,relative_change_p05,relative_change_p95,relative_change_max,relative_change_min,relative_change_n,cumulative_condition_mean,cumulative_condition_median,cumulative_condition_p05,cumulative_condition_p95,cumulative_condition_max,cumulative_condition_min,cumulative_condition_n,incremental_condition_mean,incremental_condition_median,incremental_condition_p05,incremental_condition_p95,incremental_condition_max,incremental_condition_min,incremental_condition_n
hard_a0.05,hard_teacher_ce,0.05,0.001,0,0.0010000000365835149,0.0010000000474974513,0.0009999999310821295,0.0010000001639127731,0.0010000001639127731,0.0009999999310821295,32,1.0,1.0,1.0,1.0,1.0,1.0,32,,,,,,,
hard_a0.05,hard_teacher_ce,0.05,0.001,1,0.0007570400721306214,0.0007555566553492099,0.0007424647628795356,0.0007704777730396017,0.0007734615355730057,0.0007375557906925678,32,0.7570400444095478,0.7555566634501156,0.74246476640058,0.770477736443873,0.7734614988355558,0.7375557556605492,32,0.7570400444095478,0.7555566634501156,0.74246476640058,0.770477736443873,0.7734614988355558,0.7375557556605492,32.0
hard_a0.05,hard_teacher_ce,0.05,0.001,2,0.0006618584648094838,0.0006617733743041754,0.0006448272091802209,0.0006764973542885855,0.0006824326701462269,0.0006426980253309011,32,0.6618584406140016,0.6617733813876301,0.6448271785525734,0.6764973221566869,0.6824326377324159,0.6426979948043844,32,0.8742602879551831,0.874621241682766,0.8633236091474586,0.885580904785922,0.8859616376875246,0.8591594898519244,32.0
hard_a0.05,hard_teacher_ce,0.05,0.001,3,8.20340839027267e-05,5.812471863464452e-05,2.1884717534703667e-05,0.00019524219023878684,0.00033622884075157344,2.0156072423560545e-05,32,0.08203408079862821,0.05812471925592624,0.02188471649523541,0.19524217039865388,0.3362288247815612,0.020156071466198522,32,0.12330208388289411,0.0879711793362456,0.03379912108205994,0.2909889716957318,0.49761545714434624,0.031067253888557782,32.0
hard_a0.05,hard_teacher_ce,0.05,0.001,4,8.274629095694763e-05,5.8664527387009e-05,2.3218515707412735e-05,0.000195452083426062,0.0003362801799084991,2.163542012567632e-05,32,0.08274628782584018,0.0586645280109749,0.02321851460459247,0.19545206356821973,0.3362801639360484,0.021635419098049054,32,1.018690529796268,1.0101139409138318,1.0010845737070964,1.0683117237383444,1.0733946411299136,1.000152691116,32.0
hard_a0.05,hard_teacher_ce,0.05,0.001,5,8.263565655397542e-05,5.860607780050486e-05,2.283195872223587e-05,0.00019537444750312714,0.0003361415001563728,2.129457425326109e-05,32,0.08263565342736562,0.05860607842538074,0.02283195763777607,0.1953744276517892,0.336141484190509,0.021294573241823135,32,0.9970893695662889,0.999022555387782,0.9875504755174151,1.0009994397208408,1.0030605854195878,0.9701314484304028,32.0
hard_a0.05,hard_teacher_ce,0.05,0.001,6,8.399997528840686e-05,5.968498044239823e-05,2.53698131928104e-05,0.00019588035938795654,0.0003363313153386116,2.3942482584971003e-05,32,0.083999972110334,0.05968498107433831,0.02536981198780899,0.1958803394986895,0.3363312993637321,0.023942481447764157,32,1.0332878580700506,1.0194905734730546,1.0024484421419213,1.1111714621273479,1.1243466199520007,1.0005646883296186,32.0
hard_a0.05,hard_teacher_ce,0.05,0.001,7,8.455741811985718e-05,6.011385085002985e-05,2.6168392287218013e-05,0.0001961357658728957,0.0003363817813806236,2.4790531824692152e-05,32,0.08455741492032295,0.06011385148502925,0.026168391044286133,0.1961357459617519,0.3363817654033471,0.02479053064720513,32,1.0123537379352108,1.0078097274025404,1.001056639251243,1.0379820033882023,1.0411689397262225,1.0001500485970543,32.0
hard_a0.05,hard_teacher_ce,0.05,0.001,8,8.537629059901519e-05,6.0582049627555534e-05,2.7702961233444512e-05,0.00019648278976092115,0.0003365040465723723,2.6026558771263808e-05,32,0.08537628736822855,0.06058205025784011,0.02770295991762452,0.19648276982257243,0.3365040305892885,0.02602655753506866,32,1.018325879141686,1.008356533475761,1.0015256110020996,1.0676674751516366,1.072131737640861,1.0003634715032632,32.0
hard_a0.05,hard_teacher_ce,0.05,0.001,9,8.570019173248511e-05,6.089625821914524e-05,2.755843561317306e-05,0.0001967807489563711,0.00033668987452983856,2.6711948521551676e-05,32,0.08570018849084561,0.06089625885961726,0.027558434304217668,0.19678072899107513,0.3366898585379284,0.02671194725280226,32,1.0060564998233401,1.0047799530198178,0.9997800585598335,1.0230582715243528,1.0263342440432277,0.9685781438053762,32.0
hard_a0.05,hard_teacher_ce,0.05,0.001,10,8.698073116875094e-05,6.183207733556628e-05,2.94539898277435e-05,0.00019751297440961935,0.0003370078338775784,2.8735037631122395e-05,32,0.08698072787855213,0.061832077984674966,0.02945398842875412,0.19751295437140062,0.33700781787056594,0.02873503626628141,32,1.0258212764272465,1.0167591526735333,1.0034755859135276,1.0731088856924964,1.077400339546462,1.0009443686068191,32.0
hard_a0.05,hard_teacher_ce,0.05,0.001,11,8.897165457710798e-05,6.455514812842011e-05,3.230525726394262e-05,0.00019811927923001348,0.00033682299545034766,3.1543222576146945e-05,32,0.08897165121561561,0.06455514506221526,0.03230525572952531,0.19811925913001388,0.3368229794521146,0.03154322107792434,32,1.037927018962975,1.0252633998676235,1.0030737766796152,1.1032897342198917,1.114140099639263,0.9994515307697629,32.0
hard_a0.05,hard_teacher_ce,0.05,0.001,12,9.383935662299336e-05,6.866600233479403e-05,3.968439668824431e-05,0.00019978998534497805,0.0003370707272551954,3.8488000427605584e-05,32,0.09383935310886357,0.06866599907333408,0.039684394803336694,0.19978996509187488,0.33707071124519566,0.038487998599523746,32,1.084495583107519,1.068054036607184,1.0084713772477503,1.2077353228634358,1.2548834336500825,1.0007354955219625,32.0
hard_a0.05,hard_teacher_ce,0.05,0.001,13,9.467094378123875e-05,6.985796426306479e-05,3.974371247750241e-05,0.00020025829362566583,0.0003369399346411228,3.905396079062484e-05,32,0.09467094023148762,0.0698579609449897,0.03974371058977746,0.20025827332075377,0.33693991863733547,0.039053958935661326,32,1.0122376605752452,1.0065526270726957,1.0000234091379863,1.0355774301465954,1.0713549758362622,0.9916370267511485,32.0
hard_a0.05,hard_teacher_ce,0.05,0.001,14,9.578205572324805e-05,7.227792593766935e-05,4.06109260438825e-05,0.000200947326811729,0.0003370441263541579,4.004841684945859e-05,32,0.09578205212091567,0.07227792250465226,0.040610924114967105,0.20094730643802686,0.3370441103454217,0.040048414947260955,32,1.0165012123014714,1.0120499673770174,1.0024266440799117,1.0438770069057406,1.0595599179688435,1.0003092293382976,32.0
hard_a0.05,hard_teacher_ce,0.05,0.001,15,9.483992369041516e-05,7.391411054413766e-05,4.056840443809051e-05,0.00020138904874329454,0.00033721060026437044,3.905721314367838e-05,32,0.09483992008233888,0.07391410299424125,0.040568402511194784,0.2013890283363215,0.33721058424772715,0.03905721128856039,32,0.9906606944442562,1.000689108195934,0.9210685838738157,1.0290759929779796,1.0508201127798593,0.8639163681186421,32.0
hard_a0.05,hard_teacher_ce,0.05,0.001,16,9.690471313206217e-05,7.79393085394986e-05,4.317249695304781e-05,0.00020243347680661827,0.0003367131284903735,4.109452129341662e-05,32,0.09690470943885994,0.07793930061170837,0.04317249490246434,0.20243345629355425,0.3367131124973588,0.04109451934153169,32,1.0315354918073214,1.0256074716611583,1.0041802394162516,1.0702041033734973,1.0802488762412479,0.998524744555459,32.0
hard_a0.05,hard_teacher_ce,0.05,0.001,17,0.00010963792033180653,9.297224096371792e-05,6.03624712312012e-05,0.00020880065058008767,0.00033840490505099297,5.9443376812851056e-05,32,0.1096379161589282,0.09297223706518959,0.0603624683641378,0.20880062950140107,0.3384048889776232,0.05944337398944229,32,1.1862729325915136,1.1805858602300359,1.0316221282788822,1.3974932794795718,1.4470654859748286,1.0050243855005132,32.0
hard_a0.05,hard_teacher_ce,0.05,0.001,18,0.00011467471722426126,9.859132478595711e-05,6.640637293457985e-05,0.0002110176341375336,0.0003357872774358839,6.404007581295446e-05,32,0.11467471285209872,0.09859132041823646,0.06640636978044653,0.21101761286881301,0.3357872614868448,0.06404007277121422,32,1.0588433186224746,1.0598453142720579,1.0078575005983437,1.1112066689290068,1.1240976179173814,0.9922648059291143,32.0
hard_a0.05,hard_teacher_ce,0.05,0.001,19,0.00012066545286870678,0.00010650021431501955,7.32530465029413e-05,0.00021358063531806692,0.00033173535484820604,6.967705121496692e-05,32,0.12066544827352611,0.10650020936273008,0.07325304302360844,0.2135806137892849,0.33173533909162295,0.06967704790548473,32,1.0649097814460573,1.069393485220877,1.0101525259067243,1.112026599800498,1.1190579953394684,0.9879330669743689,32.0
hard_a0.05,hard_teacher_ce,0.05,0.001,20,0.0001310438760810939,0.00011829317372757941,8.525984812877141e-05,0.00021793253836221993,0.00032761323382146657,8.129506750265136e-05,32,0.13104387112557542,0.11829316809252205,0.08525984407914611,0.21793251645890524,0.3276132182606737,0.08129506364134303,32,1.1035242325432404,1.1171917239191658,1.0204576004199917,1.1653667340215148,1.1694583692378708,0.9875740678028555,32.0
hard_a0.05,hard_teacher_ce,0.05,0.001,21,0.0001409787321335898,0.0001315635599894449,9.730233250593301e-05,0.000221766149479663,0.0003199678030796349,9.090640378417447e-05,32,0.1409787268283669,0.13156353842450047,0.09730232788432043,0.22176612476768714,0.3199677878819805,0.09090639946635219,32,1.0882140870219978,1.1001437676603523,1.0129115992699769,1.1407636363628475,1.1467076721145133,0.9766632420410769,32.0
hard_a0.05,hard_teacher_ce,0.05,0.001,22,0.00014734261685589445,0.00014250710228225216,0.00010416178483865223,0.0002222668241302017,0.0003073940461035818,9.695027983980253e-05,32,0.14734261130309237,0.14250707892352166,0.10416177989123317,0.22226679939684335,0.30739403150314876,0.09695027523491155,32,1.052926306777963,1.061635038194518,1.0009004485527269,1.088421661005188,1.096988598927586,0.9607030555729893,32.0
hard_a0.05,hard_teacher_ce,0.05,0.001,23,0.00015098283347469987,0.000147404229210224,0.0001075057778507471,0.00022003464691806583,0.0002915116783697158,9.953180415323004e-05,32,0.15098282779603073,0.14740422220889915,0.10750577274449691,0.22003462254708156,0.29151166452365473,0.09953179942572324,32,1.029377051420964,1.0335683523268309,0.9832424676419533,1.0628601882493411,1.0663382785973277,0.9483322206946255,32.0
hard_a0.05,hard_teacher_ce,0.05,0.001,24,0.000153985007045776,0.00014708337403135374,0.00010954388308164198,0.00021687933185603469,0.0002746513346210122,0.00010210197069682181,32,0.1539850012611035,0.1470833670452687,0.10954387787858698,0.21687930789152832,0.27465132157577443,0.10210196584723866,32,1.0242516868754257,1.028623047390605,0.9844492615669419,1.0554927563950127,1.0582436956035164,0.9421623729004773,32.0
hard_a0.05,hard_teacher_ce,0.05,0.001,25,0.00015087708379724063,0.0001411302073393017,0.00010704303822421935,0.0002084866377117578,0.0002528383338358253,0.00010048946569440886,32,0.1508770781270376,0.14113020872077778,0.10704303313994809,0.20848661464738896,0.25283832182664945,0.10048946092141559,32,0.9821219782182602,0.985316198722458,0.9545699244427995,1.0057961243449967,1.017161898327556,0.9205793016979642,32.0
hard_a0.05,hard_teacher_ce,0.05,0.001,26,0.00014417425336432643,0.00013405281060840935,0.00010228690443909727,0.00019450285035418346,0.00022818266006652266,9.690249862615019e-05,32,0.14417424797363754,0.13405281200051963,0.10228689958073024,0.19450282884584705,0.22818264922842837,0.0969024940235287,32,0.9576678556609706,0.9610751665556916,0.9322595724315466,0.9777641661472146,0.9806626068975499,0.9024844318689734,32.0
hard_a0.05,hard_teacher_ce,0.05,0.001,27,0.00013786483646072156,0.0001267403204110451,9.416038446943275e-05,0.00018621792551130057,0.00021062084124423563,8.849034202285111e-05,32,0.1378648312910319,0.1267403217281824,0.09416037999705469,0.18621791666642415,0.21062083124028297,0.0884903378197856,32,0.9542356789172204,0.9506674243022274,0.9208355015032943,0.994138204258997,1.001552213598724,0.9131894768188261,32.0
hard_a0.05,hard_teacher_ce,0.05,0.001,28,0.0002600147067823855,0.00024630070402054116,0.00019466163794277236,0.00033633111452218144,0.00038015327299945056,0.00018230159184895456,32,0.26001469713234715,0.24630072099506237,0.19466162869684112,0.3363311163392794,0.38015325494313984,0.18230158319009399,32,1.909509464934353,1.9499349585751156,1.661193507778278,2.0897556011840694,2.115182607776967,1.32275980371091,32.0
hard_a0.05,hard_teacher_ce,0.05,0.003,0,0.0030000000406289473,0.003000000026077032,0.0029999997932463884,0.0030000002589076757,0.0030000004917383194,0.0029999997932463884,32,1.0,1.0,1.0,1.0,1.0,1.0,32,,,,,,,
hard_a0.05,hard_teacher_ce,0.05,0.003,1,0.0022711195051670074,0.002266725292429328,0.0022274130140431227,0.0023113914881832897,0.0023203976452350616,0.002212628722190857,32,0.7570398250145417,0.755575090908724,0.7424709605520743,0.7704638496135626,0.7734659350506458,0.7375428437451178,32,0.7570398250145417,0.755575090908724,0.7424709605520743,0.7704638496135626,0.7734659350506458,0.7375428437451178,32.0
hard_a0.05,hard_teacher_ce,0.05,0.003,2,0.0019855807076964993,0.0019853608682751656,0.0019345999404322355,0.0020295254536904393,0.0020474004559218884,0.0019281499553471804,32,0.6618602271686764,0.661786950339242,0.6448666462256877,0.6765085075490376,0.6824668127083932,0.642716546432942,32,0.8742628929592833,0.8745972300012982,0.8633370172773259,0.8855621907594351,0.8860059706413074,0.8591866998154762,32.0
hard_a0.05,hard_teacher_ce,0.05,0.003,3,0.000246449133896931,0.00017384272359777242,6.619335545110516e-05,0.0005863231373950838,0.0010111869778484106,5.9091264120070264e-05,32,0.08214971032957398,0.05794757625860422,0.022064449912816572,0.19544104300155152,0.33706232301960853,0.019697087868809558,32,0.12347630146051083,0.0884984728071468,0.03407626182837909,0.2912977182982541,0.49884541175221975,0.03035978989550729,32.0
hard_a0.05,hard_teacher_ce,0.05,0.003,4,0.00024858741130628914,0.00017546741582918912,7.016809067863505e-05,0.0005869506218004972,0.0010113384341821074,6.362424028338864e-05,32,0.08286246945296712,0.05848914035015282,0.023389361540983273,0.195650204462331,0.3371128084637353,0.021208079910114953,32,1.0188267543445502,1.0100183709666923,1.0010788009801075,1.068988191697777,1.0767114434057057,1.0001497807398778,32.0
hard_a0.05,hard_teacher_ce,0.05,0.003,5,0.00024825610285006405,0.00017529120668768883,6.902597160660662e-05,0.0005867172323632985,0.0010109228314831853,6.25834145466797e-05,32,0.08275203330485663,0.05843040396889894,0.02300865521649639,0.1955724079862234,0.33697427423196546,0.02086113800089438,32,0.997086546149043,0.9990200426110959,0.9872877636584617,1.0009694892537468,1.0030236712431289,0.9709347541437948,32.0
hard_a0.05,hard_teacher_ce,0.05,0.003,6,0.0002523543616916868,0.00017853755707619712,7.658800204808358e-05,0.0005882302415557205,0.0010114861652255058,7.067548722261563e-05,32,0.084118119560191,0.0595125207949849,0.025529331812781206,0.19607674435874292,0.33716205214444006,0.023558495536093328,32,1.0334803282847533,1.019398318888498,1.0024295182962428,1.1096090377195504,1.1293005940080212,1.0005572470269506,32.0
hard_a0.05,hard_teacher_ce,0.05,0.003,7,0.0002540319346735487,0.00017982693680096418,7.897160103311762e-05,0.0005889464722713455,0.001011815620586276,7.326041668420658e-05,32,0.0846773105451884,0.05994231404863254,0.026323864739222328,0.19631548792301873,0.33727187059707553,0.024420138682467278,32,1.0124209159513518,1.0078043123830223,1.0010513230613056,1.038583510269599,1.0410059909919305,1.000325714154179,32.0
hard_a0.05,hard_teacher_ce,0.05,0.003,8,0.00025648844280112826,0.00018123052723240107,8.354042438440956e-05,0.0005899846408283338,0.0010121806990355253,7.702012226218358e-05,32,0.08549614656739477,0.06041017753353291,0.027846805724885938,0.19666154409313963,0.3373935634124342,0.025673373864232726,32,1.0183999698248978,1.0081929531192633,1.0015175111514574,1.0686343393395459,1.0706001427635194,1.0003608151938173,32.0
hard_a0.05,hard_teacher_ce,0.05,0.003,9,0.00025746499500201026,0.00018218169861938804,8.304772636620328e-05,0.0005908759892918169,0.0010127355344593525,7.910720159998164e-05,32,0.0858216639673248,0.06072723467668578,0.02768257306632421,0.19695866023902223,0.3375785085521023,0.026369066970784876,32,1.0061338861147715,1.0047289600082525,0.9997947303425707,1.023503310740203,1.0270978450370858,0.969340842140972,32.0
hard_a0.05,hard_teacher_ce,0.05,0.003,10,0.00026131110575988714,0.0001849974796641618,8.871012942108791e-05,0.0005930674466071651,0.0010136842029169202,8.52538287290372e-05,32,0.08710370086736675,0.061665828385880556,0.02957004058839248,0.19768914599839169,0.3378947313685428,0.028417942662660532,32,1.025895807475306,1.016516804364211,1.0034584723210185,1.0748537125686513,1.0776999692156597,1.000936738590963,32.0
hard_a0.05,hard_teacher_ce,0.05,0.003,11,0.00026729180922302476,0.00019358890131115913,9.731031750561669e-05,0.0005948729842202737,0.001013118657283485,9.37570512178354e-05,32,0.08909726865538471,0.06452963320947261,0.03243676970249601,0.19829099186092836,0.33770621615903634,0.03125235013428895,32,1.0379961869867933,1.0247680988247176,1.0030471586283398,1.1043574982142002,1.112459481740168,0.9994420889347907,32.0
hard_a0.05,hard_teacher_ce,0.05,0.003,12,0.00028193800289955107,0.0002071568014798686,0.00011932471934414935,0.0005998197157168761,0.0010140208760276437,0.00011468516458990052,32,0.09397933313440604,0.06905226929864128,0.03977490301537388,0.1999399023156082,0.3380069557378085,0.03822838786433921,32,1.0846195417728417,1.0672990735737422,1.0083485693080025,1.2077791981894122,1.2547448581059473,1.000890536106183,32.0
hard_a0.05,hard_teacher_ce,0.05,0.003,13,0.0002844532616563811,0.00021070609363960102,0.00011948108003707602,0.000601196350180544,0.00101362238638103,0.00011645741324173287,32,0.09481775271691459,0.07023536675212178,0.039827023241851334,0.20039878046876503,0.3378741258567586,0.03881913740981499,32,1.012257013536353,1.006612583920104,1.000015928045291,1.0347001598131942,1.071071348862848,0.9913729371456164,32.0
hard_a0.05,hard_teacher_ce,0.05,0.003,14,0.0002877878298477299,0.00021660215134033933,0.00012172092938271817,0.0006031917262589559,0.0010139269288629293,0.00012028292985633016,32,0.09592927544600566,0.07220071648585298,0.04057363962596381,0.20106390581527508,0.33797564001650926,0.04009430960359652,32,1.0164947494589656,1.0121325938461498,1.0024108196911072,1.043662016284414,1.057636075504962,1.0003004496408041,32.0
hard_a0.05,hard_teacher_ce,0.05,0.003,15,0.00028488366774581664,0.0002219003508798778,0.00012139924765506294,0.0006045508838724345,0.001014330075122416,0.0001177493977593258,32,0.09496122144315314,0.07396678569759244,0.040466413778544215,0.20151695833157932,0.3381100221018367,0.039249795865750794,32,0.9905114192778768,1.0006083298540025,0.9225841716869726,1.029044857416007,1.0498867838245056,0.8639548252169973,32.0
hard_a0.05,hard_teacher_ce,0.05,0.003,16,0.00029107215459589497,0.00023401003272738308,0.00012923420290462674,0.0006076676829252391,0.0010127270361408591,0.00012383240391500294,32,0.09702405037098968,0.07800334640256829,0.043078065397115596,0.20255589133412635,0.3375756757792958,0.04127746440931686,32,1.031521157702372,1.025558409206261,1.0041423833154448,1.0706648786628776,1.0810732611346645,0.9984196081523429,32.0
hard_a0.05,hard_teacher_ce,0.05,0.003,17,0.0003292352703283541,0.0002800767688313499,0.00018126191134797408,0.0006267760676564649,0.0010177299845963717,0.00017787260003387928,32,0.10974508876881876,0.09335892558630697,0.06042063190153624,0.2089253527142717,0.33924332524997086,0.05929086616258315,32,1.186012368878818,1.1772950800926605,1.0315963247969757,1.3993866720683983,1.4436781422795497,1.004940075930605,32.0
hard_a0.05,hard_teacher_ce,0.05,0.003,18,0.00034433886139595415,0.0002968553308164701,0.00019905040026060305,0.0006334100296953693,0.0010098039638251066,0.00019246802548877895,32,0.11477961906782588,0.09895177981685362,0.06635012998482426,0.2111366733156976,0.33660131834918106,0.06415600295943244,32,1.0587995246115218,1.060040316750848,1.0077496060071376,1.1120819039514263,1.1246697393054301,0.9922120592974291,32.0
hard_a0.05,hard_teacher_ce,0.05,0.003,19,0.0003622965900831332,0.0003205503599019721,0.0002196124492911622,0.0006410891364794225,0.0009976192377507687,0.00020934143685735762,32,0.12076552857767277,0.10685012315177932,0.07320414598754763,0.21369637554069407,0.332539743026373,0.06978047293021919,32,1.0648280690526746,1.069239894490043,1.0100011755811438,1.112550719602644,1.1189157426442131,0.9879335727419978,32.0
hard_a0.05,hard_teacher_ce,0.05,0.003,20,0.0003934024507543654,0.00035579592804424465,0.0002556633422500454,0.0006542109127622098,0.000985015300102532,0.0002441459510009736,32,0.13113414866319364,0.11859864626008446,0.08522110970238304,0.21807030081761994,0.32833843051348005,0.08138197664351839,32,1.1033810183772244,1.1170383935011103,1.0205382898098045,1.165142070436475,1.1700952044374835,0.9873659837628497,32.0
hard_a0.05,hard_teacher_ce,0.05,0.003,21,0.00042317020688642515,0.0003946899378206581,0.00029181472200434655,0.0006654859345871956,0.0009616603492759168,0.00027294305618852377,32,0.14105673390607437,0.13156331142722547,0.09727156976540027,0.2218286446014416,0.3205534469722781,0.0909810108776139,32,1.0880968919816998,1.1000082439408587,1.0127118202580552,1.1409988491150085,1.1470576547281923,0.9762897583172728,32.0
hard_a0.05,hard_teacher_ce,0.05,0.003,22,0.0004422399770191987,0.00042740689241327345,0.00031248527666321023,0.0006671510287560523,0.0009237169288098812,0.0002910519833676517,32,0.14741332388201414,0.14246896287909938,0.10416175707353804,0.2223836759466715,0.30790564026020534,0.09701731941637434,32,1.0528503579400927,1.061701007956022,1.0008809053112906,1.0883231593900369,1.0971896472494467,0.960543844305731,32.0
hard_a0.05,hard_teacher_ce,0.05,0.003,23,0.0004531318227236625,0.0004423502687131986,0.0003226013097446412,0.000660450622672215,0.0008758389740251005,0.0002987878688145429,32,0.15104393907498495,0.1474500826361561,0.10753376791959714,0.22015020710489588,0.2919463221373356,0.09959594767612918,32,1.0293181203879114,1.0335466949705956,0.9830868968833574,1.062920413387793,1.0664352173309262,0.9481681527191812,32.0
hard_a0.05,hard_teacher_ce,0.05,0.003,24,0.0004621108646460925,0.0004419725155457854,0.00032875244796741753,0.0006510268372949213,0.0008250330574810505,0.00030648449319414794,32,0.15403695302650422,0.14732415932470772,0.10958414730239457,0.21700894524637607,0.2750110167698598,0.10216148891458476,32,1.0241947180075304,1.0285578247953837,0.9843583697713467,1.0552902044994852,1.058414375042628,0.9419917153143337,32.0
hard_a0.05,hard_teacher_ce,0.05,0.003,25,0.0004527497494564159,0.00042373967880848795,0.00032125737197929993,0.0006258446141146123,0.000759329937864095,0.0003016125992871821,32,0.15091658136706704,0.14124655837506564,0.10708578871193261,0.20861487091148398,0.25310997708791266,0.10053752441908177,32,0.9820590377710108,0.9852933443484332,0.9543632342421169,1.0057290417657203,1.016775899428316,0.9203630460365346,32.0
hard_a0.05,hard_teacher_ce,0.05,0.003,26,0.0004326137104726513,0.0004025569069199264,0.00030696755420649423,0.0005838462442625314,0.0006851594080217183,0.00029082121909596026,32,0.14420456846619384,0.13418563447358778,0.10232251622217364,0.19461541431463786,0.228386467355359,0.0969403979991157,32,0.9576206976218422,0.961179072633839,0.9321919278854374,0.977659757960513,0.9805100527311692,0.9023210779084918,32.0
hard_a0.05,hard_teacher_ce,0.05,0.003,27,0.00041367054200236453,0.000380461075110361,0.00028258680395083503,0.0005588429921772331,0.0006322120898403227,0.0002655901189427823,32,0.1378901791031077,0.12682035726775415,0.09419559962750591,0.18628098922749262,0.21073736144830593,0.08853003200722583,32,0.954227669924808,0.9506415636149643,0.9208727538029403,0.9939873522581647,1.0016872160378574,0.9132418871236055,32.0
hard_a0.05,hard_teacher_ce,0.05,0.003,28,0.0007800418952683685,0.0007390999235212803,0.0005841837002662942,0.001008557650493458,0.0011410138104110956,0.0005469157476909459,32,0.26001396217527983,0.24636663903225653,0.19472789993640777,0.33618588057557597,0.38033793349767037,0.1823052334969072,32,1.9091677688875448,1.9495236618058271,1.660568542612744,2.089687351135124,2.115770380618352,1.3214414710696794,32.0
hard_a0.05,hard_teacher_ce,0.05,0.01,0,0.010000000067520887,0.009999999776482582,0.009999999776482582,0.010000000707805157,0.010000000707805157,0.009999998845160007,32,1.0,1.0,1.0,1.0,1.0,1.0,32,,,,,,,
hard_a0.05,hard_teacher_ce,0.05,0.01,1,0.007570396599476226,0.007556571625173092,0.007424979843199253,0.007704042107798159,0.007733939681202173,0.0073752254247665405,32,0.7570396546977554,0.7556571794075634,0.742497993818584,0.7704042279996923,0.77339398540692,0.7375225589615678,32,0.7570396546977554,0.7556571794075634,0.742497993818584,0.7704042279996923,0.77339398540692,0.7375225589615678,32.0
hard_a0.05,hard_teacher_ce,0.05,0.01,2,0.006618725557927974,0.00661835353821516,0.0064498235704377295,0.006765240128152073,0.006825742311775684,0.006428341381251812,32,0.6618725512873795,0.6618353069764717,0.6449823714602524,0.6765240279366976,0.6825742464342918,0.6428340926250526,32,0.8742792673902278,0.8744673464874015,0.8633847675959075,0.8854699389406548,0.8861482572075638,0.8592211007030293,32.0
hard_a0.05,hard_teacher_ce,0.05,0.01,3,0.0008238707982854976,0.0005785488756373525,0.0002234456165751908,0.0019670475856401024,0.0033908821642398834,0.00019487904501147568,32,0.08238707882467092,0.057854888754921896,0.02234456215695896,0.196704744641147,0.33908822400320077,0.01948790493673619,32,0.12383677584517276,0.08835191008057805,0.03450350237248079,0.2932253613652833,0.5017935561254723,0.030037227719602867,32.0
hard_a0.05,hard_teacher_ce,0.05,0.01,4,0.000831016409847507,0.0005839838995598257,0.00023656157572986557,0.001969110238132998,0.0033913690131157637,0.0002101289719576016,32,0.08310163997724805,0.05839839115528584,0.023656158101742895,0.196911009875837,0.339136908891877,0.021012897665435022,32,1.0189972691580382,1.0098177811023423,1.0010540667993626,1.0710287434103707,1.0782532926781734,1.0001435758756274,32.0
hard_a0.05,hard_teacher_ce,0.05,0.01,5,0.0008299054516101023,0.0005833906470797956,0.0002328493501408957,0.0019683307909872383,0.0033899734262377024,0.00020662473980337381,32,0.08299054415389498,0.05833906590840114,0.023284935534548436,0.19683306516677795,0.33899735020095145,0.020662474442179675,32,0.9971010328075944,0.9990047342529511,0.9872956334496936,1.0009341166037735,1.0028525319547077,0.9722067782498119,32.0
hard_a0.05,hard_teacher_ce,0.05,0.01,6,0.0008436281764261366,0.0005942343559581786,0.0002578040192020126,0.0019733023073058575,0.0033917161636054516,0.0002338269114261493,32,0.08436281663204001,0.059423436815133276,0.025780402496438155,0.19733021676345125,0.3391716239416217,0.023382691665258817,32,1.033816029277704,1.0189626217975793,1.0024422360515413,1.1073461554749415,1.1316501191902837,1.000514085849246,32.0
hard_a0.05,hard_teacher_ce,0.05,0.01,7,0.0008492641504744824,0.0005985359312035143,0.0002656923359609209,0.001975779631175101,0.0033930137287825346,0.0002425093116471544,32,0.08492641403407207,0.05985359434760572,0.026569234189960753,0.19757794913284096,0.3393013804622303,0.024250931706766003,32,1.012559593345376,1.0076358187678967,1.0010747621459484,1.0384703831771984,1.0420747816033582,1.0003825689162926,32.0
hard_a0.05,hard_teacher_ce,0.05,0.01,8,0.0008574932562623871,0.0006031935336068273,0.0002806295407935977,0.001979284209664911,0.0033942379523068666,0.0002551284560468048,32,0.08574932460568542,0.06031935458363765,0.028062954706615687,0.19792840695701638,0.33942380281739987,0.02551284617493703,32,1.0185802679854454,1.008063745233144,1.0015236048695155,1.0674944250101734,1.0715375828676073,1.0003608071237517,32.0
hard_a0.05,hard_teacher_ce,0.05,0.01,9,0.0008607891586507321,0.0006064052577130497,0.000278865869040601,0.001982206938555464,0.0033960656728595495,0.0002621534513309598,32,0.08607891484224739,0.06064052701263359,0.0278865875273739,0.19822067982538447,0.33960657487675344,0.02621534571905462,32,1.006296647649043,1.0046808629973532,0.9998913544910198,1.0242650515115337,1.0275351303143787,0.9712352654437895,32.0
hard_a0.05,hard_teacher_ce,0.05,0.01,10,0.0008736316176509717,0.0006158141186460853,0.0002975390641950071,0.0019893403397873042,0.003399108536541462,0.0002827825956046581,32,0.08736316073732824,0.061581413126239014,0.029753907084552358,0.19893401989807794,0.339910861251746,0.028278260192534183,32,1.0260396699905243,1.0168081502213808,1.0033999203634423,1.0756402914792829,1.078691103126675,1.0008959967135589,32.0
hard_a0.05,hard_teacher_ce,0.05,0.01,11,0.0008937090024119243,0.0006305855640675873,0.0003264769402449019,0.0019951583235524595,0.0033971441444009542,0.00031108016264624894,32,0.08937089920840693,0.06305855482653998,0.032647694754223036,0.19951581823341344,0.3397144220333045,0.031108016959943256,32,1.0382765371369194,1.024961477234684,1.0029254940107983,1.1038969544484312,1.1096221895670124,0.9994220860795147,32.0
hard_a0.05,hard_teacher_ce,0.05,0.01,12,0.0009429974415979814,0.0006847274780739099,0.00039912479551276194,0.0020114348735660315,0.003400219138711691,0.00038006596150808036,32,0.09429974312625171,0.0684727461723047,0.039912480443389645,0.20114347311956438,0.34002192147125126,0.038006597000321676,32,1.085052683826818,1.0678643267006922,1.0081789028581623,1.2051233386621085,1.2543689915627778,1.0009051703960825,32.0
hard_a0.05,hard_teacher_ce,0.05,0.01,13,0.0009518372862657998,0.0006948555819690228,0.0003995035251136869,0.002015778876375407,0.003398759523406625,0.0003862940357066691,32,0.09518372759450491,0.06948555656696534,0.039950353404328676,0.20157787336975486,0.33987595993748215,0.038629404434101386,32,1.01261045698847,1.0072845206324392,0.9996827007448326,1.032186251693773,1.0753821065994393,0.9908079718359509,32.0
hard_a0.05,hard_teacher_ce,0.05,0.01,14,0.00096299472352257,0.0007103345415089279,0.00040700020908843724,0.0020221240585669873,0.003399641951546073,0.0003990900586359203,32,0.09629947132031699,0.07103345573861425,0.040700021818560105,0.2022123915440014,0.3399642027533994,0.03990900675562784,32,1.0165102682671168,1.0122051068126097,1.0023948741949096,1.0439927361764731,1.0527175201956276,1.0002596324139355,32.0
hard_a0.05,hard_teacher_ce,0.05,0.01,15,0.0009520714702375699,0.0007311041408684105,0.00040415964322164654,0.0020269077154807746,0.0034010554663836956,0.0003957155277021229,32,0.09520714597179401,0.07311041572098617,0.040415965225531876,0.20269075720152113,0.3401055542403211,0.039571553654705445,32,0.9896480972982405,1.000129531927219,0.9223424091398005,1.0290661045802907,1.0470401612963744,0.8548648884140408,32.0
hard_a0.05,hard_teacher_ce,0.05,0.01,16,0.0009726802873046836,0.0007722280279267579,0.0004303590496419929,0.0020369801903143527,0.003395679872483015,0.00041576955118216574,32,0.09726802766897033,0.07722280451873997,0.04303590592612675,0.20369800461358545,0.33956799483823763,0.04157695604753396,32,1.0315553772955877,1.0260607248016533,1.0040243609657988,1.071259103853917,1.0820132351128193,0.998419433627645,32.0
hard_a0.05,hard_teacher_ce,0.05,0.01,17,0.0010996760211128276,0.0009459004795644432,0.0006051192758604884,0.0020998958498239517,0.003411737270653248,0.0005923747667111456,32,0.10996760099502387,0.09459004545290531,0.06051192893859585,0.20998957011922512,0.34117373469115203,0.059237477995175376,32,1.1856283385373443,1.1755366601343322,1.030976168183521,1.4003156879122836,1.438044096162234,1.0047287726679874,32.0
hard_a0.05,hard_teacher_ce,0.05,0.01,18,0.0011499459433252923,0.0010008629178628325,0.0006634300138102844,0.0021218804642558096,0.0033847461454570293,0.0006432628724724054,32,0.11499459319219726,0.10008628922959037,0.06634300286391011,0.2121880314068027,0.3384746221112003,0.06432628868504514,32,1.0587364440562612,1.0603144908918503,1.0077843446083956,1.115024873377246,1.1250158807421597,0.9920887445148874,32.0
hard_a0.05,hard_teacher_ce,0.05,0.01,19,0.0012096789323550183,0.0010790333035402,0.0007320809410884977,0.0021470773383043705,0.003343110205605626,0.0006990852416492999,32,0.12096789205950367,0.10790332768945807,0.07320809574517823,0.214707718633314,0.3343110280329964,0.0699085257275073,32,1.0646956490531267,1.069840648911169,1.0096750954811962,1.1146838264998284,1.1176577030685408,0.9876989475540768,32.0
hard_a0.05,hard_teacher_ce,0.05,0.01,20,0.0013131923788023414,0.0011958165559917688,0.0008524212462361902,0.00219021572265774,0.003300148993730545,0.0008147293119691312,32,0.13131923665375306,0.11958165270236264,0.08524212652892901,0.21902155676331528,0.3300149067494625,0.08147293301797509,32,1.1031750141880068,1.1176309981117831,1.0201216989716437,1.1642164911390185,1.1704885047240778,0.9871493282503685,32.0
hard_a0.05,hard_teacher_ce,0.05,0.01,21,0.001412235196767142,0.0013158705551177263,0.0009731030848342925,0.002224389708135277,0.0032209912315011024,0.0009103559423238039,32,0.141223518422546,0.1315870523360094,0.0973103106584842,0.22243895506918376,0.3220991303495868,0.09103559626718453,32,1.0879442427595638,1.100230967860368,1.0125852815751968,1.1411584329114015,1.1497916352201156,0.9760138822883989,32.0
hard_a0.05,hard_teacher_ce,0.05,0.01,22,0.0014756107357243309,0.0014239196316339076,0.001042502879863605,0.0022298704250715675,0.003092951839789748,0.0009704465628601611,32,0.14756107230965407,0.14239195973359275,0.10425029031653606,0.22298702672402,0.30929519089226104,0.09704465845513326,32,1.05270813615703,1.0621770177383973,1.0009585010052728,1.0884961739739576,1.09871203715937,0.9602484507069946,32.0
hard_a0.05,hard_teacher_ce,0.05,0.01,23,0.0015117068469407968,0.001469732727855444,0.0010781644203234463,0.002207089145667851,0.0029316586442291737,0.0009957930305972695,32,0.1511706834477065,0.14697326921361736,0.10781644444222997,0.22070889894489543,0.2931658709756852,0.09957930528549787,32,1.0292031234063943,1.0335723759356712,0.9830210177019998,1.0625948476703448,1.067246576220244,0.9478513717913115,32.0
hard_a0.05,hard_teacher_ce,0.05,0.01,24,0.0015415176058013458,0.0014787577674724162,0.0010984868742525578,0.002175495121628046,0.002760769799351692,0.0010212776251137257,32,0.15415175935888362,0.14787577329031198,0.10984868988056533,0.21754949676453905,0.2760769861059707,0.102127764794106,32,1.0241301289086846,1.0284138534774376,0.9843735994935061,1.0549669427798924,1.058564735529327,0.9417091600299824,32.0
hard_a0.05,hard_teacher_ce,0.05,0.01,25,0.0015100404743861873,0.0014172408846206963,0.0010733518342021854,0.0020910678780637682,0.002540208864957094,0.0010048431577160954,32,0.15100404627536163,0.14172408514378368,0.10733518581934688,0.20910677300569158,0.2540208921735188,0.10048431801760907,32,0.9819234432731188,0.9852904778336831,0.9539408012260449,1.0054713993971316,1.0167169258389015,0.9201089006238796,32.0
hard_a0.05,hard_teacher_ce,0.05,0.01,26,0.001442721519197221,0.0013473823782987893,0.0010254059743601829,0.001950582512654364,0.0022912852000445127,0.0009688144200481474,32,0.14427215082672504,0.13473823459909706,0.1025405997279793,0.19505823745911377,0.2291285251258729,0.09688144417028377,32,0.9575225271439062,0.961315513055056,0.9321898851836968,0.9775042017415908,0.9804549099279325,0.9020066151462762,32.0
hard_a0.05,hard_teacher_ce,0.05,0.01,27,0.001379492294290685,0.001271889777854085,0.0009441366622922942,0.0018636986147612332,0.002113959053531289,0.0008845510892570019,32,0.13794922842031576,0.127188974741141,0.09441366833953936,0.18636985774033896,0.21139591007819572,0.08845511090282598,32,0.9542127599129742,0.9505211363362035,0.9210591294349015,0.9938834342968937,1.0021029160744437,0.9130242809691479,32.0
hard_a0.05,hard_teacher_ce,0.05,0.01,28,0.0025996554650191683,0.0024627861566841602,0.0019509153789840639,0.0033532828208990397,0.0038098921068012714,0.0018200773047283292,32,0.259965544779059,0.24627859823668985,0.19509154225904216,0.33532828958507527,0.3809892191958998,0.18200773454102281,32,1.9081674582907575,1.949834325243272,1.6558348834113523,2.089830534330649,2.116464911923167,1.3173819592406313,32.0
hard_a0.1,hard_teacher_ce,0.1,0.001,0,0.0010000000256695785,0.0010000000474974513,0.0009999999310821295,0.0010000001639127731,0.0010000001639127731,0.0009999999310821295,32,1.0,1.0,1.0,1.0,1.0,1.0,32,,,,,,,
hard_a0.1,hard_teacher_ce,0.1,0.001,1,0.0007667560039408272,0.000765340548241511,0.0007530680828494951,0.0007798763457685709,0.000782787858042866,0.0007493108278140426,32,0.7667559844179412,0.7653404673513068,0.7530679988079633,0.7798763995159916,0.7827877297339584,0.749310704992447,32,0.7667559844179412,0.7653404673513068,0.7530679988079633,0.7798763995159916,0.7827877297339584,0.749310704992447,32.0
hard_a0.1,hard_teacher_ce,0.1,0.001,2,0.0006730183613399277,0.000672830268740654,0.000657341003534384,0.0006886836345074698,0.0006932557444088161,0.0006543606286868453,32,0.6730183442165778,0.6728302760195223,0.6573410488369293,0.68868360981324,0.693255792186529,0.6543605214287976,32,0.8777370704435156,0.8780335695087325,0.8675850871341927,0.8885692629543445,0.889947571596429,0.8639831027024051,32.0
hard_a0.1,hard_teacher_ce,0.1,0.001,3,0.00010291701511278006,8.256736691691913e-05,2.5893022393574938e-05,0.0002831224614055827,0.00034316384699195623,2.490710176061839e-05,32,0.10291701242082207,0.08256737260728661,0.025893020781711715,0.283122447957988,0.3431638706420794,0.02490710057759459,32,0.1520973790664602,0.12385454142538144,0.03913673793674236,0.4148819957640094,0.4982943663376546,0.03767711360180159,32.0
hard_a0.1,hard_teacher_ce,0.1,0.001,4,0.00010364349680003215,8.303037247969769e-05,2.768566173472209e-05,0.0002832642319845035,0.0003432425146456808,2.6325404178351164e-05,32,0.10364349408776949,0.08303037820197454,0.02768566364275907,0.28326421853017514,0.3432425383012256,0.02632540292796162,32,1.01659857099822,1.0061574378519262,1.0005203038776196,1.0600370897014442,1.083380976025941,1.0002292422538508,32.0
hard_a0.1,hard_teacher_ce,0.1,0.001,5,0.00010358641924312906,8.288636308861896e-05,2.756783242148231e-05,0.00028316131065366786,0.000343094376148656,2.5868062948575243e-05,32,0.10358641652872119,0.082886368800971,0.027567832952035395,0.28316129720422795,0.3430943997939914,0.02586806473134718,32,0.9987285150235882,0.9996948597818567,0.9935600269501895,1.0017127074361698,1.0040801596427977,0.9784707264505187,32.0
hard_a0.1,hard_teacher_ce,0.1,0.001,6,0.00010500568953375478,8.385354522033595e-05,3.048594189749565e-05,0.00028352633380563925,0.0003433444071561098,2.860086169675924e-05,32,0.10500568678755683,0.0838535509993441,0.030485942494597067,0.28352632033886166,0.3433444308186768,0.028600863667869857,32,1.0303195315675593,1.0121460410388914,1.0014807540752768,1.1082781062849159,1.1318447937211074,1.0004617265331166,32.0
hard_a0.1,hard_teacher_ce,0.1,0.001,7,0.00010560406292370317,8.418433208134957e-05,3.1540673262497876e-05,0.00028375380061334,0.0003434128302615136,2.9433693271130323e-05,32,0.1056040601606981,0.08418433788315487,0.031540673888017796,0.2837537871357583,0.34341285392879617,0.029433695299637925,32,1.0116193854838378,1.0054859469424189,1.0008217579585492,1.0343011243914417,1.0561383495332606,1.0001992841705811,32.0
hard_a0.1,hard_teacher_ce,0.1,0.001,8,0.00010680915045213624,8.456487921648659e-05,3.30240991388564e-05,0.0002840344270225614,0.0003435438557062298,3.1293406209442765e-05,32,0.10680914763582028,0.0845648850445184,0.03302410141480715,0.28403441353165065,0.3435438793825424,0.031293404723085796,32,1.0227996220142481,1.008138998959378,1.001027166276267,1.0841415913643535,1.1144053811699328,1.0003815391656055,32.0
hard_a0.1,hard_teacher_ce,0.1,0.001,9,0.00010705518889153609,8.476758011966012e-05,3.375532887730515e-05,0.0002843638809281401,0.00034377656993456185,3.0750175938010216e-05,32,0.10705518607507723,0.08476758596166163,0.03375532954498657,0.28436386742158115,0.3437765936269126,0.030750178057247005,32,1.0036798935120124,1.0017589308843082,0.9885027977107907,1.0188110968135207,1.0345431480295568,0.9766826817527391,32.0
hard_a0.1,hard_teacher_ce,0.1,0.001,10,0.00010823242905644292,8.55462385516148e-05,3.5857664443028625e-05,0.0002850933495210483,0.00034411775413900614,3.263106191297993e-05,32,0.10823242620864525,0.0855462444472798,0.03585766515356968,0.2850933359798415,0.3441177778548706,0.03263106416184339,32,1.0207463627690538,1.0101510652449677,1.001558149090545,1.0621114058656551,1.0875736538482383,0.9984478059330555,32.0
hard_a0.1,hard_teacher_ce,0.1,0.001,11,0.00011023807417132048,8.650519157527015e-05,3.879094874719158e-05,0.00028541111678350714,0.00034395945840515196,3.565961014828645e-05,32,0.1102380712574765,0.08650519753702415,0.03879094950448173,0.28541110322720714,0.343959482110107,0.03565961260587101,32,1.03377439558319,1.0185072537822706,1.0011266073173712,1.0927514048379494,1.0983958700430794,0.9995399954464709,32.0
hard_a0.1,hard_teacher_ce,0.1,0.001,12,0.00011464988529041875,8.970542694441974e-05,4.6329841825354376e-05,0.0002868136391043663,0.00034444360062479973,4.254015948390588e-05,32,0.11464988224025738,0.08970543312672716,0.0463298426921498,0.28681362548145006,0.3444436243631208,0.042540162415683286,32,1.0709732582129181,1.0389363069143949,1.0049608892393256,1.2016042847060244,1.2140072584652588,1.0014075560587652,32.0
hard_a0.1,hard_teacher_ce,0.1,0.001,13,0.00011541434810169449,9.024880637298338e-05,4.770523537445115e-05,0.0002872858385671861,0.0003443292516749352,4.3522562918951735e-05,32,0.11541434503006491,0.09024881259273937,0.04770523624680375,0.2872858249218416,0.34432927540537567,0.0435225659184343,32,1.011118724195751,1.0059107924381632,1.0004670435736736,1.0377952411917697,1.0504630207264023,0.9996680183645245,32.0
hard_a0.1,hard_teacher_ce,0.1,0.001,14,0.0001165159854963349,9.095995119423606e-05,4.935909473715583e-05,0.0002878725295886397,0.0003445396723691374,4.474128218134865e-05,32,0.11651598239302274,0.09095995746300262,0.04935909563944663,0.2878725159154289,0.3445396961140796,0.04474128526482276,32,1.01483911078674,1.0101379834641964,1.0016385364904252,1.0359423002531238,1.0376647177003915,1.000611103161229,32.0
hard_a0.1,hard_teacher_ce,0.1,0.001,15,0.00011563403995751287,9.057330316863954e-05,4.8278761823894456e-05,0.00028814583347411824,0.00034455981221981347,4.331245872890577e-05,32,0.11563403692536899,0.09057330941075915,0.048278762823649304,0.2881458197879262,0.34455983596614365,0.043312461713908394,32,0.9873166666756055,0.9999790200553593,0.918144524706831,1.0110220016812437,1.014214643272927,0.8761480654856979,32.0
hard_a0.1,hard_teacher_ce,0.1,0.001,16,0.00011770697619795101,9.18743244255893e-05,5.1684576101251876e-05,0.0002890234187361784,0.0003439794818405062,4.562368485494517e-05,32,0.11770697310530875,0.09187433075737253,0.051684577191974564,0.2890234050083033,0.3439795055468412,0.04562368799923259,32,1.028365105958148,1.0200763450462147,1.0023209593450038,1.0709423257948885,1.0932794217914281,0.9983157339923988,32.0
hard_a0.1,hard_teacher_ce,0.1,0.001,17,0.00013025133284827461,0.00010601238318486139,6.772068700229283e-05,0.00029406550747808065,0.00034612425952218473,6.413387745851651e-05,32,0.13025132947013177,0.10601239049100959,0.06772068716266204,0.2940654935107192,0.3461242833763333,0.06413387441232093,32,1.160564065199978,1.1231646964927142,1.017691608705188,1.3629057372778821,1.4128918375595838,1.0062351907451068,32.0
hard_a0.1,hard_teacher_ce,0.1,0.001,18,0.00013521570667762717,0.000110224551463034,7.395076390821486e-05,0.00029420303762890394,0.00034345246967859566,6.94982591085136e-05,32,0.135215703167808,0.1102245590594759,0.07395076039574223,0.29420302365501017,0.3434524933486101,0.06949826389818595,32,1.0530171318318284,1.0467131272716244,1.0006019162616377,1.111758111578619,1.1323458135593063,0.99228083623125,32.0
hard_a0.1,hard_teacher_ce,0.1,0.001,19,0.00014089037654230196,0.00011515504593262449,8.101668463496025e-05,0.000293976544344332,0.0003391898062545806,7.566729618702084e-05,32,0.14089037290019282,0.11515505386886557,0.0810166807868744,0.2939765303811961,0.3391898296308214,0.07566730140185011,32,1.056590274301842,1.051709755473616,0.999359021466165,1.1140363345230073,1.1375177392378515,0.987588782145011,32.0
hard_a0.1,hard_teacher_ce,0.1,0.001,20,0.00015112763435354282,0.00012604084622580558,9.356259724881965e-05,0.0002943081082776189,0.00033511820947751403,8.789663115749136e-05,32,0.15112763046306887,0.12604084022227674,0.09356259280483496,0.29430809429873445,0.335118232573149,0.08789663721514042,32,1.0926773623819217,1.090328337515054,1.0014623385019907,1.1641371294153915,1.1848471811063468,0.9879961110210647,32.0
hard_a0.1,hard_teacher_ce,0.1,0.001,21,0.00016073685310402652,0.00014106950402492657,0.00010470483612152748,0.00029294142441358415,0.0003275402414146811,9.837202378548682e-05,32,0.16073684898922552,0.14106948898566932,0.10470483789683262,0.29294141049961375,0.3275402639880586,0.09837203056507768,32,1.0783200127291668,1.0880068833726884,0.9961400145497582,1.1357615634213938,1.145466658576242,0.9773871790654174,32.0
hard_a0.1,hard_teacher_ce,0.1,0.001,22,0.00016622017187728488,0.00014986107998993248,0.00011179159992025234,0.00028697895613731815,0.0003143393842037767,0.00010510137508390471,32,0.16622016762374003,0.14986108166990852,0.11179160041066144,0.28697894250654976,0.3143394058673792,0.10510138232726818,32,1.0439482148568797,1.0500697141743738,0.9798192314723317,1.0831863039978002,1.089164728542458,0.9596969912646811,32.0
hard_a0.1,hard_teacher_ce,0.1,0.001,23,0.00016885680338418751,0.0001549790904391557,0.00011620267214311753,0.0002792065366520546,0.0002980815770570189,0.00010734089300967753,32,0.16885679905525158,0.15497908307804426,0.11620267251217119,0.27920653899679465,0.29808156289890436,0.10734090040738381,32,1.0219491248079895,1.0289338834427153,0.9723726441194341,1.0578585661469628,1.0589624862141975,0.9477189224062066,32.0
hard_a0.1,hard_teacher_ce,0.1,0.001,24,0.00017064906933228485,0.00015814204380149022,0.00012065167065884452,0.0002671575144631788,0.00028812570963054895,0.0001100530571420677,32,0.17064906494121101,0.15814203629014656,0.12065167093226639,0.26715751646836816,0.28812569594531273,0.11005306472669056,32,1.0160722413908123,1.0246058682539467,0.9689936392354824,1.0506421505741095,1.0552656480861495,0.9415719164736135,32.0
hard_a0.1,hard_teacher_ce,0.1,0.001,25,0.00016579689690843225,0.0001542357640573755,0.00012021171278320253,0.000249667029856937,0.00027079833671450615,0.00010844085772987455,32,0.16579689264458275,0.15423575673157014,0.12021171295860815,0.2496670315410759,0.2707983238522759,0.10844086520338805,32,0.974825788346759,0.9788756188949532,0.9432916753693893,1.005816209230223,1.0110546905636038,0.9216166121111231,32.0
hard_a0.1,hard_teacher_ce,0.1,0.001,26,0.00015763336750751478,0.0001466302783228457,0.00011455663843662478,0.00022868399537401274,0.0002483192947693169,0.00010453094728291035,32,0.15763336344430623,0.14663027135828152,0.11455664633162489,0.22868399677117013,0.24831928297478387,0.10453095448696113,32,0.9534380971131551,0.9551253911548003,0.9215744586507673,0.9761923436892416,0.9813475480284547,0.9052165768977287,32.0
hard_a0.1,hard_teacher_ce,0.1,0.001,27,0.0001501705523878627,0.00013922114885644987,0.00010573536092124413,0.00021278251879266463,0.00023590796627104282,9.573149145580828e-05,32,0.15017054846618624,0.1392211502495935,0.10573536820830055,0.21278251997488082,0.23590795506601622,0.09573149805341927,32,0.9515765184683713,0.9499950960672248,0.9219248812354498,0.9870372578283709,0.9903802392201159,0.9158196107867791,32.0
hard_a0.1,hard_teacher_ce,0.1,0.001,28,0.00026642510147212306,0.0002536306856200099,0.00020664443873101844,0.00034806112380465494,0.0003518755838740617,0.00018982644542120397,32,0.2664250943847135,0.2536306587839987,0.2066444529725141,0.34806110727263945,0.3518756081245793,0.18982645850363927,32,1.8009763012656739,1.8088169793731956,1.4672306799053567,1.9979380731906886,2.0308118998258218,1.350940699124575,32.0
hard_a0.1,hard_teacher_ce,0.1,0.003,0,0.0030000000551808625,0.003000000026077032,0.0029999997932463884,0.0030000004917383194,0.0030000004917383194,0.0029999995604157448,32,1.0,1.0,1.0,1.0,1.0,1.0,32,,,,,,,
hard_a0.1,hard_teacher_ce,0.1,0.003,1,0.0023002648158580996,0.0022959846537560225,0.0022592359455302358,0.0023395637050271033,0.002348241861909628,0.0022479223553091288,32,0.766754924631172,0.765328151884598,0.7530786038613064,0.7798545948516015,0.7827472804993006,0.7493073289486674,32,0.766754924631172,0.765328151884598,0.7530786038613064,0.7798545948516015,0.7827472804993006,0.7493073289486674,32.0
hard_a0.1,hard_teacher_ce,0.1,0.003,2,0.0020190603027003817,0.002018491504713893,0.0019720804411917925,0.0020660126931034027,0.0020798873156309128,0.0019631392788141966,32,0.6730200886875569,0.6728304436018068,0.6573601694159578,0.68867089171497,0.6932957658506056,0.6543796523435487,32,0.8777405250422168,0.8780048125266683,0.8675896253916779,0.8886340857483566,0.8899756026717939,0.8639687833285369,32.0
hard_a0.1,hard_teacher_ce,0.1,0.003,3,0.00030816338653494313,0.00024550658417865634,7.820998507668264e-05,0.0008520383853465318,0.001037479960359633,7.466736860806122e-05,32,0.10272112658566145,0.08183552734820956,0.026069992538774497,0.2840127706044818,0.34582665044716676,0.024889122653008924,32,0.15180243691360495,0.12274985036565082,0.039065673088838716,0.4162043727649614,0.5021537897379672,0.03787246317875162,32.0
hard_a0.1,hard_teacher_ce,0.1,0.003,4,0.0003103584760992817,0.00024690950522199273,8.321465138578787e-05,0.0008524578734068199,0.0010377055732533336,7.864272629376501e-05,32,0.10345282308604672,0.08230316769192346,0.027738216887485834,0.2841525999458436,0.34590185474441326,0.026214241870058462,32,1.0168144895347377,1.0062958495182168,1.0005091687294905,1.0592269644328705,1.0836051752832068,1.000217462411151,32.0
hard_a0.1,hard_teacher_ce,0.1,0.003,5,0.0003101816241724009,0.000246473282459192,8.301932648464571e-05,0.0008521478011971338,0.0010372570250183344,7.695902604609728e-05,32,0.10339387244440609,0.08215776010558715,0.02767310858767106,0.2840492425515349,0.34575233866737987,0.025653008459047652,32,0.9986818072831061,0.9996952451322205,0.9931345816905032,1.001669878706221,1.00388615914747,0.9785905152705621,32.0
hard_a0.1,hard_teacher_ce,0.1,0.003,6,0.00031446884486285853,0.0002493273059371859,9.175393061013892e-05,0.0008532290230505167,0.0010379861341789365,8.522036659996957e-05,32,0.10482294597424618,0.08310910125664905,0.030584643270860735,0.2844096498048918,0.3459953750521347,0.028406788619734943,32,1.0307435315021949,1.0125212560865593,1.0014364540977632,1.1103335248926023,1.1321595723604385,1.00047034553247,32.0
hard_a0.1,hard_teacher_ce,0.1,0.003,7,0.0003162813081871718,0.00025032818666659296,9.49139466683846e-05,0.0008539072528947144,0.0010383740300312638,8.77356287674047e-05,32,0.10542710039895306,0.08344272816355142,0.03163798194778664,0.28463572640011336,0.3461246736684532,0.02924520933492548,32,1.01176935137959,1.0055140440348767,1.0008115571389342,1.0348877056548582,1.0561994615793602,1.0003737004181026,32.0
hard_a0.1,hard_teacher_ce,0.1,0.003,8,0.0003199257641881559,0.00025147384440060705,9.90783970337361e-05,0.0008547788078431039,0.001038755988702178,9.388990292791277e-05,32,0.10664191903214965,0.08382461407156996,0.0330261320575042,0.2849262446911707,0.3462519932243179,0.03129663403726315,32,1.0230102804266927,1.008183600652738,1.0010510878886854,1.0844701154501195,1.112813327367258,1.000367843050642,32.0
hard_a0.1,hard_teacher_ce,0.1,0.003,9,0.0003206642606983223,0.00025208762963302433,0.00010154327974305488,0.0008557633060263469,0.0010393582051619887,9.173783473670483e-05,32,0.10688808452921184,0.08402920914726399,0.033847759620135254,0.28525441072393015,0.3464527320425099,0.030579277979762672,32,1.0037377003414623,1.001460353963746,0.9881848000284955,1.019361380244333,1.0351391848554623,0.977078811202305,32.0
hard_a0.1,hard_teacher_ce,0.1,0.003,10,0.0003242284578846011,0.00025444323546253145,0.00010784054902615025,0.0008579550660215318,0.0010402742773294449,9.741143730934709e-05,32,0.10807615022498848,0.08481441108360778,0.035946849362921036,0.28598499732594024,0.3467580894290077,0.032470478820871125,32,1.0210778145921169,1.0104055873997937,1.001667858849603,1.0627040144221604,1.0876530931232604,0.9989579982116549,32.0
hard_a0.1,hard_teacher_ce,0.1,0.003,11,0.00033031453608600714,0.00025734528026077896,0.00011662390061246697,0.0008588990138377994,0.0010397592559456825,0.00010654098878148943,32,0.11010484291583172,0.08578175934128177,0.038874633199577305,0.2862996465708744,0.34658641563591247,0.03551366261846617,32,1.0343962802842293,1.0185658904934376,1.0011067263653444,1.0957147638182845,1.0998934725576957,0.9995049176981627,32.0
hard_a0.1,hard_teacher_ce,0.1,0.003,12,0.0003436217884882353,0.0002670184912858531,0.0001392010955896694,0.0008630938915302976,0.0010411503026261926,0.00012728160072583705,32,0.11454059359588825,0.08900616298827885,0.04640036479322854,0.2876979390143643,0.34705009785871865,0.04242719987315387,32,1.0716785400997948,1.0391952185890072,1.0049160530110524,1.201252959618904,1.2110915124996628,1.0013378545779281,32.0
hard_a0.1,hard_teacher_ce,0.1,0.003,13,0.00034594902444951003,0.00026865105610340834,0.0001433053403161466,0.0008645205351058393,0.0010407876688987017,0.0001302417367696762,32,0.115316338903616,0.08955035125606697,0.0477684463568291,0.2881734868318372,0.34692921995060577,0.04341391187919008,32,1.0113387017923858,1.006026064185504,1.0007964449012934,1.0385253498323512,1.0507962857934412,0.9996516989654844,32.0
hard_a0.1,hard_teacher_ce,0.1,0.003,14,0.00034928401373690576,0.00027079711435362697,0.0001482602412579581,0.000866296564345248,0.001041398849338293,0.0001339083828497678,32,0.11642800197637831,0.09026570399992176,0.049420079989743036,0.2887654965272148,0.34713294676203205,0.044636127228596695,32,1.0150494055207935,1.0105214306266954,1.0016726274464856,1.0362407609813615,1.0395767588415163,1.000587228747856,32.0
hard_a0.1,hard_teacher_ce,0.1,0.003,15,0.0003465465183580818,0.0002695953444344923,0.00014503155689453705,0.0008671551186125724,0.0010413568234071136,0.00012959924060851336,32,0.11551550354238921,0.08986511403035895,0.04834385187795763,0.28905168125829117,0.3471189381184273,0.043199746493997396,32,0.9868677327221573,0.9997967388985414,0.9160015086111015,1.0115426555723745,1.0139278525564475,0.8744488352299945,32.0
hard_a0.1,hard_teacher_ce,0.1,0.003,16,0.0003528160236783151,0.0002735417801886797,0.00015462195660802535,0.0008698546094819903,0.0010397370206192136,0.00013654814392793924,32,0.11760533859746923,0.09118059260365349,0.051540651754666045,0.2899515114704394,0.34657900386048723,0.0455160475803386,32,1.0286721002197965,1.0207274050455093,1.0021927455361495,1.0714882053465482,1.0932787973604905,0.9984445266488001,32.0
hard_a0.1,hard_teacher_ce,0.1,0.003,17,0.0003905783341906499,0.0003166210080962628,0.00020146631431998684,0.0008849758800351991,0.0010458468459546566,0.00019317249825689942,32,0.13019277519814454,0.10554033511469471,0.06715543752292412,0.29499193455317435,0.34861561228793203,0.06439083219259253,32,1.161762534072594,1.125023670866856,1.0175725781263854,1.3612721479607186,1.4146841743879188,1.0058763179672148,32.0
hard_a0.1,hard_teacher_ce,0.1,0.003,18,0.00040552300879426184,0.00032934980117715895,0.00022073916261433624,0.0008853180945152416,0.0010377010330557823,0.0002082964201690629,32,0.1351743333069066,0.10978326610477906,0.07357972023186517,0.29510600603667714,0.34590034134524267,0.06943213945282627,32,1.0533758129133381,1.047556148103362,1.0004944691079025,1.1121603495960373,1.1320884230154034,0.9922112755511169,32.0
hard_a0.1,hard_teacher_ce,0.1,0.003,19,0.0004225951838634501,0.0003442148008616641,0.00024207363967434503,0.0008845631848089396,0.0010246043093502522,0.00022681124391965568,32,0.14086505824752438,0.11473826595654356,0.0806912125233859,0.29485436948962673,0.3415347668146797,0.07560374731604477,32,1.0569180100510076,1.0521824338323797,0.9993197273915099,1.1148340449476557,1.1378743555165212,0.9873790973620182,32.0
hard_a0.1,hard_teacher_ce,0.1,0.003,20,0.00045336172934185015,0.0003775977820623666,0.0002798848378006369,0.0008854675019392742,0.0010117769706994295,0.00026352613349445164,32,0.15112057325768302,0.125865916479302,0.09329494512259387,0.29515580850705664,0.337258987301572,0.08784204373459728,32,1.0930752868834483,1.0902763762977379,1.0013092017559735,1.1638407036507912,1.1851641581202366,0.9874806903174582,32.0
hard_a0.1,hard_teacher_ce,0.1,0.003,21,0.0004822266892006155,0.00042290806595701724,0.0003141087174299173,0.0008811478473944588,0.000988241285085678,0.00029496883507817984,32,0.1607422264332326,0.1409693322123316,0.10470290939337695,0.29371592378305056,0.3294137588318483,0.0983229441714031,32,1.0786106165025395,1.0892006111931218,0.995824580075235,1.135446474252927,1.146842153754755,0.9767382671326453,32.0
hard_a0.1,hard_teacher_ce,0.1,0.003,22,0.0004987078937119804,0.0004507778212428093,0.00033547150815138593,0.0008630247582914307,0.0009480590233579278,0.0003151654964312911,32,0.16623596122901463,0.15025927833664304,0.11182383894186276,0.28767489460339746,0.3160196717056909,0.1050551645639214,32,1.0441355258681213,1.0508382134739391,0.9795670572167907,1.083477445996534,1.0905576166265765,0.9593396245085363,32.0
hard_a0.1,hard_teacher_ce,0.1,0.003,23,0.0005066399644420017,0.0004657863319152966,0.0003487198147922754,0.0008398287842283025,0.0008982372237369418,0.00032186630414798856,32,0.16887998480899305,0.15526209729140472,0.11623994117704577,0.279942903916312,0.2994124053097183,0.10728876711673864,32,1.0220666270844654,1.0297564211259043,0.9723536112807029,1.0579934176010586,1.0587289563896605,0.9474486309464971,32.0
hard_a0.1,hard_teacher_ce,0.1,0.003,24,0.000512047376105329,0.00047460978385061026,0.00036209466052241626,0.0008054299745708704,0.0008636682177893817,0.00033000714029185474,32,0.17068245539306132,0.15820324758886198,0.12069822312683161,0.26847664486120104,0.28788938108420375,0.11000237914110639,32,1.0161926824763545,1.0249605507649058,0.9689531050232311,1.050675037369421,1.0560659910960022,0.9411175692886764,32.0
hard_a0.1,hard_teacher_ce,0.1,0.003,25,0.0004974998337274883,0.00046289985766634345,0.00036063049628864974,0.0007523525826400145,0.0008121012360788882,0.00032516836654394865,32,0.16583327475353757,0.15429993912128284,0.12021016830821114,0.25078418163615473,0.2707003886641599,0.10838945457249112,32,0.9748831824150596,0.9789444562095644,0.9432135299590745,1.006069227707699,1.0114726377824659,0.9212489778246125,32.0
hard_a0.1,hard_teacher_ce,0.1,0.003,26,0.0004730088176074787,0.0004400896868901327,0.0003433228863286786,0.0006888471369165927,0.0007448770920746028,0.00031344182207249105,32,0.15766960291992832,0.14669655509396967,0.11444096487143572,0.22961570069294232,0.24829234259660318,0.10448060644931564,32,0.9534759596286502,0.9550498215305675,0.9214578259727632,0.9762423373118568,0.9817532893169858,0.9048878745155465,32.0
hard_a0.1,hard_teacher_ce,0.1,0.003,27,0.000450596647169732,0.00041829208203125745,0.0003168820272549056,0.0006409447349142283,0.0007077518966980278,0.00028703530551865697,32,0.15019887963034476,0.13943068720970636,0.10562734496873721,0.21364823408628397,0.23591727853907787,0.09567843434121578,32,0.9515402742663948,0.9500385707321022,0.9218210380691705,0.9870965722793382,0.9903328473799005,0.9157530530570775,32.0
hard_a0.1,hard_teacher_ce,0.1,0.003,28,0.0007994067327672383,0.000761048897402361,0.0006202472606673837,0.0010437420103698968,0.0010564497206360102,0.00056915741879493,32,0.2664689062728887,0.2536829635956874,0.2067490921424294,0.34791400043244414,0.3521499311480934,0.18971913794920597,32,1.801179069633934,1.8110681023263473,1.4665263406842401,1.9987348534421958,2.032654994103026,1.3465406198274819,32.0
hard_a0.1,hard_teacher_ce,0.1,0.01,0,0.009999999922001734,0.009999999776482582,0.009999998938292265,0.010000000707805157,0.010000001639127731,0.009999997913837433,32,1.0,1.0,1.0,1.0,1.0,1.0,32,,,,,,,
hard_a0.1,hard_teacher_ce,0.1,0.01,1,0.007667511541512795,0.007653756998479366,0.00753105254843831,0.007797820284031332,0.00782644934952259,0.007492957636713982,32,0.7667511601807019,0.765375716955417,0.7531052330518748,0.7797820458326201,0.782644952445737,0.7492957106358614,32,0.7667511601807019,0.765375716955417,0.7531052330518748,0.7797820458326201,0.782644952445737,0.7492957106358614,32.0
hard_a0.1,hard_teacher_ce,0.1,0.01,2,0.006730363311362453,0.006728838896378875,0.006574420537799597,0.006886514788493514,0.006934717297554016,0.006545067764818668,32,0.673036336383106,0.6728839046780148,0.6574421909330885,0.6886514942419119,0.693471745255703,0.654506730155543,32,0.8777660497749695,0.8779544716448398,0.8676397483421412,0.888847651306928,0.8899908996068053,0.8639561061922645,32.0
hard_a0.1,hard_teacher_ce,0.1,0.01,3,0.001028914670314407,0.0008190987864509225,0.00026069691084558145,0.002852699579671025,0.0034868752118200064,0.000254423706792295,32,0.1028914676931418,0.08190988047592075,0.026069690592081717,0.28526995071709094,0.34868752897577426,0.025442375986922738,32,0.15205962620687494,0.12284460934822551,0.03893675371200023,0.41809385692905676,0.5062915862035952,0.03870372349894441,32.0
hard_a0.1,hard_teacher_ce,0.1,0.01,4,0.0010362383663959918,0.000823783891974017,0.0002765929413726553,0.002854077378287911,0.0034875960554927588,0.0002673948765732348,32,0.1036238373068171,0.08237839103870223,0.027659293622532357,0.28540773057268076,0.3487596133446607,0.026739493235616463,32,1.0167949493214303,1.0063425241990551,1.0004975025267562,1.0595848193766548,1.0809139343211531,1.000206730562169,32.0
hard_a0.1,hard_teacher_ce,0.1,0.01,5,0.001035632694765809,0.0008223253826145083,0.000275944042368792,0.002853039791807532,0.003486089175567031,0.00026181782595813274,32,0.10356327013878072,0.08223254009949132,0.027594403728225123,0.2853039719282546,0.3486089253487198,0.02618178805775989,32,0.998650801949636,0.9996948371423836,0.9929783163535764,1.0015941883350425,1.0035918715381897,0.9791430161767718,32.0
hard_a0.1,hard_teacher_ce,0.1,0.01,6,0.0010499503159735468,0.0008317474857904017,0.0003051587409572676,0.002856590680312365,0.0034883480984717607,0.00028885091887786984,32,0.10499503227454898,0.08317475043814071,0.03051587354734165,0.2856590607597441,0.34883481764424185,0.028885097913687985,32,1.0307728111377523,1.0132979861648213,1.0013783367812512,1.1088297884333977,1.1286505143644932,1.0004744146705422,32.0
hard_a0.1,hard_teacher_ce,0.1,0.01,7,0.00105600622282509,0.0008350857824552804,0.0003157201281283051,0.0028588010929524897,0.0034897439181804657,0.0002971053763758391,32,0.10560062296374825,0.08350858011209025,0.03157201225339961,0.2858801020153661,0.34897439961823223,0.029710543835686352,32,1.01178472340762,1.0057530203898373,1.0007890461550428,1.035918412786975,1.0548259040529198,1.0004001377354848,32.0
hard_a0.1,hard_teacher_ce,0.1,0.01,8,0.0010682704059945536,0.0008388666028622538,0.0003295652553788386,0.0028615995193831617,0.003490988863632083,0.0003173082077410072,32,0.10682704128609663,0.08388666216123838,0.03295652493819472,0.286159944645957,0.3490988941661766,0.03173082739366716,32,1.0230765588520585,1.0085339074935735,1.001008300184343,1.0824458875043188,1.1139466676261236,1.000356744070856,32.0
hard_a0.1,hard_teacher_ce,0.1,0.01,9,0.0010707160854508402,0.0008409405127167702,0.00033785157866077497,0.0028648431180045004,0.003493201220408082,0.0003102191840298474,32,0.10707160923046773,0.08409405315132558,0.03378515726941395,0.28648430449727025,0.34932012984872157,0.03102192487466258,32,1.0037730056195406,1.001473373733755,0.9873406288503557,1.0199667151240073,1.035589699210477,0.9776588706556686,32.0
hard_a0.1,hard_teacher_ce,0.1,0.01,10,0.0010827633959706873,0.0008487476734444499,0.00035892459272872655,0.0028721220442093904,0.003496331861242652,0.0003288924926891923,32,0.10827634029041001,0.08487476924154391,0.03589245864239145,0.2872121971023123,0.3496331939391761,0.03288925613015273,32,1.0213445174558575,1.010926339816811,1.0021468095688166,1.0620268890888789,1.0860800946666047,1.000896209704806,32.0
hard_a0.1,hard_teacher_ce,0.1,0.01,11,0.001103421214793343,0.0008584111055824906,0.0003882444041664712,0.002875343395862728,0.003494568867608905,0.00035919350921176374,32,0.11034212218268102,0.08584111247694744,0.03882443972891889,0.28753433225914427,0.34945689457186074,0.03591935841453847,32,1.0349294886845104,1.019278975409334,1.0011231900861923,1.0937760168892867,1.1030237227038708,0.9994957590687286,32.0
hard_a0.1,hard_teacher_ce,0.1,0.01,12,0.0011479102868179325,0.000890624854946509,0.0004635118180885911,0.002889317192602902,0.003498885314911604,0.0004278815467841923,32,0.11479102939535774,0.08906248748535263,0.046351180965555266,0.2889317118940201,0.34988853931177866,0.04278816360472575,32,1.0717293352598887,1.0403802985904744,1.0048790832836354,1.197499227269259,1.2081689443082197,1.0012351873625123,32.0
hard_a0.1,hard_teacher_ce,0.1,0.01,13,0.0011559315844351659,0.0008960299601312727,0.0004769666062202305,0.0028942769276909526,0.003497418947517872,0.00043788307812064886,32,0.11559315915033329,0.08960299801591035,0.04769665974051449,0.2894276853967826,0.3497419025691279,0.04378831694701966,32,1.0116814643559293,1.0060692336222008,1.0009423352513405,1.0391462276438286,1.0492018064455448,0.9995809044133334,32.0
hard_a0.1,hard_teacher_ce,0.1,0.01,14,0.0011672325572362752,0.0009031510853674263,0.0004934039141517132,0.0029004556010477243,0.0034992850851267576,0.0004500959475990385,32,0.11672325643058926,0.09031511055544267,0.04934039050494525,0.2900455527119679,0.3499285163341876,0.04500960414963898,32,1.015267739662245,1.0108150370706646,1.001743075335942,1.0365373291881341,1.0420632592336612,1.000533575655902,32.0
hard_a0.1,hard_teacher_ce,0.1,0.01,15,0.0011573845731618349,0.0008991424110718071,0.0004829902478377335,0.002903752552811056,0.0034991244319826365,0.00043503157212398946,32,0.11573845807263283,0.08991424311692066,0.048299023982879066,0.2903752478865826,0.3499124510194164,0.04350316628786665,32,0.9860504270481689,0.9996354740067387,0.9138634961783908,1.0118910795615192,1.0137961988313546,0.8747411884072788,32.0
hard_a0.1,hard_teacher_ce,0.1,0.01,16,0.0011784942953454447,0.0009123345371335745,0.0005139912682352588,0.002914435043931007,0.0034935243893414736,0.00045800863881595433,32,0.1178494303038555,0.0912334557525841,0.051399123185469436,0.29144349700457994,0.34935244674278304,0.045800873436402205,32,1.0288049950886442,1.0219093540702853,1.0021643044385835,1.0724550209877783,1.0921457272256128,0.9983995874539421,32.0
hard_a0.1,hard_teacher_ce,0.1,0.01,17,0.001304470770264743,0.0010561217786744237,0.0006711116060614586,0.0029652822762727734,0.003513179486617446,0.0006444567698054016,32,0.13044707793285795,0.10561218022805854,0.06711116397613189,0.2965282200861787,0.35131795651431286,0.06444567241904223,32,1.1617669808659055,1.1249656356688442,1.0175786012444479,1.361560883387945,1.410120837714447,1.0056261514406308,32.0
hard_a0.1,hard_teacher_ce,0.1,0.01,18,0.0013543924651457928,0.001104992930777371,0.0007349046762101352,0.0029667131369933483,0.0034848712384700775,0.0006960422033444047,32,0.13543924744772862,0.1104992955475888,0.0734904624193207,0.2966713061395021,0.3484871316363021,0.06960423485501539,32,1.0534806641916346,1.0483470574228884,1.0005633450380862,1.1136335132177582,1.1308231769665706,0.9919422710239538,32.0
hard_a0.1,hard_teacher_ce,0.1,0.01,19,0.0014113291053945431,0.0011540737468749285,0.0008061611501034349,0.0029641687520779664,0.0034400848671793938,0.0007574850460514426,32,0.14113291151226584,0.11540737726704875,0.0806161093042937,0.2964168676769439,0.34400849440712844,0.07574852040751705,32,1.056940437372121,1.052460377867268,0.9993496863000477,1.1155095807877695,1.1377711285470014,0.9871483425854363,32.0
hard_a0.1,hard_teacher_ce,0.1,0.01,20,0.0015138439030124573,0.0012573767453432083,0.0009323313977802172,0.0029663325403816994,0.003395975334569812,0.0008795636240392923,32,0.151384391364122,0.1257376714940759,0.09323313317893248,0.2966332464534301,0.3395975410475777,0.08795638075306014,32,1.0930267180694184,1.0907258354611322,1.000990993845629,1.1633678762505668,1.185250374255995,0.9871777777837939,32.0
hard_a0.1,hard_teacher_ce,0.1,0.01,21,0.0016100107350212056,0.001408365904353559,0.0010470946144778281,0.002951322996523231,0.0033153612166643143,0.0009840228594839573,32,0.16100107462879926,0.14083658694597145,0.10470947020932689,0.29513229198056307,0.3315361290768414,0.09840230647671656,32,1.0785721039183778,1.089487413458388,0.9955842358911688,1.1350715303348768,1.1485987865812326,0.9762618658961169,32.0
hard_a0.1,hard_teacher_ce,0.1,0.01,22,0.0016648826785967685,0.001511880080215633,0.0011185843555722385,0.0028902932186610996,0.003178821410983801,0.0010510963620617986,32,0.16648826900979957,0.15118801140087867,0.11185844154906416,0.28902931432618595,0.3178821482035998,0.10510965813376329,32,1.0441038359217476,1.0519769106508305,0.9794418876432203,1.0842359691572887,1.0908827203480134,0.9588160092498488,32.0
hard_a0.1,hard_teacher_ce,0.1,0.01,23,0.0016912789797061123,0.0015632035792805254,0.001162960531655699,0.0028130364487878976,0.003010450629517436,0.0010731549700722098,32,0.1691278990987001,0.15632036142208489,0.1162960590646061,0.28130363746252385,0.3010450696806253,0.10731551939498293,32,1.0220506157164668,1.0309324979283447,0.9723106977987515,1.0577311382860508,1.0591081774972446,0.9470335826716807,32.0
hard_a0.1,hard_teacher_ce,0.1,0.01,24,0.0017092929811042268,0.0015848653274588287,0.0012076943588908763,0.0027024050010368227,0.0028847861103713512,0.0011001358507201076,32,0.1709292992226592,0.15848653628833298,0.12076944175788366,0.2702404928448605,0.2884786174851347,0.11001360802263785,32,1.0161885397267174,1.0250014468041222,0.9691863394203569,1.050773031936166,1.0562617489139858,0.9407359920159551,32.0
hard_a0.1,hard_teacher_ce,0.1,0.01,25,0.0016607297657174058,0.0015457207919098437,0.0012034272542223335,0.0025237305089831352,0.0027142411563545465,0.0010838053422048688,32,0.1660729776292947,0.15457208264593963,0.12034273753873743,0.25237304396512306,0.27142412170225655,0.10838055683043295,32,0.974882688941172,0.9787070158123017,0.9434134872316924,1.0061763661148106,1.011610782153317,0.9208829091851403,32.0
hard_a0.1,hard_teacher_ce,0.1,0.01,26,0.0015788732707733288,0.0014694246929138899,0.001145661569898948,0.002310089278034866,0.0024902119766920805,0.0010446564992889762,32,0.1578873280716982,0.1469424725758092,0.11456616857662441,0.23100892133860132,0.2490212032352657,0.10446567172213501,32,0.9534149293259198,0.95466614867816,0.921486636130018,0.9762439936952362,0.9819085565336901,0.9044951895220983,32.0
hard_a0.1,hard_teacher_ce,0.1,0.01,27,0.001504058607679326,0.0013965654070489109,0.0010575319349300117,0.0021497029229067266,0.002367352368310094,0.0009564666543155909,32,0.1504058616715136,0.1396565438264581,0.1057532041918353,0.21497028617728073,0.2367352421224544,0.09564668538501256,32,0.9515348744684645,0.9499514658799473,0.9218647735054909,0.9870296848324821,0.990373919511109,0.9155800542729501,32.0
hard_a0.1,hard_teacher_ce,0.1,0.01,28,0.0026667490783438552,0.0025391258532181382,0.002070735162124038,0.0034783888957463207,0.003521042875945568,0.0018958988366648555,32,0.2666749094484446,0.2539125673253688,0.2070735378086891,0.34783889734943724,0.3521042954647011,0.18958992321802565,32,1.8003955180206361,1.8112661274186603,1.4658452579746746,1.9984800166285395,2.03571650585412,1.3412524159199815,32.0
hard_a0.2,hard_teacher_ce,0.2,0.001,0,0.0010000000656873453,0.0010000000474974513,0.0009999999310821295,0.0010000001639127731,0.0010000001639127731,0.0009999999310821295,32,1.0,1.0,1.0,1.0,1.0,1.0,32,,,,,,,
hard_a0.2,hard_teacher_ce,0.2,0.001,1,0.000804459219580167,0.0008031872566789389,0.0007925155223347247,0.000818061112659052,0.0008211173699237406,0.0007917227339930832,32,0.8044591667229146,0.803187218529593,0.792515484692259,0.8180610833003599,0.8211172353321375,0.7917226042196356,32,0.8044591667229146,0.803187218529593,0.792515484692259,0.8180610833003599,0.8211172353321375,0.7917226042196356,32.0
hard_a0.2,hard_teacher_ce,0.2,0.001,2,0.0007168479241954628,0.0007148343429435045,0.0007054936257191002,0.0007337198476307094,0.0007415833533741534,0.000699801545124501,32,0.7168478771113507,0.7148342673555057,0.7054935922099527,0.7337198512940332,0.7415832318191894,0.6998014304181079,32,0.8910765565494476,0.8914994472896254,0.8810798760114268,0.9008543126477921,0.9031392837823248,0.877433399884452,32.0
hard_a0.2,hard_teacher_ce,0.2,0.001,3,0.00018974477882238716,0.00016890557890292257,2.5106869725277647e-05,0.00038715039117960255,0.00056858902098611,2.3160439013736323e-05,32,0.18974476543439067,0.16890557088033842,0.02510686853276538,0.38715037279094655,0.568588993979582,0.02316043791367455,32,0.26443766755576803,0.23537105775149034,0.03545219194873576,0.5407979994034571,0.7813986627977576,0.032552702680591176,32.0
hard_a0.2,hard_teacher_ce,0.2,0.001,4,0.00019058070080291145,0.00016949704877333716,2.7523554581421195e-05,0.0003872554705594666,0.0005685260402970016,2.578810745035298e-05,32,0.1905806873615313,0.1694970407226597,0.027523553274122564,0.3872554521658196,0.568526013293465,0.02578810622548366,32,1.01639722098543,1.0028573458959813,1.0002962025462325,1.096804615457072,1.1134550357641408,0.9998892333710575,32.0
hard_a0.2,hard_teacher_ce,0.2,0.001,5,0.00019073785688306089,0.00016958734340732917,2.816474443534389e-05,0.00038709147629560896,0.0005682228947989643,2.642223989823833e-05,32,0.19073784343154607,0.16958733535236298,0.028164743097590376,0.3870914579097513,0.5682228678098262,0.026422238643249336,32,1.0039185175574874,1.0004622834204489,0.9992931615109159,1.0244393015356454,1.0308850023364355,0.9988959461590969,32.0
hard_a0.2,hard_teacher_ce,0.2,0.001,6,0.00019242113228301605,0.00017079788085538894,3.246365013183094e-05,0.0003872703193337656,0.0005680517060682178,3.095504143857397e-05,32,0.19242111872006007,0.1707978727429253,0.03246364858989038,0.3872703009394133,0.5680516790872108,0.030955039968288467,32,1.0283731638175175,1.0068096007825167,1.0005105137598223,1.1531811115934631,1.1715525087120966,0.9996987296141824,32.0
hard_a0.2,hard_teacher_ce,0.2,0.001,7,0.00019317558451348305,0.00017134284280473366,3.4115179551008624e-05,0.00038739082083338866,0.0005680535105057061,3.25935980072245e-05,32,0.19317557090161266,0.17134283466638572,0.03411517793062462,0.38739080243331286,0.5680534835246134,0.03259359645911174,32,1.0107574428706185,1.003325677721454,1.000329652041883,1.0496304028314203,1.0560921826433634,1.000003176537398,32.0
hard_a0.2,hard_teacher_ce,0.2,0.001,8,0.00019424175866333826,0.00017211522936122492,3.6040874329046345e-05,0.00038755304849473753,0.0005680054891854525,3.438396015553735e-05,32,0.1942417449890537,0.17211522118619058,0.036040872617196754,0.38755303008695635,0.5680054622066407,0.03438395852238696,32,1.0138811509196675,1.0040058889433912,1.000289652696254,1.0587963245590806,1.0605818925748713,0.9999154633861679,32.0
hard_a0.2,hard_teacher_ce,0.2,0.001,9,0.00019481805270515906,0.0001724912362988107,3.7474729469977317e-05,0.00038776767760282375,0.0005681506590917706,3.593355359043926e-05,32,0.19481803898591699,0.172491228105917,0.03747472769002327,0.3877676591848483,0.5681506321060636,0.03593355188368713,32,1.0080478178626338,1.0028878075688903,1.0003877801075203,1.0394892655254095,1.0462137003463965,0.9938497914399339,32.0
hard_a0.2,hard_teacher_ce,0.2,0.001,10,0.00019595914170622564,0.00017329465481452644,3.9765211658959744e-05,0.0003878039759001694,0.0005680113099515438,3.8379323086701334e-05,32,0.1959591279114139,0.1732946465834724,0.039765209770213625,0.3878039574804698,0.5680112829724555,0.038379321263781394,32,1.0149276502936742,1.0049769276463798,1.0001640863040095,1.0607465595446774,1.0698368184146745,0.9997068437659423,32.0
hard_a0.2,hard_teacher_ce,0.2,0.001,11,0.000197770695649524,0.00017457830836065114,4.3486924914759585e-05,0.00038747363869333633,0.0005669257952831686,4.18967756559141e-05,32,0.19777068173889953,0.17457830006862685,0.043486922849241584,0.3874736202893269,0.5669257683556395,0.041896773665924134,32,1.023745085984074,1.006443589649031,0.9991777610680332,1.090877990638125,1.0960995053854516,0.9980889206792944,32.0
hard_a0.2,hard_teacher_ce,0.2,0.001,12,0.0002023632669079234,0.00017767352983355522,5.293849335430423e-05,0.0003874587171594612,0.00056569988373667,4.973701652488671e-05,32,0.20236325269840336,0.1776735213945158,0.05293849083986084,0.38745869875616046,0.5656998568673686,0.049737014162505304,32,1.0555877866976087,1.0164660625448696,0.9998911095198418,1.2168629279104783,1.2537800026143637,0.9978376155103575,32.0
hard_a0.2,hard_teacher_ce,0.2,0.001,13,0.00020342263860584353,0.00017794041195884347,5.620267038466409e-05,0.0003872425368172116,0.0005650602979585528,5.144564056536183e-05,32,0.20342262434145686,0.1779404035071278,0.056202667715180614,0.38724251842417895,0.5650602711196301,0.051445638121825135,32,1.0130873472987432,1.0020184696220387,0.9991683294772513,1.060814907051883,1.077726371546676,0.9988693902959773,32.0
hard_a0.2,hard_teacher_ce,0.2,0.001,14,0.00020487985284489696,0.00017888539878185838,5.9015337683376856e-05,0.00038731276290491216,0.0005648317746818066,5.371315637603402e-05,32,0.20487983849180974,0.1788853902852583,0.059015334880298864,0.3873127445085439,0.5648317478537381,0.05371315382479611,32,1.0143183686939876,1.0057330435971434,1.0002074904775502,1.0494688822383198,1.0542946041249477,0.9995955771842902,32.0
hard_a0.2,hard_teacher_ce,0.2,0.001,15,0.00020337041087259422,0.00017857833881862462,5.516300498129567e-05,0.0003870923334034159,0.0005642959731630981,5.337020047591068e-05,32,0.20337039659414613,0.17857833033660908,0.055163002361193654,0.3870923150175175,0.5642959463604789,0.0533701979409623,32,0.9840755468769914,0.9994330128465831,0.9111808402787777,1.0129104610532094,1.0157603064660004,0.8214428635307872,32.0
hard_a0.2,hard_teacher_ce,0.2,0.001,16,0.00020545053610021569,0.00018020263814833015,5.937605947110569e-05,0.00038644316518912083,0.0005623848410323262,5.722413334297016e-05,32,0.2054505216906577,0.18020262958916453,0.05937605665089433,0.3864431468340563,0.5623848143204809,0.0572241306249698,32,1.0216989571292867,1.0106446523182313,0.9984247614394243,1.07263888641525,1.085318713542743,0.9966132451379031,32.0
hard_a0.2,hard_teacher_ce,0.2,0.001,17,0.00021738574628216156,0.00019213965424569324,7.988024553924333e-05,0.00038776969740865746,0.0005603015306405723,7.772714161546901e-05,32,0.21738573110514564,0.19213965586549703,0.07988024174513544,0.387769678990586,0.5603015040276789,0.07772713792362806,32,1.1065924898371133,1.0590009249738432,1.0039789479786578,1.3453471847220226,1.358293032584959,0.9962955786860653,32.0
hard_a0.2,hard_teacher_ce,0.2,0.001,18,0.00022158060573929106,0.00019733706722036004,9.036924820975401e-05,0.00038331698160618536,0.0005508387112058699,8.732433343539014e-05,32,0.22158059030472976,0.19733706887869334,0.09036924391744525,0.3833169633996066,0.5508386850424363,0.08732432928770707,32,1.0382104156563536,1.0230832045427243,0.9876422086694698,1.1216672022595096,1.1411019746522197,0.9831112018846639,32.0
hard_a0.2,hard_teacher_ce,0.2,0.001,19,0.00022532050707013696,0.00020303243945818394,0.00010041538989753462,0.0003775736055104061,0.0005397250643000007,9.752047481015325e-05,32,0.2253204914249649,0.20303244116559477,0.10041538512805977,0.37757358757662307,0.5397250386644369,0.09752047017817947,32,1.0333893122438016,1.0225511524832018,0.984612068091947,1.1105776812835617,1.1167617429603063,0.9798241360315078,32.0
hard_a0.2,hard_teacher_ce,0.2,0.001,20,0.00023365576498690643,0.00021816263324581087,0.0001177953032311052,0.0003713384692673571,0.000525150797329843,0.00011413077299948782,32,0.23365574883130352,0.2181626228836423,0.1177952976361288,0.37133845162972706,0.5251507723865199,0.11413076757856724,32,1.059739850227586,1.0449259301504874,0.9820877606926527,1.1671608910274809,1.1799017292269927,0.9729968683424777,32.0
hard_a0.2,hard_teacher_ce,0.2,0.001,21,0.0002402809368504677,0.000234559309319593,0.00013510806966223753,0.00036241963825887067,0.0005024735582992435,0.0001295419642701745,32,0.2402809203158359,0.23455929817862417,0.1351080632449489,0.36241962104486236,0.5024735344330312,0.12954195811726166,32,1.0466851041432508,1.0372536201190194,0.969643922563772,1.138921615301457,1.1495816925046036,0.9568176623821134,32.0
hard_a0.2,hard_teacher_ce,0.2,0.001,22,0.0002414534355921205,0.000242283393163234,0.0001475228178605903,0.0003476231839158572,0.00047414592700079083,0.00014164937601890415,32,0.2414534190602063,0.2422833675367954,0.14752281085363278,0.3476231674046427,0.4741459044800688,0.14164936929092012,32,1.0175921033533633,1.0122721812380955,0.9529428688600595,1.0931778948528028,1.0956096537392983,0.9436236378400983,32.0
hard_a0.2,hard_teacher_ce,0.2,0.001,23,0.00023914939492897247,0.00023970631445990875,0.00015630090347258375,0.00033172005205415187,0.00044386336230672896,0.0001499316858826205,32,0.23914937862833602,0.23970627516898846,0.15630089604868955,0.3317200362982956,0.4438633412243515,0.1499316787612479,32,0.9989118717691629,0.9945121822152876,0.947213359354967,1.0608675982689282,1.0646410685150023,0.9361323951771258,32.0
hard_a0.2,hard_teacher_ce,0.2,0.001,24,0.00023524129028373864,0.00023619292915100232,0.00016090854551293888,0.00031340619025286285,0.00041085248813033104,0.0001576564827701077,32,0.23524127431796565,0.23619289043597064,0.16090853787019344,0.3134061753668683,0.4108524686158859,0.15765647528182694,32,0.9914564776759391,0.9916005510986106,0.9347420424333541,1.0563665705494267,1.066854852826253,0.9256282969496681,32.0
hard_a0.2,hard_teacher_ce,0.2,0.001,25,0.00022265730103754322,0.00021988335356581956,0.00015737169451313093,0.0002875642632716335,0.0003716922947205603,0.00015427483594976366,32,0.2226572859795564,0.2198833175241352,0.1573716870383769,0.2875642496130646,0.37169227706612445,0.15427482862210248,32,0.9509503403905877,0.9497608312795058,0.9098422766344768,0.9977716679453281,0.998555390674475,0.8989164486699992,32.0
hard_a0.2,hard_teacher_ce,0.2,0.001,26,0.00020716330163850216,0.00020339286129456013,0.00015136022484512067,0.0002601740852696821,0.00033092094236053526,0.00014517932140734047,32,0.2071632876530058,0.20339282795587765,0.1513602176558961,0.2601740729120768,0.33092092664263467,0.14517931451169305,32,0.9335940549030817,0.9333679931186927,0.8967243570538229,0.9701218779450567,0.9702242876165017,0.8858566575295569,32.0
hard_a0.2,hard_teacher_ce,0.2,0.001,27,0.0001937824390552123,0.00019115388568025082,0.00014184293468133546,0.00024163093039533123,0.0003047320060431957,0.0001333668624283746,32,0.19378242599436962,0.19115385434769247,0.1418429279441579,0.24163091891847843,0.3047319915692028,0.13336685609378884,32,0.9358935566436438,0.9332867744525359,0.914168287249488,0.961677356315447,0.9669173947191391,0.9110943644813556,32.0
hard_a0.2,hard_teacher_ce,0.2,0.001,28,0.00029097152764734346,0.00028565924731083214,0.00024153417034540326,0.00034862671891460194,0.00036980712320655584,0.00022454711142927408,32,0.2909715082216091,0.2856592337427466,0.2415341588731463,0.3486266838867457,0.36980710564166086,0.2245471007638591,32,1.5273957242089762,1.5449513821152414,1.172761332178302,1.790098936218928,1.8083776389658794,1.0489716654862142,32.0
hard_a0.2,hard_teacher_ce,0.2,0.003,0,0.002999999989697244,0.003000000026077032,0.002999999688472599,0.0030000002589076757,0.0030000002589076757,0.0029999995604157448,32,1.0,1.0,1.0,1.0,1.0,1.0,32,,,,,,,
hard_a0.2,hard_teacher_ce,0.2,0.003,1,0.002413365895336028,0.002409643493592739,0.002377516438718885,0.0024540653568692504,0.002463363576680422,0.0023752793204039335,32,0.8044553010650064,0.8032144908824297,0.7925054388543112,0.818021784845441,0.8211211213619536,0.7917597051370895,32,0.8044553010650064,0.8032144908824297,0.7925054388543112,0.818021784845441,0.8211211213619536,0.7917597051370895,32.0
hard_a0.2,hard_teacher_ce,0.2,0.003,2,0.0021505355180124752,0.00214448815677315,0.002116400038357824,0.0022010835935361685,0.0022249396424740553,0.0020994977094233036,32,0.7168451750493472,0.7148293794112873,0.7054666788674179,0.733694581743391,0.7416464834853627,0.6998325094104317,32,0.8910774713856655,0.8914861683265655,0.8810840564093297,0.9008735164821154,0.90321204045419,0.8774116538911264,32.0
hard_a0.2,hard_teacher_ce,0.2,0.003,3,0.0005698232123449998,0.0005059096729382873,7.57972928113304e-05,0.0011677493748720733,0.0017016122583299875,6.945423228899017e-05,32,0.18994107144832867,0.1686365561802488,0.02526576486444383,0.38924978737637084,0.5672040811796628,0.023151410561756697,32,0.2647115018574519,0.23497689478598943,0.035676628465017894,0.5437390440667683,0.7794763821408665,0.03254073555451221,32.0
hard_a0.2,hard_teacher_ce,0.2,0.003,4,0.0005723270696762484,0.000507639953866601,8.30116758152144e-05,0.0011680590803734956,0.0017014266923069954,7.733215898042545e-05,32,0.19077569055941893,0.1692133164846733,0.0276705592652691,0.38935302254847964,0.5671422258392032,0.025777386102742574,32,1.0162470760025966,1.0029874756854997,1.0002911820713642,1.0958917525458411,1.1134261575112692,0.9998909469404186,32.0
hard_a0.2,hard_teacher_ce,0.2,0.003,5,0.0005727965667574608,0.0005079095135442913,8.492941487929784e-05,0.0011675619345623998,0.0017005209811031818,7.922801887616515e-05,32,0.19093218958541575,0.16930316970978904,0.028309805642358694,0.3891873072808045,0.5668403221072229,0.02640933939582932,32,1.003864392723845,1.0004534176793767,0.999290656610384,1.0233753676202577,1.0310325922387251,0.9988892708349415,32.0
hard_a0.2,hard_teacher_ce,0.2,0.003,6,0.0005778318650300207,0.000511546153575182,9.777347950148396e-05,0.0011680859606713054,0.0017000155057758093,9.282314567826688e-05,32,0.19261062234370385,0.17051538304288227,0.03259116063355784,0.3893619826604993,0.5666718303328966,0.03094104829047206,32,1.0281329586622516,1.0069064984414124,1.0004997041944512,1.1519410193588182,1.1715949356672817,0.9997027526663949,32.0
hard_a0.2,hard_teacher_ce,0.2,0.003,7,0.0005800886406177597,0.0005131838552188128,0.00010271143655700143,0.0011684425058774647,0.0017000248190015554,9.773615602171049e-05,32,0.19336288087134973,0.17106128358601408,0.03423714636536205,0.38948083106586157,0.5666749347414517,0.03257871839071807,32,1.0106768443094158,1.003378837912075,1.0003247368891013,1.0492215320005702,1.0562676622699854,1.000005478318118,32.0
hard_a0.2,hard_teacher_ce,0.2,0.003,8,0.0005832854401432996,0.000515463063493371,0.00010848741039808374,0.001168923173099756,0.0016998883802443743,0.0001030189887387678,32,0.19442848071656954,0.1718210196709296,0.036162469818357953,0.3896410534812198,0.56662945515612,0.03433966527953921,32,1.0137742362118312,1.0040148889255704,1.0002841418019608,1.0571894131977988,1.0595310787143528,0.9999197430792444,32.0
hard_a0.2,hard_teacher_ce,0.2,0.003,9,0.000585011290922921,0.0005165902839507908,0.00011277818739472423,0.0011695174034684894,0.0017003259854391217,0.00010768184438347816,32,0.19500376430420585,0.17219675982013677,0.03759272880480581,0.38983913026925354,0.5667753235531011,0.0358939506015607,32,1.0080307147237377,1.0028615956148066,1.000384810526584,1.0393716998231262,1.0462110533308695,0.9938296908845896,32.0
hard_a0.2,hard_teacher_ce,0.2,0.003,10,0.0005884265549411793,0.0005190104711800814,0.00011960512383666356,0.0011696163739543406,0.0016999165527522564,0.00011507782619446516,32,0.19614218564427144,0.17300348888955464,0.03986837560701565,0.38987212044299957,0.566638845991999,0.03835927506472304,32,1.014833761608251,1.0051279244549722,1.0001653483658839,1.0601011664856583,1.0700092839845186,0.9996936994152824,32.0
hard_a0.2,hard_teacher_ce,0.2,0.003,11,0.0005938335675637063,0.0005228641966823488,0.00013074320813757367,0.0011686026642564681,0.0016966776456683874,0.00012559499009512365,32,0.19794452318414157,0.17428806404581115,0.04358106900036958,0.38953421723177867,0.5655592103067606,0.04186499958362117,32,1.023560373340108,1.0065381584566115,0.9991146903133982,1.090989047033744,1.094904829746969,0.9980946670125512,32.0
hard_a0.2,hard_teacher_ce,0.2,0.003,12,0.0006075415944906126,0.0005320576019585133,0.0001589730156410951,0.0011685176170431076,0.0016932114958763123,0.00014914052735548466,32,0.2025138654989449,0.17735253244456187,0.05299100475308233,0.3895058682014114,0.5644038270527785,0.04971351254464431,32,1.055144989706291,1.0164802434981013,0.9998696617710243,1.2158023045145552,1.2442295873222222,0.9979570958567621,32.0
hard_a0.2,hard_teacher_ce,0.2,0.003,13,0.0006106717423790542,0.0005329012346919626,0.00016871842890395783,0.0011678545852191744,0.0016912983264774084,0.00015426606114488095,32,0.20355724813579207,0.17763374335326726,0.056239475812466404,0.3892848576029301,0.5637661039253539,0.05142202392552337,32,1.0129142318867448,1.0020407040583277,0.9992408464131372,1.0610826490525909,1.0773430768119536,0.9988700942536929,32.0
hard_a0.2,hard_teacher_ce,0.2,0.003,14,0.0006150122612780251,0.000535979779670015,0.00017713767883833497,0.0011680528288707135,0.0016906189266592264,0.00016107286501210183,32,0.20500408777107823,0.17865992500369815,0.05904589243286445,0.38935093882848304,0.5635396373212618,0.05369095870430048,32,1.0142247347180438,1.005690875669512,1.000196426256875,1.0493115648794777,1.0544241628106594,0.9995982968778802,32.0
hard_a0.2,hard_teacher_ce,0.2,0.003,15,0.0006106262922003225,0.000534862105268985,0.00016571170635870658,0.0011673332192003725,0.0016889310209080577,0.0001600521500222385,32,0.20354209804277762,0.17828736687325988,0.055237236872659204,0.3891110689430234,0.5629770020757627,0.05335071621033672,32,0.984523872211455,0.9994059864353746,0.9150148518541946,1.0134243862355807,1.016037554681804,0.8216002124915804,32.0
hard_a0.2,hard_teacher_ce,0.2,0.003,16,0.0006168810518829559,0.0005397481145337224,0.00017833501115092077,0.0011653475987259297,0.0016834016423672438,0.00017161027062684298,32,0.20562701792893914,0.1799160366140154,0.05944500526238306,0.388449195484543,0.5611338759115125,0.05720342304504916,32,1.0216778976484753,1.0108207593991707,0.9984062535753503,1.071675493011703,1.0853876471709631,0.9967261075364457,32.0
hard_a0.2,hard_teacher_ce,0.2,0.003,17,0.0006526598158416164,0.0005784570821560919,0.00023979222460184245,0.0011692106083501129,0.001677239197306335,0.00023312219127546996,32,0.21755327257635962,0.19281902570931467,0.07993074362341332,0.38973686548982645,0.5590797275757317,0.0777073964163639,32,1.106387150781563,1.0598384629404884,1.0039065186279994,1.3446471283638988,1.3584396226632685,0.9963392900982068,32.0
hard_a0.2,hard_teacher_ce,0.2,0.003,18,0.0006652385245615733,0.0005939110124018043,0.00027120825106976556,0.0011557817051652817,0.0016488898545503616,0.0002619009173940867,32,0.22174617546170533,0.19797033574644185,0.09040275345402625,0.3852605646038124,0.5496299467392146,0.08730030503918462,32,1.0381620641083562,1.0234908434789864,0.987678894543636,1.1214941776202672,1.1411341113083422,0.9830976149367945,32.0
hard_a0.2,hard_teacher_ce,0.2,0.003,19,0.0006764485906387563,0.0006108740053605288,0.0003013287510839291,0.0011384802462998775,0.0016154544427990913,0.00029244061443023384,32,0.22548286414202745,0.20362466668353396,0.10044292047984417,0.37949341182264384,0.5384848095856686,0.09748020396274648,32,1.033357950875121,1.0232082477321585,0.9845346970813489,1.1104381880101786,1.116607827647253,0.9797224710559046,32.0
hard_a0.2,hard_teacher_ce,0.2,0.003,20,0.0007014313496256364,0.0006542575429193676,0.00035345086944289507,0.0011193849728442728,0.0015718996291980147,0.0003422438749112189,32,0.23381045047225857,0.218085845744112,0.1178169605599233,0.37312832099123827,0.5239665385115075,0.11408129064543913,32,1.059696857665692,1.0452850953265291,0.9819743136191833,1.167016386714272,1.1799121896152802,0.9730386617863335,32.0
hard_a0.2,hard_teacher_ce,0.2,0.003,21,0.000721260582395189,0.0007035933958832175,0.0004053833690704778,0.0010902775858994572,0.00150399433914572,0.0003884845646098256,32,0.2404201947122542,0.23453112992244723,0.13512779438211925,0.36342587341172106,0.5013314420241614,0.12949485374432806,32,1.046628640802263,1.0368813333309532,0.9695300471614722,1.138905573772351,1.1496107924011096,0.9568004923527209,32.0
hard_a0.2,hard_teacher_ce,0.2,0.003,22,0.0007247472713061143,0.0007271200884133577,0.00044263361633056775,0.0010455405339598654,0.0014195744879543781,0.00042476801900193095,32,0.24158242433708296,0.24237337011420257,0.14754454392220542,0.34851352285127307,0.4731914918716495,0.14158933843656707,32,1.0175651328474986,1.0126698485474632,0.9527604301499477,1.093324988524572,1.0956816881401328,0.943869568525575,32.0
hard_a0.2,hard_teacher_ce,0.2,0.003,23,0.0007178123260018765,0.0007209895120467991,0.0004689617970143445,0.0009976096742320805,0.0013292412040755153,0.00044960295781493187,32,0.23927077586976953,0.24032981660785496,0.15632060443045842,0.3325365696060507,0.4430803975070978,0.1498676513022761,32,0.9988969873399335,0.9946595301196098,0.9470239680577335,1.0609520349954114,1.0646014631590115,0.9363659430023753,32.0
hard_a0.2,hard_teacher_ce,0.2,0.003,24,0.0007060554626150406,0.0007102731906343251,0.00048246122751152145,0.0009423620271263644,0.0012308139121159911,0.0004727569757960737,32,0.2353518214092108,0.23675770977864558,0.16082041337100886,0.3141206872689756,0.4102713004724444,0.15758565722890247,32,0.9914316749546387,0.9918264938878452,0.9345258609536785,1.0565023594375411,1.0667575469905577,0.925952271372764,32.0
hard_a0.2,hard_teacher_ce,0.2,0.003,25,0.0006682656321572722,0.0006610245327465236,0.0004721428413176909,0.0008645406807772815,0.0011138379340991378,0.00046219429350458086,32,0.22275521126481168,0.22034149189947336,0.1573809524570489,0.28818023818011296,0.37127930813909177,0.1540647751193432,32,0.950933858811756,0.9500756472790018,0.9099045013538258,0.9977551835206869,0.9984724023421605,0.8985946740676221,32.0
hard_a0.2,hard_teacher_ce,0.2,0.003,26,0.0006217361251401599,0.0006109019159339368,0.00045407104771584273,0.0007820737460860983,0.000991793698631227,0.0004350584640633315,32,0.20724537559542372,0.2036339701240606,0.15135701982110802,0.26069125946887983,0.33059789667007167,0.14501949801554548,32,0.9335654429093077,0.933337995409387,0.8967590696140602,0.9701308576695016,0.9702034901233889,0.8854755254926485,32.0
hard_a0.2,hard_teacher_ce,0.2,0.003,27,0.000581555835196923,0.0005742081557400525,0.00042549179488560185,0.0007266974484082311,0.0009133584098890424,0.0003996369778178632,32,0.19385194558160712,0.19140270949733518,0.14183060185389346,0.24223248756221064,0.30445280064993896,0.1332123351199982,32,0.9358631061498369,0.9332487977120253,0.9141592940985158,0.9616749055166531,0.9669713846497581,0.9111082453644411,32.0
hard_a0.2,hard_teacher_ce,0.2,0.003,28,0.0008730260560696479,0.0008568017510697246,0.0007245771965244785,0.0010463778919074685,0.0011103189317509532,0.000673504255246371,32,0.2910086862695611,0.28560059226248297,0.24152574039490105,0.34879264477540334,0.3701063073665597,0.22450143388761776,32,1.5271519730061875,1.5451160887855768,1.1728766623891278,1.7899888820244905,1.8084515774909606,1.0434458608051265,32.0
hard_a0.2,hard_teacher_ce,0.2,0.01,0,0.009999999922001734,0.009999999776482582,0.009999999357387424,0.010000000707805157,0.010000000707805157,0.009999997913837433,32,1.0,1.0,1.0,1.0,1.0,1.0,32,,,,,,,
hard_a0.2,hard_teacher_ce,0.2,0.01,1,0.008044410817092285,0.008032950107008219,0.007924830028787255,0.008178737433627247,0.008211337961256504,0.007918872870504856,32,0.8044410879246531,0.8032950286558649,0.7924829799980947,0.8178737273613104,0.8211338144794214,0.791887231000299,32,0.8044410879246531,0.8032950286558649,0.7924829799980947,0.8178737273613104,0.8211338144794214,0.791887231000299,32.0
hard_a0.2,hard_teacher_ce,0.2,0.01,2,0.007168361436924897,0.007148039061576128,0.0070538303116336465,0.007336588040925562,0.007418581284582615,0.006999549455940723,32,0.716836149260466,0.7148038888684707,0.7053830535885092,0.7336588204911088,0.7418581450400832,0.6999548960509039,32,0.8910819168085036,0.8914703239499464,0.8810887328453411,0.9009361601913468,0.9034558460004511,0.8773679304330071,32.0
hard_a0.2,hard_teacher_ce,0.2,0.01,3,0.0019051214776482084,0.001680139685049653,0.00025309083866886795,0.003950380801688879,0.005670779384672642,0.0002316162281204015,32,0.19051214833908597,0.16801397226037024,0.025309084432588915,0.39503806983728307,0.5670778983291981,0.02316162117264866,32,0.2655096998855536,0.23406022827548698,0.035737327752170665,0.5518543111102379,0.7793197979282016,0.03255700135283241,32.0
hard_a0.2,hard_teacher_ce,0.2,0.01,4,0.0019134521935484372,0.0016860588220879436,0.00027718701312551275,0.003951324534136802,0.005670166574418545,0.0002576685801614076,32,0.191345219932952,0.1686058859774296,0.027718700851627896,0.3951324430837104,0.5670166173081259,0.025766858592074927,32,1.0161368062923966,1.0029803615417705,1.0002705465333392,1.095718187440263,1.1131072030326177,0.9998919354444024,32.0
hard_a0.2,hard_teacher_ce,0.2,0.01,5,0.001914994220896915,0.0016869663959369063,0.00028352010267553853,0.00394957975950092,0.00566715095192194,0.00026410043938085437,32,0.19149942266897502,0.16869664336435447,0.02835201090127068,0.3949579656254748,0.5667150550798101,0.02641004206876904,32,1.0038033145394931,1.0004358722314453,0.9992993219844731,1.0220384132774198,1.0311224187249568,0.9988780239421973,32.0
hard_a0.2,hard_teacher_ce,0.2,0.01,6,0.0019317241485623526,0.0016991589218378067,0.00032629112538415936,0.003951168595813214,0.005665474105626345,0.0003093632112722844,32,0.19317241544574446,0.1699158959816969,0.032629113267733455,0.395116849260037,0.5665473704621194,0.03093631893753983,32,1.027950533876127,1.0071115304271647,1.0004599237047271,1.151623059004293,1.1713846898458105,0.9997041112351125,32.0
hard_a0.2,hard_teacher_ce,0.2,0.01,7,0.0019392110543776653,0.0017046515131369233,0.00034274163481313736,0.0039523158571682865,0.005665512755513191,0.00032571525662206113,32,0.1939211060316124,0.17046515512388546,0.034274164247401005,0.3952315753955754,0.5665512354505305,0.03257152335677689,32,1.0105981171621305,1.0034139773438628,1.0003135992994332,1.0490677606831331,1.0563767225200853,1.000006822003971,32.0
hard_a0.2,hard_teacher_ce,0.2,0.01,8,0.0019498583233144018,0.0017123978468589485,0.00036186169891152533,0.003953853994607925,0.005665144417434931,0.0003432835510466248,32,0.1949858329351173,0.17123978851340238,0.03618616925660707,0.39538538914158383,0.5665144016453116,0.03432835587196102,32,1.013674827658219,1.004041429620456,1.0002644579003337,1.0548060112802697,1.0586925477843339,0.9999349859237538,32.0
hard_a0.2,hard_teacher_ce,0.2,0.01,9,0.0019556405504772556,0.0017161688883788884,0.0003761699728784151,0.00395598174072802,0.005666524637490511,0.00035886833211407065,32,0.19556405565123322,0.1716168926738253,0.03761699661866152,0.39559816374909496,0.5666524236411004,0.035886834013540314,32,1.0080548402010066,1.002831441657444,1.0003753310975336,1.039452564994047,1.0461531337069774,0.9939853547945053,32.0
hard_a0.2,hard_teacher_ce,0.2,0.01,10,0.0019670136180138797,0.0017242628382518888,0.00039894545770948755,0.003956211265176534,0.005665061995387077,0.00038344215136021376,32,0.19670136241437208,0.17242628767921675,0.03989454666266136,0.3956211162006653,0.5665061594411096,0.038344212421998244,32,1.014773159492115,1.0052623408124195,1.0001434483732743,1.0599881393752753,1.0701166575376326,0.9996761991070019,32.0
hard_a0.2,hard_teacher_ce,0.2,0.01,11,0.0019848813017233624,0.0017370254499837756,0.00043586607935139907,0.003952629107516258,0.0056542763486504555,0.0004187004524283111,32,0.19848813080708827,0.17370254888093206,0.04358660715415126,0.3952629004553424,0.5654275948437888,0.04187004617869957,32,1.0233443162110483,1.0069041025325018,0.9991203638471893,1.0911634062480227,1.0940544470159683,0.998096111437897,32.0
hard_a0.2,hard_teacher_ce,0.2,0.01,12,0.0020298585786804324,0.0017735682777129114,0.0005292868125252425,0.003951967763714492,0.005642924457788467,0.0004974203766323626,32,0.20298585855324344,0.17735683173552524,0.052928680299381234,0.3951967661021452,0.5642924058379393,0.049742038775057465,32,1.0542821537885874,1.0166924205256422,0.9998095590695579,1.214417728957877,1.224010743362424,0.997992335329578,32.0
hard_a0.2,hard_teacher_ce,0.2,0.01,13,0.002039891875028843,0.001781358732841909,0.0005614224646706134,0.003949667513370513,0.00563650531694293,0.0005146132898516953,32,0.20398918820068254,0.17813587726583802,0.05614224547675177,0.39496674107816576,0.5636504917988205,0.05146133013541989,32,1.0125124672083152,1.002194184970862,0.9992983146834743,1.0615938541999317,1.077064111196002,0.9988624443063955,32.0
hard_a0.2,hard_teacher_ce,0.2,0.01,14,0.002054155616860953,0.0017938596429303288,0.0005893733177799731,0.0039502066560089585,0.005634138360619545,0.0005373479798436165,32,0.20541556239795378,0.1793859683026217,0.05893733074561262,0.39502065534616804,0.5634137961832355,0.053734799185428006,32,1.0140846939729244,1.005771488479096,1.0001655137019907,1.049105332507879,1.0555842642829218,0.9995800666919855,32.0
hard_a0.2,hard_teacher_ce,0.2,0.01,15,0.002040973240582389,0.0017851692391559482,0.0005524833686649799,0.003947899595368653,0.0056287064217031,0.0005333691369742155,32,0.20409732473277886,0.17851692790575907,0.05524833810139458,0.39478994928995287,0.5628706023300385,0.05333690992220756,32,0.985768284890245,0.9995434573609738,0.9161256697635417,1.0142339503446023,1.0165777200779442,0.8194283581210389,32.0
hard_a0.2,hard_teacher_ce,0.2,0.01,16,0.002061856679574703,0.0018079813453368843,0.0005945198208792135,0.003940938494633882,0.00561039661988616,0.000571882352232933,32,0.20618566865184285,0.18079813857484173,0.05945198341677673,0.3940938392510132,0.5610396222779422,0.05718823117548081,32,1.0216966851806424,1.0108390487820977,0.9983600120275201,1.0702963218367034,1.0853267416557364,0.9967470675417817,32.0
hard_a0.2,hard_teacher_ce,0.2,0.01,17,0.002181048443162581,0.0019376128911972046,0.0007993531675310805,0.003952662681695073,0.005589853972196579,0.0007769207004457712,32,0.21810484511572217,0.19376129345062287,0.07993531853980165,0.39526625801965254,0.5589853576543861,0.07769206454549273,32,1.10627771236513,1.0611224946441686,1.003666856272524,1.3445666527048665,1.3585323929165838,0.9963384678336702,32.0
hard_a0.2,hard_teacher_ce,0.2,0.01,18,0.002222948616690701,0.0019885284709744155,0.0009041020675795153,0.003906527848448604,0.0054955435916781425,0.00087277329294011,32,0.22229486251806185,0.19885285154214916,0.09041020877877717,0.3906527748961604,0.5495543202700761,0.08727732311647705,32,1.0381870161092466,1.0244458231168132,0.9875419129693368,1.1214618138965728,1.1411858295510746,0.9831282926195339,32.0
hard_a0.2,hard_teacher_ce,0.2,0.01,19,0.002260296781969373,0.0020446128910407424,0.001004610426025465,0.003847100271377712,0.005384235642850399,0.0009741465910337865,32,0.2260296791023993,0.2044612936741403,0.10046104484802584,0.3847100174164072,0.5384235261751451,0.09741465220831934,32,1.033401595133119,1.0239278418087683,0.9843644174034166,1.1105594578662796,1.1161507792615657,0.9797457800177772,32.0
hard_a0.2,hard_teacher_ce,0.2,0.01,20,0.0023434052018274087,0.0021727309795096517,0.001178473827894777,0.003780869022011756,0.005239349324256182,0.0011400004150345922,32,0.23434052121010962,0.21727310280739748,0.11784738542357204,0.37808689281367486,0.523934895341236,0.11400003343447807,32,1.059696571262049,1.0456161437928562,0.9816580462488941,1.167049497446008,1.1799982055689626,0.9730906430912606,32.0
hard_a0.2,hard_teacher_ce,0.2,0.01,21,0.00240926630795002,0.002339588478207588,0.0013516406703274696,0.0036683479207567865,0.005013429559767246,0.0012942239409312606,32,0.24092663195010416,0.2339588530501467,0.13516407005389935,0.36683481723433514,0.5013429204914142,0.1294223849325429,32,1.0466204557060586,1.036486278132661,0.9692238694868416,1.1389696425081264,1.1496870820064877,0.9568801867355907,32.0
hard_a0.2,hard_teacher_ce,0.2,0.01,22,0.00242062032702961,0.0024208155227825046,0.0014759925426915288,0.0035162902669981116,0.004732751287519932,0.0014147936599329114,32,0.24206203393942338,0.24208155768919493,0.14759925756825337,0.35162905153165724,0.4732750952533379,0.14147935597930936,32,1.0175661096873059,1.0130173814693515,0.9523879216084713,1.0934854080993186,1.0958725073583346,0.9440147170911193,32.0
hard_a0.2,hard_teacher_ce,0.2,0.01,23,0.0023971980226633605,0.0024082795716822147,0.0015637661039363594,0.003353595442604273,0.004432167857885361,0.0014974697260186076,32,0.23971980354216488,0.2408279625511459,0.15637661388892563,0.3353595686210294,0.44321675441742564,0.14974696200269358,32,0.9988768260151424,0.9945076841692313,0.9466459344054811,1.0611052807738455,1.0645021271595885,0.9364886487005567,32.0
hard_a0.2,hard_teacher_ce,0.2,0.01,24,0.0023576301537104882,0.0023789849365130067,0.0016073495207820088,0.00316588575951755,0.004105430096387863,0.0015744306147098541,32,0.23576301671123825,0.2378984768127238,0.16073496237998078,0.3165885998055297,0.41054298058034244,0.1574430503270851,32,0.9913889461265243,0.9921373533973776,0.9344581733693981,1.0567829027848383,1.0665545184484893,0.9252403973309271,32.0
hard_a0.2,hard_teacher_ce,0.2,0.01,25,0.0022312367473205086,0.002212300430983305,0.0015743227384518832,0.002902964258100837,0.0037164550740271807,0.0015390504850074649,32,0.22312367607750938,0.22123002743955505,0.15743227077783586,0.29029644850324227,0.37164548109745926,0.15390506627431905,32,0.9509039526287675,0.9508613627248406,0.9100906818129642,0.997595109371349,0.9985267160754702,0.8975071277799521,32.0
hard_a0.2,hard_teacher_ce,0.2,0.01,26,0.0020755660843860824,0.002040843479335308,0.0015133796259760857,0.002624691906385124,0.0033098855055868626,0.0014490400208160281,32,0.2075566097604986,0.2040843429215877,0.1513379581717539,0.262469211902988,0.3309885271311476,0.14490401881569842,32,0.9334708181724696,0.9330966155120073,0.89681926605106,0.9700798979356497,0.9701750354816535,0.8844248333261955,32.0
hard_a0.2,hard_teacher_ce,0.2,0.01,27,0.0019413830450503156,0.0019192908075638115,0.0014178969839122146,0.00244315619347617,0.003048649989068508,0.001331064268015325,32,0.19413830578161706,0.19192907611005203,0.14178969411192105,0.2443156327987073,0.3048649773283505,0.13310644217319678,32,0.9358553976429098,0.9332048224752392,0.9140581130703972,0.9616852273589286,0.9670742576910549,0.911173289037423,32.0
hard_a0.2,hard_teacher_ce,0.2,0.01,28,0.0029120771505404264,0.0028585675172507763,0.0024147021933458744,0.0034953026100993157,0.003711510682478547,0.00224610255099833,32,0.2912077175009506,0.2858567581144741,0.24147022473186758,0.3495302894043879,0.37115107654372775,0.22461028103872654,32,1.5264533053061093,1.5450340884616667,1.171256267694873,1.790003844695811,1.8088433903985477,1.0263526485255283,32.0
hard_a0.35,hard_teacher_ce,0.35,0.001,0,0.001000000054773409,0.0010000000474974513,0.0009999999310821295,0.0010000001639127731,0.001000000280328095,0.0009999999310821295,32,1.0,1.0,1.0,1.0,1.0,1.0,32,,,,,,,
hard_a0.35,hard_teacher_ce,0.35,0.001,1,0.0008942694767029025,0.0008930912881623954,0.0008815014502033591,0.0009112974454183132,0.000916678283829242,0.0008738607284612954,32,0.8942694278817345,0.8930911417877443,0.8815013623105974,0.9112974602804864,0.916678240289362,0.87386068695514,32,0.8942694278817345,0.8930911417877443,0.8815013623105974,0.9112974602804864,0.916678240289362,0.87386068695514,32.0
hard_a0.35,hard_teacher_ce,0.35,0.001,2,0.0008146243944793241,0.0008106609457172453,0.0007972333842189983,0.0008370508556254208,0.0008477509836666286,0.0007950174622237682,32,0.8146243501552317,0.8106608600362188,0.7972332952525941,0.8370508692339045,0.8477509434006194,0.7950173319102727,32,0.9109062062456177,0.9114736361809224,0.9003060476934006,0.9212362669920469,0.9248075345750711,0.8933186861370775,32.0
hard_a0.35,hard_teacher_ce,0.35,0.001,3,0.00040409823679965484,0.00029793735302519053,3.539589142746991e-05,0.001079789997311309,0.0022712566424161196,3.3387801522621885e-05,32,0.4040982030232945,0.29793733887392626,0.03539588603919612,1.0797898830875488,2.2712562701282057,0.033387799936786484,32,0.49711725033080834,0.3581899614660595,0.04384657763559927,1.3325337481521142,2.7823451369649193,0.04117720266294501,32.0
hard_a0.35,hard_teacher_ce,0.35,0.001,4,0.0004058927569303705,0.0002988405176438391,3.999837335868506e-05,0.0010787500301375984,0.002268101554363966,3.80214441975113e-05,32,0.40589272311918245,0.29884050344967683,0.03999836727682093,1.0787499160351066,2.2681011825932114,0.038021442391589694,32,1.0327556179810706,1.003051224422971,0.9990550312327043,1.1440112662537973,1.1534356637854164,0.9986108623775791,32.0
hard_a0.35,hard_teacher_ce,0.35,0.001,5,0.00040676466664990585,0.0002994308597408235,4.319308627600549e-05,0.0010767194442450998,0.0022629075683653355,4.194705616100691e-05,32,0.40676463284084985,0.29943084551862154,0.04319307971851699,1.0767193303704141,2.2629071974459416,0.04194705416862875,32,1.0196141742964846,1.0014734013858437,0.9980938036135917,1.0826744286153762,1.1032473133609313,0.9977099852567726,32.0
hard_a0.35,hard_teacher_ce,0.35,0.001,6,0.0004101230325659344,0.0003017195995198563,5.1261384578538126e-05,0.0010742540878709403,0.0022556157782673836,5.0185761210741475e-05,32,0.41012299869076285,0.301719585188945,0.051261376799400155,1.0742539742816997,2.255615408543207,0.05018575882704584,32,1.0505564594367813,1.0070854176093014,0.9977501063831685,1.194944185609733,1.2153702238339414,0.9967776898182283,32.0
hard_a0.35,hard_teacher_ce,0.35,0.001,7,0.00041180002824603434,0.0003029277577297762,5.5160953888844236e-05,0.0010727518383646382,0.0022513640578836203,5.426028656074777e-05,32,0.41179999434432657,0.3029277433414804,0.05516094552889488,1.0727517249450726,2.2513636888563546,0.054260283983522575,32,1.022328226636969,1.0035388009689714,0.9986190063982073,1.082990840981421,1.0879386090265473,0.9981150511426954,32.0
hard_a0.35,hard_teacher_ce,0.35,0.001,8,0.00041326837310862174,0.00030445007723756135,5.898654453631025e-05,0.0010704204265493899,0.002245300216600299,5.812826202600263e-05,32,0.41326833919412753,0.3044500627769593,0.05898653560621854,1.0704203133921175,2.245299848566974,0.05812825926505847,32,1.020314800349868,1.0038623854332933,0.9978520989528392,1.0709697652911503,1.08512067392002,0.9973065923025254,32.0
hard_a0.35,hard_teacher_ce,0.35,0.001,9,0.00041456765347902547,0.000305486551951617,6.217376430868171e-05,0.00106927995220758,0.0022419835440814495,6.150219996925443e-05,32,0.4145676195366857,0.30548653744178506,0.06217375489954611,1.0692798391785394,2.24198317659177,0.061502197048056824,32,1.015115453914106,1.0031290573021523,0.9989468791155653,1.0539267141973698,1.0580429867616294,0.9985228378395334,32.0
hard_a0.35,hard_teacher_ce,0.35,0.001,10,0.00041542878261680016,0.0003065570053877309,6.587511270481628e-05,0.0010649821284459903,0.002230983693152666,6.511936226161197e-05,32,0.4154287487306582,0.3065569908270551,0.06587510957591645,1.0649820159039765,2.230983327466002,0.06511934400683032,32,1.017524988002574,1.003421020818457,0.995801579810929,1.0633701164385898,1.0661075935005537,0.9950936968481229,32.0
hard_a0.35,hard_teacher_ce,0.35,0.001,11,0.0004168378745816881,0.0003085403877776116,7.191548866103403e-05,0.0010579886555206028,0.002213189611211419,7.067896513035521e-05,32,0.41683784078066394,0.30854037312273025,0.07191548524523177,1.0579885437645242,2.2131892484414317,0.07067894531706112,32,1.0268869508885883,1.0047197186193348,0.9932087935105932,1.0911709012241144,1.1043945964929154,0.9920241093667065,32.0
hard_a0.35,hard_teacher_ce,0.35,0.001,12,0.00041869400683935964,0.00031141740328166634,8.149255081661977e-05,0.0010451823880430308,0.0021807209122925997,7.999336230568588e-05,32,0.41869397321611845,0.3114173884901341,0.08149254694593148,1.0451822777308584,2.180720554844646,0.0799933398813053,32,1.0391086291584424,1.0082023446965054,0.9872712054993392,1.1345038146074038,1.135918112510001,0.9853294544876129,32.0
hard_a0.35,hard_teacher_ce,0.35,0.001,13,0.00041820694900707167,0.00031186555861495435,8.410774353251327e-05,0.0010391942574642598,0.002165792975574732,8.220490417443216e-05,32,0.41820691551570505,0.3118655438021359,0.08410773953761001,1.039194147822381,2.1657926205736575,0.08220488113009443,32,1.00732966081939,1.0004391302831566,0.9938720018102317,1.031812735932496,1.0329688276549442,0.9931545863417368,32.0
hard_a0.35,hard_teacher_ce,0.35,0.001,14,0.00041941787890209525,0.00031372283410746604,8.779442323429976e-05,0.0010355382139096035,0.002155484165996313,8.541271381545812e-05,32,0.4194178454452739,0.31372281920643175,0.08779441906428861,1.0355381046963736,2.155483812684984,0.08541268987188148,32,1.014322916895586,1.0043588185456054,0.9961610011297494,1.0436885113073917,1.0471133585044266,0.9952401685227171,32.0
hard_a0.35,hard_teacher_ce,0.35,0.001,15,0.0004203794603654387,0.00031433934054803103,9.094401539186948e-05,0.0010328542732167987,0.0021486568730324507,8.847799472277984e-05,32,0.4203794269213784,0.3143393256177142,0.09094401107226073,1.0328541642789228,2.148656520840202,0.08847796991991909,32,1.011321304265604,1.0024562581888903,0.9970845848555153,1.0371086618139354,1.041996144566481,0.9968325942395839,32.0
hard_a0.35,hard_teacher_ce,0.35,0.001,16,0.0004231467930821964,0.00031798820418771356,9.876735966827255e-05,0.001025178053532727,0.0021272951271384954,9.587528620613739e-05,32,0.42314675969161863,0.317988189084085,0.09876735497707491,1.0251779454747258,2.127294778447709,0.09587525932960858,32,1.0289029967385364,1.0097269071943833,0.9922075230763497,1.0867355918833106,1.088499823481216,0.990058093424751,32.0
hard_a0.35,hard_teacher_ce,0.35,0.001,17,0.0004362079594102397,0.00033495457319077104,0.0001279274445550982,0.0010037278640083968,0.0020641633309423923,0.00012448230700101703,32,0.4362079259509406,0.33495455728128326,0.12792743847887092,1.0037277584217856,2.0641629925997123,0.12448227210513883,32,1.10402124304175,1.0476980350534153,0.979211438369082,1.2960367805913726,1.2983774226589833,0.9703229724025062,32.0
hard_a0.35,hard_teacher_ce,0.35,0.001,18,0.0004351104771558312,0.00034189046709798276,0.00014741887716809287,0.0009602588252164422,0.0019529080018401146,0.00014279628521762788,32,0.4351104445261414,0.3418904508590577,0.14741887016607227,0.9602587245167593,1.9529076817336009,0.1427962451878285,32,1.039265344218401,1.0152021094465964,0.9544069798587009,1.1502556219191968,1.1539245379345553,0.946101489434228,32.0
hard_a0.35,hard_teacher_ce,0.35,0.001,19,0.0004313762551646505,0.00034452132240403444,0.0001652070030104369,0.0009139776695519685,0.001837288262322545,0.00015997853188309819,32,0.43137622349499577,0.34452130604015047,0.1652069951635257,0.9139775740015244,1.8372879611675803,0.15997848703663367,32,1.0247754206453072,1.0098004430805236,0.9499019698429566,1.119844404405735,1.1216404906735045,0.9407961156344141,32.0
hard_a0.35,hard_teacher_ce,0.35,0.001,20,0.00043254276852167095,0.000354574280208908,0.00019272658828413115,0.0008580576279200613,0.001692929188720882,0.00018725747941061854,32,0.4325427377938955,0.3545742633675342,0.19272657913010985,0.8580575385811903,1.6929289112282093,0.1872574269171008,32,1.046087289574186,1.033004493575418,0.9380576992284335,1.166335464354323,1.1705163011963007,0.9214281849168423,32.0
hard_a0.35,hard_teacher_ce,0.35,0.001,21,0.0004282920431251114,0.0003611266438383609,0.00021882033252040856,0.0007892616267781704,0.0015234577003866434,0.0002113910741172731,32,0.42829201374334025,0.36112662668576656,0.21882032212700095,0.7892615449636691,1.5234574506725078,0.21139101485843262,32,1.026195670073245,1.0231100469763228,0.9197195835356811,1.1283500399034132,1.1413816966970471,0.8998945204186093,32.0
hard_a0.35,hard_teacher_ce,0.35,0.001,22,0.0004136815487072454,0.0003605699312174693,0.0002387439577432815,0.0007110748178092763,0.0013364616315811872,0.0002308644907316193,32,0.4136815212053075,0.36056991409131733,0.23874394640355254,0.7110747444641377,1.336461412518091,0.23086442601383456,32,0.9927475383840185,0.994052185606272,0.9003883621710327,1.0895923259092704,1.0987616189966525,0.8772554900881082,32.0
hard_a0.35,hard_teacher_ce,0.35,0.001,23,0.0003989926613030548,0.00035764787753578275,0.0002528773344238289,0.0006465833401307463,0.0011833726894110441,0.00024341016251128167,32,0.39899263542977814,0.3576478605484209,0.2528773224128006,0.6465832736762741,1.1833724954411768,0.24341009427659366,32,0.9827483323963342,0.9868812516878294,0.9096279283022075,1.0578316054369585,1.062950587395234,0.8854520484893971,32.0
hard_a0.35,hard_teacher_ce,0.35,0.001,24,0.00037733960925834253,0.0003471592644928023,0.0002623459731694311,0.0005736927181715145,0.0010172504698857665,0.0002521304995752871,32,0.3773395853626288,0.34715924800362286,0.2623459607086666,0.5736926593852284,1.0172503031454483,0.2521304288960443,32,0.961176872280068,0.9644544474308828,0.8875019229104799,1.0357843934196622,1.0387520692403072,0.8596196946137439,32.0
hard_a0.35,hard_teacher_ce,0.35,0.001,25,0.00034439790306350915,0.0003214510215912014,0.0002510279620764777,0.0004989741501049139,0.000858787854667753,0.00024448250769637525,32,0.34439788167235574,0.3214510063230979,0.25102796651089265,0.4989740992141554,0.8587877139014772,0.24448243916107884,32,0.9219247930703516,0.9241218758722153,0.8689025997664855,0.970245622106425,0.9724029303913294,0.8442245839062544,32.0
hard_a0.35,hard_teacher_ce,0.35,0.001,26,0.0003118139875368797,0.0002929922047769651,0.00023716993455309422,0.000432067627843935,0.000722164404578507,0.00023042329121381044,32,0.3118139685365905,0.29299219086058276,0.23716993870579087,0.43206758391513667,0.7221642862065561,0.2304232266197063,32,0.9123741306447481,0.9180431745679054,0.8660846353765351,0.947824121392064,0.951332655813245,0.8409112921815798,32.0
hard_a0.35,hard_teacher_ce,0.35,0.001,27,0.00028375513102218974,0.00026984991563949734,0.00021936314151389525,0.0003810504756984301,0.0006208219565451145,0.00021536460553761572,32,0.2837551139437058,0.26984990282231475,0.21936314519892663,0.3810504371117317,0.6208218547844827,0.21536454516488304,32,0.9141256551839292,0.915145192197405,0.8799929361325578,0.9384931008286137,0.9436495280143279,0.8596684530684655,32.0
hard_a0.35,hard_teacher_ce,0.35,0.001,28,0.00040866355902835494,0.00040558315231464803,0.00036709844862343745,0.00045305349922273306,0.0004853481659665704,0.0003594680456444621,32,0.4086635371932044,0.40558315655509203,0.3670984549383904,0.45305350149484075,0.4853481429137706,0.35946798672306757,32,1.4916443395348926,1.5593352855052585,1.0759750689799141,1.718257852809107,1.7315558790446564,0.6835399000903837,32.0
hard_a0.35,hard_teacher_ce,0.35,0.003,0,0.003000000026077032,0.003000000026077032,0.0029999997932463884,0.0030000002589076757,0.0030000002589076757,0.0029999997932463884,32,1.0,1.0,1.0,1.0,1.0,1.0,32,,,,,,,
hard_a0.35,hard_teacher_ce,0.35,0.003,1,0.0026827682813745923,0.002679256140254438,0.002644508483354002,0.002733881864696741,0.002749981125816703,0.0026215871330350637,32,0.8942560859673403,0.8930853376708567,0.8815028201223417,0.9112939150153779,0.916660367304307,0.8738623700824423,32,0.8942560859673403,0.8930853376708567,0.8815028201223417,0.9112939150153779,0.916660367304307,0.8738623700824423,32.0
hard_a0.35,hard_teacher_ce,0.35,0.003,2,0.0024438444670522586,0.0024319066433236003,0.002391700749285519,0.0025112007278949022,0.0025433385744690895,0.0023850458674132824,32,0.8146148152586887,0.8106355721921238,0.7972335761653445,0.8370669082109702,0.8477795174538386,0.7950152205259131,32,0.9109090756013867,0.9114488039597208,0.9002867077101877,0.9212379170839455,0.9248567383217062,0.8933333054267346,32.0
hard_a0.35,hard_teacher_ce,0.35,0.003,3,0.0012125872524393344,0.0008954769582487643,0.00010758425887615885,0.00323725149501115,0.006830791477113962,0.00010080469655804336,32,0.4041957438760524,0.2984923168216569,0.035861417781657356,1.0790838222906156,2.2769302958664106,0.03360156783509629,32,0.49724241463750024,0.3588780414991038,0.04441499172857505,1.3316576430942928,2.789331145833363,0.041441521228265124,32.0
hard_a0.35,hard_teacher_ce,0.35,0.003,4,0.0012179753232430812,0.0008981768041849136,0.00012120967730879783,0.003234074299689382,0.006821363233029842,0.00011462835391284898,32,0.40599176748470367,0.29939226545921727,0.04040322400866223,1.0780247571925652,2.2737875481095977,0.03820945393759719,32,1.0325500691037897,1.0030322932765945,0.9990365016877846,1.143096746543235,1.153455864763005,0.9986197435369374,32.0
hard_a0.35,hard_teacher_ce,0.35,0.003,5,0.0012205658508719353,0.000899836333701387,0.00013068401894997806,0.003228023869451135,0.006805611774325371,0.0001263519370695576,32,0.40685527670293214,0.2999454419599,0.04356133775511695,1.0760079471306803,2.2685370623279044,0.04211731525915488,32,1.0194670992642378,1.0013416633305154,0.9980873161606559,1.0817849665871269,1.1022747231075305,0.9976908635171045,32.0
hard_a0.35,hard_teacher_ce,0.35,0.003,6,0.0012306196399549663,0.0009066211641766131,0.00015471312799490987,0.0032206065137870606,0.006783740594983101,0.00015098163567017764,32,0.4102065397342778,0.30220705209865006,0.051571040423204234,1.0735354952641472,2.261246669842994,0.05032721535850372,32,1.0503707514177363,1.0069973225190096,0.9977428243132255,1.1942525150341914,1.215429517705048,0.9967863022359312,32.0
hard_a0.35,hard_teacher_ce,0.35,0.003,7,0.0012356394363450818,0.0009102331532631069,0.0001663287046540063,0.0032160764210857444,0.006770884618163109,0.00016318020061589777,32,0.41187980520184564,0.3034110484503491,0.05544289914489852,1.0720254643768339,2.2569613446061645,0.05439340395397683,32,1.0222743346579275,1.0034949778122328,0.9986117345703872,1.0827684306209404,1.087916208625838,0.9981048837820391,32.0
hard_a0.35,hard_teacher_ce,0.35,0.003,8,0.0012400207683640474,0.0009148170065600425,0.0001777423014573287,0.0032090576831251376,0.006752639077603817,0.00017475498316343874,32,0.41334024921067797,0.30493899953604614,0.05924743125079187,1.0696858850769682,2.250879498277946,0.05825166506906029,32,1.0202524649843654,1.0038001456797998,0.9978419652361352,1.0704127332094728,1.0845917517525003,0.9973052944204148,32.0
hard_a0.35,hard_teacher_ce,0.35,0.003,9,0.001243917512056214,0.0009179436892736703,0.0001872599867056124,0.0032056701951660212,0.006742662284523249,0.00018485626787878573,32,0.4146391637760667,0.30598122709819603,0.06241999286397387,1.0685567224337444,2.2475539008714307,0.06161876020622898,32,1.0150942342380338,1.003090229778124,0.998957642369073,1.0534310031496597,1.0578025560844797,0.9985225342320371,32.0
hard_a0.35,hard_teacher_ce,0.35,0.003,10,0.0012464943729355582,0.0009211969736497849,0.00019814164916169829,0.003192755032796412,0.006709510926157236,0.00019604693807195872,32,0.415498117419117,0.3070656552141413,0.0660472135294879,1.0642516683479624,2.236503449036442,0.06534898386103238,32,1.0175013097847259,1.0034176524401361,0.9957911689483552,1.0632486024059067,1.0661484180832939,0.9950833429041661,32.0
hard_a0.35,hard_teacher_ce,0.35,0.003,11,0.001250692669145792,0.0009270823793485761,0.00021615755613311194,0.0031717273290269073,0.006655803415924311,0.00021277336054481566,32,0.41689754950992486,0.3090274570966857,0.07205252056914589,1.057242433819054,2.218600947170499,0.07092444739397728,32,1.026842155804476,1.004640662826311,0.9932000134942961,1.0907126693684666,1.1043871674657866,0.9919953166744919,32.0
hard_a0.35,hard_teacher_ce,0.35,0.003,12,0.0012562441447698802,0.00093567103613168,0.00024482895023538733,0.003133369609713554,0.006558025721460581,0.00024062316515482962,32,0.4187480414276134,0.31189034266616855,0.08160965218652663,1.0444565274924091,2.186008385162077,0.08020771479614554,32,1.0390866520063895,1.0080422434189855,0.9872745803500661,1.1343062501477812,1.1359484933883992,0.9853094076922716,32.0
hard_a0.35,hard_teacher_ce,0.35,0.003,13,0.001254783894182765,0.0009370598127134144,0.00025266166048822927,0.003115391300525516,0.006513191852718592,0.00024723689421080053,32,0.4182612912606869,0.3123532681893894,0.08422055567421771,1.0384637578151543,2.17106376353784,0.08241229095787528,32,1.0073361236741087,1.0004398984577874,0.9938534183791563,1.0317209682189172,1.0329277133665669,0.9931635112995556,32.0
hard_a0.35,hard_teacher_ce,0.35,0.003,14,0.0012584270634761197,0.0009426242904737592,0.0002637021621922031,0.0031044318689964706,0.006482243537902832,0.0002568310883361846,32,0.4194756810314529,0.3142080940933816,0.08790072300054642,1.0348106140038937,2.160747659489559,0.0856103553903355,32,1.0143265110954656,1.0042960256559958,0.9961655605689205,1.0435489271404745,1.0471430874874688,0.9952483643172829,32.0
hard_a0.35,hard_teacher_ce,0.35,0.003,15,0.001261293973584543,0.0009443902235943824,0.0002731341868638992,0.0030963022378273303,0.006461697164922953,0.000266020157141611,32,0.42043131774303216,0.3147967384618059,0.0910447313047434,1.0321007369710689,2.1538988690873344,0.08867337806113092,32,1.0113028348363078,1.0024445078533146,0.9970813047469191,1.0370909504072623,1.0419861758172553,0.9968303608373026,32.0
hard_a0.35,hard_teacher_ce,0.35,0.003,16,0.001269596241399995,0.0009553080890327692,0.00029656703263754026,0.0030732403392903502,0.006397443823516369,0.0002881564723793417,32,0.4231987403619866,0.31843602690963424,0.09885568010560417,1.0244134375255627,2.132481090466882,0.09605214917023434,32,1.028909386186506,1.0095586757464172,0.9922001786588719,1.0866608102076531,1.0883651845794973,0.9900562747268039,32.0
hard_a0.35,hard_teacher_ce,0.35,0.003,17,0.0013087559254927328,0.0010060341737698764,0.000383960988256149,0.0030088773346506055,0.0062074665911495686,0.00037382918526418507,32,0.4362519683890662,0.3353447216750271,0.12798699939465524,1.0029591028321363,2.0691553518097887,0.12460971766725756,32,1.1039876111216964,1.047205638130603,0.9792686297353018,1.2956712223486115,1.2973131652307988,0.9703041968624307,32.0
hard_a0.35,hard_teacher_ce,0.35,0.003,18,0.0013054223754807026,0.0010285114403814077,0.0004423891645274125,0.0028785533271729943,0.0058728428557515144,0.0004286746552679688,32,0.4351407852244807,0.34283713016282547,0.14746305866280668,0.9595177673838728,1.9576141163033978,0.14289153942408414,32,1.0392189705507013,1.0152263191788462,0.9544001208195225,1.1500287340218522,1.1538648087762977,0.9460933489557316,32.0
hard_a0.35,hard_teacher_ce,0.35,0.003,19,0.0012942058310727589,0.0010361444437876344,0.0004957262019161135,0.0027397676953114566,0.005525087006390095,0.00048013462219387293,32,0.4314019372938215,0.3453814646568205,0.16524207158030546,0.9132558904988178,1.8416955098536636,0.16004486025234338,32,1.024755430521242,1.0096559742361237,0.9499495722281511,1.1196839971937933,1.1215124612713332,0.940785773108019,32.0
hard_a0.35,hard_teacher_ce,0.35,0.003,20,0.0012977092337678187,0.0010658811079338193,0.0005782306485343725,0.0025723021128214894,0.005090723745524883,0.0005618618451990187,32,0.4325697384037286,0.35529368574230524,0.19274355449102704,0.8574340301540516,1.696907768727479,0.18728726556963604,32,1.0460658678946817,1.0326448920991322,0.938152414978188,1.166205224644243,1.1702173082868106,0.9213834532627551,32.0
hard_a0.35,hard_teacher_ce,0.35,0.003,21,0.0012849405393353663,0.001085225900169462,0.0006564748095115647,0.0023661900777369738,0.004581023007631302,0.0006341950502246618,32,0.42831350722093603,0.36174194967687345,0.21882494210784056,0.7887300190564118,1.5270075374257766,0.21139833183067036,32,1.0261698702866577,1.0229588595772698,0.9197973955449719,1.128473472408444,1.1412657613768709,0.8998765669927296,32.0
hard_a0.35,hard_teacher_ce,0.35,0.003,22,0.0012410939143592259,0.0010827361256815493,0.0007162396708736196,0.0021318406565114852,0.00401852373033762,0.0006925327470526099,32,0.4136979659995045,0.36091203875667816,0.23874656299914185,0.7106135459935977,1.3395077945095901,0.23084422909508903,32,0.9927284178185476,0.9937325924615461,0.9004631224711854,1.089662655140188,1.0987312791222636,0.8772109905676871,32.0
hard_a0.35,hard_teacher_ce,0.35,0.003,23,0.0011970063005719567,0.001073832914698869,0.0007585768442368134,0.0019385125022381544,0.003558085998520255,0.0007301021832972765,32,0.39900209514252116,0.357944301788248,0.25285895443810164,0.6461708284626456,1.1860285638161188,0.2433673734291985,32,0.9827270692825822,0.986783056491364,0.9096383947789121,1.0578344313224748,1.062875607707291,0.8854211738650899,32.0
hard_a0.35,hard_teacher_ce,0.35,0.003,24,0.001132037490606308,0.0010422401246614754,0.000786959653487429,0.001719985232921317,0.0030583639163523912,0.0007562156533822417,32,0.3773458256220437,0.3474133718673219,0.262319891078703,0.5733284059902046,1.0194545508025943,0.25207186270630055,32,0.9611726852383669,0.964397996726148,0.8875037563431132,1.0357608658638287,1.0386992851883117,0.8595531186217282,32.0
hard_a0.35,hard_teacher_ce,0.35,0.003,25,0.001033209327943041,0.0009649737330619246,0.0007529842434450984,0.0014960188826080411,0.002581806620582938,0.0007332704844884574,32,0.3444031052559806,0.3216579082246803,0.2509947651130575,0.4986729565347101,0.8606021325888135,0.24442347373511467,32,0.9219235389526509,0.9239123165225464,0.8689748516225787,0.9702256591487817,0.9723937214749486,0.8441790091684619,32.0
hard_a0.35,hard_teacher_ce,0.35,0.003,26,0.0009354503235954326,0.0008794646710157394,0.0007114265812560916,0.001295450545148924,0.002170981140807271,0.0006910929223522544,32,0.3118167709663723,0.2931548877903767,0.23714221009536665,0.43181684462947406,0.7236603178153533,0.23036428756972405,32,0.9123691930306463,0.9180584825582037,0.8661036241725142,0.9478576390846933,0.9513492161193381,0.8408767424715534,32.0
hard_a0.35,hard_teacher_ce,0.35,0.003,27,0.0008512667991453782,0.0008092360803857446,0.0006580108049092815,0.0011425243923440574,0.0018660853384062648,0.0006459186552092433,32,0.2837555965398566,0.2697453577838621,0.219336950085996,0.38084146080428083,0.6220283924527799,0.21530619982160518,32,0.9141242761282458,0.9151423897427637,0.8800192829192671,0.9385209481417368,0.9436761821381088,0.859558520951669,32.0
hard_a0.35,hard_teacher_ce,0.35,0.003,28,0.0012259873692528345,0.001216772070620209,0.0011009585112333297,0.0013588768080808223,0.0014569633640348911,0.0010782177560031414,32,0.4086624527738094,0.4055906866812026,0.36698618304858666,0.4529589672439082,0.4856544504568215,0.35940588765006615,32,1.4916726146946981,1.558684891401198,1.076139985304257,1.718253288717346,1.7312990648293318,0.6833059765679026,32.0
hard_a0.35,hard_teacher_ce,0.35,0.01,0,0.009999999834690243,0.009999999776482582,0.009999999776482582,0.010000000707805157,0.010000000707805157,0.009999998845160007,32,1.0,1.0,1.0,1.0,1.0,1.0,32,,,,,,,
hard_a0.35,hard_teacher_ce,0.35,0.01,1,0.008942074695369229,0.008930766489356756,0.008814559644088149,0.00911289881914854,0.009166309610009193,0.008738904260098934,32,0.894207484250743,0.8930766688974947,0.8814559841108914,0.9112898639264825,0.9166309814892184,0.873890445542867,32,0.894207484250743,0.8930766688974947,0.8814559841108914,0.9112898639264825,0.9166309814892184,0.873890445542867,32.0
hard_a0.35,hard_teacher_ce,0.35,0.01,2,0.008145822357619181,0.008104864042252302,0.007972624758258462,0.008371260901913046,0.008479120209813118,0.007949627004563808,32,0.81458224918988,0.8104864600911689,0.7972624936460516,0.8371260736279451,0.8479120399336227,0.7949626441885149,32,0.9109219627580315,0.9113884195444112,0.900209525294048,0.9212616550692202,0.9250309634483985,0.8933629354071112,32.0
hard_a0.35,hard_teacher_ce,0.35,0.01,3,0.004043749415359343,0.0030147649813443422,0.00036050802591489626,0.010796037921682,0.02282782457768917,0.00033848092425614595,32,0.4043749432069021,0.3014765048729592,0.036050803397287876,1.0796038162992256,2.282782296192409,0.03384809633452813,32,0.49749970343123945,0.36252823158673275,0.044646905754427514,1.332268307348523,2.79680588553575,0.0417528041521073,32.0
hard_a0.35,hard_teacher_ce,0.35,0.01,4,0.00406178710727545,0.0030236090533435345,0.0004056825302541256,0.010785457305610178,0.022796286270022392,0.00038425199454650283,32,0.406178712446059,0.3023609120926465,0.0405682539321837,1.078545754668394,2.279628465648961,0.0384252038921465,32,1.032697450930876,1.0029443547658934,0.9990387767758955,1.1421635106902757,1.1537450848510886,0.9986184269307202,32.0
hard_a0.35,hard_teacher_ce,0.35,0.01,5,0.004070443907949084,0.003028957173228264,0.00043710848112823444,0.010765414172783493,0.02274368330836296,0.0004231353523209691,32,0.40704439254892616,0.3028957240930734,0.04371084908983705,1.0765414413409256,2.2743681698553444,0.042313540118633745,32,1.0194992737261264,1.0013387587481954,0.9981011707565682,1.0812844623182662,1.1011923381695303,0.9976924767027248,32.0
hard_a0.35,hard_teacher_ce,0.35,0.01,6,0.004104024166736053,0.0030512037919834256,0.0005169763637240977,0.010740641690790653,0.02267053909599781,0.000504863157402724,32,0.4104024185144979,0.30512038601831465,0.05169763752794201,1.0740641930862707,2.2670537491365477,0.05048632157063473,32,1.0505414913445037,1.0069580377078307,0.9977397968808395,1.19346029447978,1.2157437475208481,0.9967839768355262,32.0
hard_a0.35,hard_teacher_ce,0.35,0.01,7,0.004120775714909541,0.003063092823140323,0.000555554305901751,0.010725476220250128,0.022627517580986023,0.000545339600648731,32,0.41207757337663453,0.3063092891605784,0.05555543183193576,1.0725476459983208,2.2627515979398773,0.05453396636267363,32,1.0223449357335435,1.0034604737106059,0.9986060060684512,1.082461393858143,1.0879141737932476,0.9981023161897644,32.0
hard_a0.35,hard_teacher_ce,0.35,0.01,8,0.00413534366634849,0.0030781623208895326,0.0005935676366789266,0.010702112736180424,0.02256643958389759,0.0005837858188897371,32,0.41353436856509507,0.30781623896918237,0.05935676499461975,1.070211297539129,2.2566437986633474,0.0583785886307666,32,1.0202895533878178,1.0037390151931884,0.9978475062868932,1.0701137341670663,1.0863064162034883,0.997300720378635,32.0
hard_a0.35,hard_teacher_ce,0.35,0.01,9,0.004148313659243286,0.003088352154009044,0.0006252302700886503,0.010690863244235514,0.02253302000463009,0.0006173632573336363,32,0.41483136789089936,0.3088352223039096,0.06252302840636362,1.0690863483194935,2.2533018409731427,0.061736332862922245,32,1.0151306280878147,1.0030451101013251,0.9989634127786431,1.0532119172382193,1.0575167079388086,0.998519058394513,32.0
hard_a0.35,hard_teacher_ce,0.35,0.01,10,0.004156921695539495,0.0030989963561296463,0.0006614091718802229,0.010647848900407552,0.022422030568122864,0.0006545319338329136,32,0.4156921715656401,0.30989964253976143,0.06614091866638702,1.0647849138405527,2.242202898108009,0.06545320094208877,32,1.0175622712500356,1.0032874677096375,0.9958014790095014,1.0638878840397021,1.066265451733113,0.9950743647995511,32.0
hard_a0.35,hard_teacher_ce,0.35,0.01,11,0.004170903166595963,0.0031184135004878044,0.0007213012839201837,0.010577522311359642,0.022242404520511627,0.0007102368981577456,32,0.4170903187412389,0.31184135701897797,0.07213013298928668,1.0577522547785696,2.2242402946182875,0.07102369140327777,32,1.0268958306912723,1.0045969490101316,0.9932145936529678,1.090548904296921,1.1044376912736773,0.9919888590346224,32.0
hard_a0.35,hard_teacher_ce,0.35,0.01,12,0.0041894025289366255,0.0031462403712794185,0.000816717415000312,0.010449480870738624,0.021915534511208534,0.00080292479833588,32,0.41894025509369603,0.31462404416033724,0.08167174670943822,1.0449481104302727,2.191553296001581,0.08029248162826483,32,1.0391665499652463,1.0079022489622946,0.9872947302940935,1.1341357352058457,1.136151874014474,0.9853041963605302,32.0
hard_a0.35,hard_teacher_ce,0.35,0.01,13,0.0041845483629003866,0.0031506989616900682,0.0008428184228250757,0.01038945955224335,0.021765757352113724,0.0008249004604294896,32,0.4184548385199789,0.31506990321136796,0.08428184766178458,1.0389459784465873,2.1765755811522305,0.08249004788674522,32,1.0073640039947729,1.0003955083274567,0.9938656665002026,1.0319148909768505,1.0329589097681622,0.9931657081410354,32.0
hard_a0.35,hard_teacher_ce,0.35,0.01,14,0.004196713753117365,0.0031689921161159873,0.0008795541245490313,0.010352911660447715,0.02166225202381611,0.0008568023913539946,32,0.41967137758825823,0.3168992186948483,0.08795541806460776,1.035291189185333,2.1662250490550847,0.08568024105050208,32,1.0143469881642533,1.0042256537341299,0.9961844310929002,1.043751126060231,1.0472303466561004,0.9952445795189587,32.0
hard_a0.35,hard_teacher_ce,0.35,0.01,15,0.004206279634672683,0.0031744542066007853,0.0009109161415835843,0.010325754340738057,0.021593621000647545,0.0008873532642610371,32,0.42062796577522166,0.31744542775553675,0.09109161996714174,1.0325754571536656,2.1593619472240024,0.08873532840949286,32,1.0113182417365518,1.0024480328879735,0.9970996919202366,1.0371785336594768,1.0419299118908025,0.9968317687794829,32.0
hard_a0.35,hard_teacher_ce,0.35,0.01,16,0.004233926300003077,0.0032100726384669542,0.0009888840198982508,0.010248726932331918,0.02137884683907032,0.0009609643020667136,32,0.4233926324118761,0.32100727102176707,0.09888840830516643,1.0248727161408822,2.137884532586462,0.096096432354594,32,1.0289317163426832,1.009442513075506,0.9922126724999658,1.086956457421212,1.0883448036725527,0.9900538144310866,32.0
hard_a0.35,hard_teacher_ce,0.35,0.01,17,0.004364346663351171,0.0033769726287573576,0.0012799796008039267,0.01003377716988325,0.0207439586520195,0.0012461480218917131,32,0.436434669138157,0.33769727042385794,0.12799796824931678,1.0033777394155652,2.0743957183751514,0.12461480497452926,32,1.1040055379846427,1.0468777639975213,0.9793329934830264,1.2954837214124815,1.2967682766276172,0.9703029732225525,32.0
hard_a0.35,hard_teacher_ce,0.35,0.01,18,0.004353110725787701,0.003443597932346165,0.001474618149222806,0.009598870575428008,0.019625356420874596,0.0014285509241744876,32,0.4353110756349695,0.34435980093165786,0.14746182434277416,0.9598870789979489,1.9625355031781846,0.14285509561050896,32,1.039213005587885,1.0151200658842519,0.9544729338764039,1.1504919603462551,1.1538294178642161,0.9460757587348929,32.0
hard_a0.35,hard_teacher_ce,0.35,0.01,19,0.004315599620895227,0.003467335947789252,0.0016522991936653852,0.009135851357132196,0.018463097512722015,0.0015998119488358498,32,0.43155996536372965,0.34673360252902513,0.1652299299147126,0.913585156133439,1.8463096205894545,0.15998119845944342,32,1.024731070247161,1.0094567166425708,0.9500088034764872,1.1195525576467131,1.121468374647681,0.9407776917153801,32.0
hard_a0.35,hard_teacher_ce,0.35,0.01,20,0.004327059417846613,0.003564265905879438,0.0019270910532213747,0.008576911455020307,0.017010929062962532,0.0018717404454946518,32,0.43270594544306584,0.35642659855469905,0.19270911761646742,0.8576911646729222,1.7010927858920286,0.18717404873313118,32,1.0459995392695118,1.0323209367702066,0.9382571536050487,1.166086093794496,1.1699752879434853,0.9213475177304965,32.0
hard_a0.35,hard_teacher_ce,0.35,0.01,21,0.004284366252250038,0.0036266373936086893,0.0021877188817597927,0.007889174157753587,0.015307100489735603,0.002112793503329158,32,0.4284366292346088,0.36266374746703534,0.21877190207404257,0.7889174334090374,1.5307099406291214,0.21127935505537737,32,1.0261400176410715,1.022006519372318,0.9199535396850073,1.1286701213516215,1.1411678827484693,0.8998391818036188,32.0
hard_a0.35,hard_teacher_ce,0.35,0.01,22,0.004138029704336077,0.0036258845357224345,0.002386994392145425,0.007107142312452196,0.013426654040813446,0.002306666225194931,32,0.4138029746598044,0.3625884616767271,0.23869945429075753,0.710714247130921,1.3426653090468017,0.230666627675294,32,0.9926902581420574,0.993373645953549,0.9005752681508338,1.0897423717860535,1.0988125388610388,0.8771520151590356,32.0
hard_a0.35,hard_teacher_ce,0.35,0.01,23,0.003991026998846792,0.0035936302738264203,0.0025277119711972773,0.006461948622018098,0.011887777596712112,0.002431513275951147,32,0.3991027042391765,0.3593630354150318,0.25277121303651423,0.6461948766453909,1.1887776755289143,0.24315133302997052,32,0.9827165077529683,0.9863401978101012,0.9095536398537503,1.0577828259173971,1.0628108136806145,0.8853864529894373,32.0
hard_a0.35,hard_teacher_ce,0.35,0.01,24,0.0037743984430562705,0.0034864447079598904,0.00262219657888636,0.005732706212438643,0.010217525996267796,0.0025183341931551695,32,0.37743984870732483,0.34864447858880043,0.26221967438344757,0.5732706340574615,1.0217525273066088,0.2518334249444326,32,0.9611722642779328,0.9640978687058743,0.8873894173010782,1.0357170437403687,1.0386553856280052,0.8594984144970654,32.0
hard_a0.35,hard_teacher_ce,0.35,0.01,25,0.0034448477745172568,0.0032235932303592563,0.002510086284019053,0.004985762643627822,0.008624985814094543,0.002442076336592436,32,0.34448478165528046,0.3223593302412181,0.2510086443057781,0.49857627550683037,0.8624985203613643,0.24420763911770968,32,0.9219119278531502,0.9236104685918142,0.8690624827998722,0.9702036559422018,0.9722807795223715,0.8441364198383281,32.0
hard_a0.35,hard_teacher_ce,0.35,0.01,26,0.003118831962638069,0.0029374697478488088,0.002371485694311559,0.004316802858375012,0.007252397947013378,0.0023017358034849167,32,0.3118832002247063,0.2937469813506376,0.23714858448734108,0.43168029548630776,0.7252397433684948,0.23017358549327221,32,0.9123452460316863,0.9179830383268205,0.8660029177694084,0.9478958494794704,0.9512468261192577,0.8408591159839188,32.0
hard_a0.35,hard_teacher_ce,0.35,0.01,27,0.002838120075466577,0.0026971203042194247,0.002193383499979973,0.0038069292437285184,0.006231939420104027,0.002151333261281252,32,0.28381201125244204,0.26971203645047626,0.21933836404835447,0.38069293288200196,0.6231938979004172,0.21513333093672984,32,0.914120496155273,0.9152347739513937,0.8801009267042044,0.9385590681501983,0.9436620993193688,0.8592936385503241,32.0
hard_a0.35,hard_teacher_ce,0.35,0.01,28,0.004087627195985988,0.004056538920849562,0.0036702567478641866,0.0045288132270798085,0.004869115073233843,0.0035954006016254425,32,0.40876272622045445,0.40565390115202743,0.367025682990082,0.4528813328306675,0.4869115182067048,0.35954003471411516,32,1.4916735004261548,1.5577261757226513,1.075313067117556,1.7184838461079475,1.7308514826882437,0.684645536557307,32.0
hard_a0.5,hard_teacher_ce,0.5,0.001,0,0.0010000000656873453,0.0010000000474974513,0.0009999999310821295,0.0010000001639127731,0.0010000001639127731,0.0009999999310821295,32,1.0,1.0,1.0,1.0,1.0,1.0,32,,,,,,,
hard_a0.5,hard_teacher_ce,0.5,0.001,1,0.001037303743942175,0.0010391524992883205,0.0010152113041840493,0.001062265265500173,0.0010693864896893501,0.0010078585473820567,32,1.0373036755101168,1.0391524499312277,1.0152112677851046,1.062265091381356,1.0693864388962198,1.0078584995113467,32,1.0373036755101168,1.0391524499312277,1.0152112677851046,1.062265091381356,1.0693864388962198,1.0078584995113467,32.0
hard_a0.5,hard_teacher_ce,0.5,0.001,2,0.0009515849869785598,0.0009458634012844414,0.0009298984572524205,0.0009920789045281709,0.00099513481836766,0.0009232707670889795,32,0.9515849243101038,0.9458633013265525,0.9298983644159978,0.9920787939131598,0.9951346552523791,0.9232707232359733,32,0.9173033755012912,0.915731407315324,0.904926174589729,0.9338437914767199,0.937437449775485,0.9010951788338961,32.0
hard_a0.5,hard_teacher_ce,0.5,0.001,3,0.00054432392948911,0.00040832853119354695,7.997659649845445e-05,0.0012037844746373592,0.002320830477401614,5.9964830143144354e-05,32,0.544323902975819,0.40832851179898333,0.07997658950928266,1.2037844174606676,2.320830367168087,0.05996482729496789,32,0.5690927901819608,0.42655441322215926,0.08502013088310456,1.2856962370459109,2.3381260985741568,0.06239633045076516,32.0
hard_a0.5,hard_teacher_ce,0.5,0.001,4,0.0005488201084062894,0.00041160146065521985,9.021928308357019e-05,0.0012004566378891466,0.0023135480005294085,7.034768350422382e-05,32,0.548820081477969,0.41160144110520047,0.0902192750943325,1.2004565808705188,2.31354789064178,0.07034768016288831,32,1.0376004103960108,1.0073081302189872,0.9973462504585654,1.1617064604941874,1.1731490498062642,0.9967444591557754,32.0
hard_a0.5,hard_teacher_ce,0.5,0.001,5,0.0005540555791867519,0.0004152236506342888,9.933493056450971e-05,0.0011954946792684493,0.0023038655053824186,8.15225430415012e-05,32,0.5540555517612702,0.4152236309122246,0.09933492584635391,1.1954946224855019,2.303865395954684,0.08152252967891728,32,1.038097953588444,1.009815751982731,0.9961889586238801,1.1511335734659267,1.160547145207039,0.9952571291205674,32.0
hard_a0.5,hard_teacher_ce,0.5,0.001,6,0.0005653940206684638,0.00042418079101480544,0.00011616234187385998,0.001186935364967212,0.002284412505105138,0.00010138961079064757,32,0.565393992194778,0.4241807708672999,0.11616233635644507,1.1869353085908099,2.2844123966013714,0.10138959417159801,32,1.0680625686924694,1.022095736591726,0.9929415493241771,1.2430654317498588,1.247512023245476,0.9915563646263926,32.0
hard_a0.5,hard_teacher_ce,0.5,0.001,7,0.0005705116441276914,0.0004361038445495069,0.00012435894568625373,0.001178882661042735,0.0022681544069200754,0.00011084057769039646,32,0.5705116151384932,0.4361038238356868,0.12435893977952103,1.1788826050488157,2.268154299188527,0.11084055952221297,32,1.0274760165202892,1.0090816141788101,0.9936737678728252,1.0906746295245002,1.0950673944448501,0.9917343014782373,32.0
hard_a0.5,hard_teacher_ce,0.5,0.001,8,0.0005731645294417831,0.0004451374843483791,0.00013060816745564808,0.001170700747752562,0.0022509130649268627,0.00011806214752141386,32,0.573164500119654,0.4451374632054841,0.1306081612520933,1.1707007610862128,2.250912958014234,0.11806212816952304,32,1.0177617079903243,1.0055347380212865,0.992579685937746,1.0624411192796765,1.0658997657676288,0.99027985313867,32.0
hard_a0.5,hard_teacher_ce,0.5,0.001,9,0.0005783793908449297,0.00046208554704207927,0.00013554032339015975,0.001167662313673645,0.0022429677192121744,0.00012376376253087074,32,0.5783793610511955,0.46208552509419454,0.13554031695234015,1.1676623270117117,2.2429676126769293,0.12376374224441253,32,1.017202296390642,1.0054177327539668,0.9964668747132253,1.0578582076346823,1.0714740666457936,0.9952556306268477,32.0
hard_a0.5,hard_teacher_ce,0.5,0.001,10,0.0005831848934576556,0.0004786047065863386,0.00014216358831617982,0.0011597856471780687,0.0022209060844033957,0.00013151079474482685,32,0.5831848631452978,0.4786046838538359,0.14216358156377204,1.159785660472295,2.220905978916022,0.13151077318853133,32,1.0199370769801164,1.0055391612166844,0.9908058798111117,1.066754078677822,1.0729599816691462,0.9888545319735254,32.0
hard_a0.5,hard_teacher_ce,0.5,0.001,11,0.0005927916818109225,0.0004832935373997316,0.00015392508212244138,0.0011505737260449676,0.002193841151893139,0.00014442983956541866,32,0.5927916505571855,0.4832935144445214,0.15392507481139264,1.1505737393324325,2.1938410476912806,0.144429815891527,32,1.0345581734731801,1.0158926036993439,0.9893318337386209,1.1000720676690803,1.1040955951837965,0.9867437223520173,32.0
hard_a0.5,hard_teacher_ce,0.5,0.001,12,0.0005939289071648091,0.00048098860133904964,0.00016943168666330166,0.001128426840296015,0.002109560649842024,0.0001613841886864975,32,0.593928875310039,0.48098857849331805,0.16943167861572875,1.1284267866986186,2.1095605496432746,0.16138416223357194,32,1.026977511962354,1.0069329344856706,0.9634570443940554,1.112000330440481,1.1222781569692326,0.9576992113026461,32.0
hard_a0.5,hard_teacher_ce,0.5,0.001,13,0.0005942206507825176,0.0004775567795149982,0.0001734604018565733,0.0011537460144609212,0.002075573429465294,0.00016598295769654214,32,0.5942206186925132,0.4775567568322694,0.17346039361764667,1.1537459596609287,2.0755733308808506,0.1659829304898197,32,1.0050430482379022,0.9979874605564139,0.9828899687908453,1.0427939891464295,1.055756053103556,0.9812022269728241,32.0
hard_a0.5,hard_teacher_ce,0.5,0.001,14,0.0005994560460749199,0.0004789145168615505,0.00017905623899423518,0.0011825563968159258,0.002062174491584301,0.00017205014592036605,32,0.5994560134751635,0.4789144941143326,0.17905623048952057,1.1825563406475137,2.062174393636273,0.17205011771915413,32,1.0138787141000694,1.0070645129462812,0.9934699153712456,1.0429476887257962,1.0525073422590667,0.9914576909992181,32.0
hard_a0.5,hard_teacher_ce,0.5,0.001,15,0.0006083000580474618,0.0004824122879654169,0.00018497460332582704,0.0012215895811095833,0.002051828894764185,0.00017898884834721684,32,0.6083000246719653,0.48241226505206386,0.18497459454000525,1.2215895230871945,2.0518287973075466,0.17898881900866317,32,1.0187511323624068,1.0107073876513906,0.9971324268976967,1.0598860151012919,1.0715783857936139,0.9949831612880791,32.0
hard_a0.5,hard_teacher_ce,0.5,0.001,16,0.0006280081261138548,0.0004919801285723224,0.0001989756914554164,0.001342049241065979,0.002033872064203024,0.00019393119146116078,32,0.6280080910241792,0.4919801052045214,0.1989756820045786,1.3420490957190776,2.033871967599289,0.1939311596733666,32,1.0407685280891292,1.0270639849343703,0.9934997405898955,1.120853373116586,1.1383714190378817,0.9912483781630218,32.0
hard_a0.5,hard_teacher_ce,0.5,0.001,17,0.0006828722398495302,0.000531616184161976,0.000256916532816831,0.0016498939716257154,0.0019453373970463872,0.0002541557769291103,32,0.6828721998187093,0.5316161589115633,0.2569165206139511,1.6498937946921484,1.9453373046478233,0.2541557352697389,32,1.1324092306187465,1.1097062913563078,0.9665260347954855,1.2984130781723775,1.3114374964344742,0.9564698936993713,32.0
hard_a0.5,hard_teacher_ce,0.5,0.001,18,0.0007005664447206073,0.0005324773665051907,0.00029601236747112125,0.0017820001929067075,0.002095611300319433,0.00028728035977110267,32,0.7005664022265613,0.5324773412138741,0.2960123380686578,1.7819999950671348,2.0956112007832424,0.28728034612601844,32,1.0368282052056705,1.0273767797132138,0.9260706173793076,1.1639456828301253,1.1740810197877907,0.9248633224939246,32.0
hard_a0.5,hard_teacher_ce,0.5,0.001,19,0.0007107124101821682,0.0005301300261635333,0.0003303966805106029,0.0017973381327465174,0.002352194394916296,0.0003164673689752817,32,0.7107123658559474,0.5301300009837093,0.3303966477195043,1.797337944676451,2.3521942831930627,0.316467353943889,32,1.0183594291620688,1.0166871427353428,0.9225801529662906,1.1194627622443205,1.1224383045451949,0.9193394295073017,32.0
hard_a0.5,hard_teacher_ce,0.5,0.001,20,0.0007289188888535136,0.0005378636706154794,0.00037399034190457316,0.0018218444718513635,0.002570313634350896,0.0003568535903468728,32,0.7289188422234592,0.5378636764416116,0.3739902806027891,1.8218442739763097,2.570313512267555,0.35685357339723756,32,1.0327738412248644,1.036868425097377,0.9301270890938331,1.1319463442661226,1.1470349559616182,0.9091328531271167,32.0
hard_a0.5,hard_teacher_ce,0.5,0.001,21,0.000732943216462445,0.0005225364002399147,0.0004009555283118971,0.001970970089314505,0.0028305312152951956,0.00038003953523002565,32,0.7329431682522998,0.5225363754207686,0.4009554625901753,1.9709698736016765,2.8305310808521833,0.3800395171791172,32,0.9970191308556396,0.9978729391953449,0.9082117398213273,1.0986831003776498,1.102922836972218,0.8899972753641092,32.0
hard_a0.5,hard_teacher_ce,0.5,0.001,22,0.0006909185904078186,0.00048632780089974403,0.00040652835596119983,0.0019228468998335297,0.0027592075057327747,0.00038109635352157056,32,0.6909185442363968,0.4863277778004141,0.4065282893260206,1.9228466895238698,2.759207374677457,0.38109633542046595,32,0.9418271681749798,0.9413840266227429,0.8825675228527544,1.0139091409026804,1.0205086448862846,0.8612054482591754,32.0
hard_a0.5,hard_teacher_ce,0.5,0.001,23,0.0006526853348987061,0.0004582813853630796,0.000401895226968918,0.0018449489318300035,0.0026475898921489716,0.0003761587431654334,32,0.6526852909457481,0.45828133692857576,0.40189516109316764,1.844948730138287,2.6475897663952055,0.3761587252988527,32,0.9440110911400084,0.9477987476204435,0.9076259403171005,0.9889528988145094,0.9926141005906028,0.8986988591316718,32.0
hard_a0.5,hard_teacher_ce,0.5,0.001,24,0.0006068829097785056,0.00042706512613222003,0.000385504515725188,0.0017324898741208012,0.00248537166044116,0.00036337182973511517,32,0.6068828686470351,0.42706510584771595,0.38550445253608406,1.7324896847580544,2.4853715423923464,0.3633718124758802,32,0.9292111003039242,0.9308575453731702,0.892956987404629,0.9654569841922614,0.968990273777658,0.8743203305425881,32.0
hard_a0.5,hard_teacher_ce,0.5,0.001,25,0.0005438918997242581,0.000382746962714009,0.0003491920026135631,0.001555222301976755,0.0022279934491962194,0.00033306344994343817,32,0.5438918627337697,0.38274689997690325,0.34919194537654297,1.555222131959728,2.2279933433722143,0.3330634341237739,32,0.8962030760548338,0.8971719455407797,0.8684840524272373,0.9202257815798324,0.9225081394525175,0.8521645840494978,32.0
hard_a0.5,hard_teacher_ce,0.5,0.001,26,0.0005061833599029342,0.0003572283167159185,0.0003250678098993376,0.0014600384456571187,0.002090644557029009,0.00031533039873465896,32,0.5061833253621191,0.3572282790516812,0.3250677566165801,1.4600382861356902,2.0906444577287258,0.3153303837572694,32,0.9291518882636276,0.9313181688695009,0.8966726319219354,0.9490774783413644,0.9575785531298946,0.8820816050022002,32.0
hard_a0.5,hard_teacher_ce,0.5,0.001,27,0.0004730483060484403,0.0003362373390700668,0.00030407019366975876,0.0013634356204420325,0.0019499780610203743,0.0002953224757220596,32,0.473048273775881,0.3362373035208832,0.3040701438287782,1.3634354714515147,1.9499779684013907,0.2953224616949954,32,0.9338733428894435,0.9341506362567475,0.9179480262828534,0.9511137449256519,0.9595839501456397,0.9085229311128786,32.0
hard_a0.5,hard_teacher_ce,0.5,0.001,28,0.0008164557366399094,0.0005740330088883638,0.0005157112405868247,0.0024417007924057536,0.00348996021784842,0.0005105713498778641,32,0.8164556804152366,0.5740329483597413,0.5157111830518216,2.441700525951049,3.4899600520842124,0.5105713850653567,32,1.7040602688439663,1.717582124940419,1.525832548345722,1.7932212120021238,1.8088903488711612,1.4636180873271247,32.0
hard_a0.5,hard_teacher_ce,0.5,0.003,0,0.0030000000770087354,0.003000000026077032,0.0029999997932463884,0.0030000002589076757,0.0030000004917383194,0.0029999997932463884,32,1.0,1.0,1.0,1.0,1.0,1.0,32,,,,,,,
hard_a0.5,hard_teacher_ce,0.5,0.003,1,0.0031118560800678097,0.003117376589216292,0.003045570326503366,0.003186700423248112,0.0032081238459795713,0.00302363489754498,32,1.037285333358991,1.0391254803644845,1.0151900566753318,1.06223339059805,1.0693746060311518,1.0078782121991916,32,1.037285333358991,1.0391254803644845,1.0151900566753318,1.06223339059805,1.0693746060311518,1.0078782121991916,32.0
hard_a0.5,hard_teacher_ce,0.5,0.003,2,0.002854695441783406,0.002837525214999914,0.002789768378715962,0.0029759412980638446,0.0029857843182981014,0.002769974060356617,32,0.9515651228004918,0.945841730111723,0.9299227126506113,0.991980424065313,0.9952612762966647,0.923324607100263,32,0.9173005008480182,0.91570610088195,0.9049230009935351,0.933836811915889,0.9374125476193323,0.9010772228473702,32.0
hard_a0.5,hard_teacher_ce,0.5,0.003,3,0.0016350080177289783,0.001216847391333431,0.00024062968950602228,0.0036121929413639006,0.007018309086561203,0.00017931532056536525,32,0.5450026512223215,0.4056157777668413,0.08020989991714443,1.2040642098741448,2.339436341851882,0.059771773002231604,32,0.5697694043244125,0.4237223106751089,0.08527344257268929,1.2849316935455226,2.3569092481418177,0.06219832754559945,32.0
hard_a0.5,hard_teacher_ce,0.5,0.003,4,0.0016484405273331504,0.0012268582358956337,0.00027210859188926407,0.003602139058057218,0.00699622044339776,0.00021054295939393342,32,0.5494801544709746,0.40895272581632064,0.09070286317466753,1.2007129157278094,2.3320734608614018,0.07018098585460719,32,1.0374967893579785,1.0072643617273171,0.9973508075781724,1.1614234256772715,1.1741493070983013,0.9966906569232585,32.0
hard_a0.5,hard_teacher_ce,0.5,0.003,5,0.0016641673892081599,0.0012377675739116967,0.00029952960321679714,0.003587215801235288,0.006966837216168642,0.00024369260063394904,32,0.5547224418069572,0.41258917168830733,0.09984320020439426,1.195738497216471,2.3222790518701655,0.08123086617189638,32,1.0380013446656953,1.0099252140010821,0.9962012988030201,1.1526398728553156,1.1612928642707052,0.995203405165871,32.0
hard_a0.5,hard_teacher_ce,0.5,0.003,6,0.0016982522420221358,0.0012650876305997372,0.00034984402009285986,0.0035615557804703707,0.006907822098582983,0.0003034826077055186,32,0.5660840594484814,0.42169585688476097,0.11661467235063178,1.1871851576996737,2.3026073461792724,0.1011608683558478,32,1.0679431661099228,1.0226247185812471,0.9929497616296158,1.2447747425083209,1.2482286092198738,0.9915291378634918,32.0
hard_a0.5,hard_teacher_ce,0.5,0.003,7,0.0017134232648459147,0.0012954510748386383,0.0003743642519111745,0.0035372861544601614,0.0068585691042244434,0.0003318940580356866,32,0.5711410670962853,0.4318170381372768,0.12478808288569056,1.179095283061114,2.2861896815358005,0.11063135171691643,32,1.027351184863039,1.0093522280985285,0.9936953820732765,1.0905673704133843,1.095284359238217,0.9917105906830898,32.0
hard_a0.5,hard_teacher_ce,0.5,0.003,8,0.0017215114157806966,0.0013219875399954617,0.0003930598439183086,0.003510025632567703,0.006806262768805027,0.0003536127624101937,32,0.5738371174714,0.44066252704343717,0.1310199468338991,1.1700084890549702,2.26875423654755,0.1178709197788233,32,1.0177631863911332,1.0056675562322106,0.9925308857539753,1.0623874649496239,1.0660297759166246,0.9903382050749167,32.0
hard_a0.5,hard_teacher_ce,0.5,0.003,9,0.0017373074706483749,0.001371950434986502,0.0004078140569617972,0.0035009502666071054,0.006782071199268103,0.00037075739237479866,32,0.5791024690231931,0.457316826433393,0.1359380178056457,1.1669833672372487,2.2606903801053355,0.12358579638401596,32,1.0171957431167982,1.0055943018713482,0.9964253835267392,1.0575617634279795,1.0717742606376666,0.9953128787401083,32.0
hard_a0.5,hard_teacher_ce,0.5,0.003,10,0.0017516975185571937,0.001426655740942806,0.0004276241714251228,0.0034773372462950643,0.0067152902483940125,0.0003940378956031054,32,0.5838991516631344,0.4755519095139412,0.1425413892360221,1.1591123608682667,2.2384300633408,0.13134596405933083,32,1.0198744353679277,1.005623965137365,0.9907887492897542,1.0660542147624044,1.0736411037928058,0.9889126119311734,32.0
hard_a0.5,hard_teacher_ce,0.5,0.003,11,0.0017805057832447346,0.0014410685980692506,0.0004627853079000488,0.003449724009260535,0.00663323188200593,0.00043287151493132114,32,0.5935019064973017,0.4803561951809956,0.15426176795911992,1.1499079490230313,2.2110772747825322,0.14429050372288435,32,1.0344848788404428,1.0162206195023589,0.9893137050167183,1.099267230221475,1.1050833249974543,0.9867235516670277,32.0
hard_a0.5,hard_teacher_ce,0.5,0.003,12,0.0017838918201960041,0.0014349453849717975,0.0005092740408144891,0.0034195958636701104,0.006378347519785166,0.0004838073218706995,32,0.5946305858285897,0.4783151241662529,0.16975801212923466,1.1398652352079657,2.1261158214474585,0.16126910588842663,32,1.0269260898946952,1.006483663844625,0.9633977062005822,1.111901441905736,1.122371319767472,0.957687033002445,32.0
hard_a0.5,hard_teacher_ce,0.5,0.003,13,0.0017850422864285065,0.0014249046216718853,0.0005213005351833999,0.0035001476178877053,0.006275455001741648,0.0004976288764737546,32,0.5950140746500652,0.47496820309537474,0.17376684355069213,1.1667158202525096,2.091818315731078,0.16587629071606444,32,1.0050735902470929,0.9978908855420946,0.9828662133424437,1.0428717468795234,1.0573987727374663,0.9812302164414792,32.0
hard_a0.5,hard_teacher_ce,0.5,0.003,14,0.0018010281710303389,0.0014292363775894046,0.0005380553600843995,0.0035908397287130354,0.006234715227037668,0.0005158584681339562,32,0.6003427027664618,0.4764121217219968,0.17935178513581246,1.1969465238503953,2.078238390947793,0.17195282121664565,32,1.0139064291603392,1.0071270070951104,0.993449394980032,1.0429939232132013,1.053782303282571,0.9914881657796326,32.0
hard_a0.5,hard_teacher_ce,0.5,0.003,15,0.0018278841525898315,0.0014399666688404977,0.0005557626980589702,0.0037047377671115098,0.006203232798725367,0.0005367086851038039,32,0.6092946964085109,0.4799888854412707,0.18525423107602992,1.2349125271331347,2.0677442482682444,0.1789028934795158,32,1.0188005101508772,1.0108697862865879,0.9971307628232201,1.0600803004332384,1.0724175036404806,0.9949504625045625,32.0
hard_a0.5,hard_teacher_ce,0.5,0.003,16,0.0018872071959776804,0.0014690401731058955,0.0005977279273793101,0.004091049043927341,0.006148081738501787,0.0005815878394059837,32,0.6290690437419649,0.4896800534454977,0.19924264072788447,1.3636828927238311,2.0493605616868487,0.1938626114502074,32,1.040731926500571,1.0274046359330322,0.9934989683764918,1.1208516455681417,1.137247682752964,0.9911093034852873,32.0
hard_a0.5,hard_teacher_ce,0.5,0.003,17,0.0020521559436019743,0.0015894256648607552,0.0007711550715612248,0.00502483258023858,0.005877121817320585,0.0007623737910762429,32,0.6840519586617295,0.5298085503483069,0.25705168828602654,1.6749440459532725,1.9590405887448736,0.2541245948164759,32,1.1323663383812117,1.1110055297368797,0.9665409857867394,1.2982897924854075,1.3116222041637224,0.9559277295413395,32.0
hard_a0.5,hard_teacher_ce,0.5,0.003,18,0.0021052463962405454,0.0015930080553516746,0.0008878865919541568,0.005392600526101887,0.006398375146090984,0.0008628180366940796,32,0.7017487760721093,0.5310026805015668,0.29596219474544705,1.7975333405367822,2.1327916968247025,0.2876060097313895,32,1.0367147652763573,1.0266947746959754,0.9260915067084532,1.1639797493839574,1.1722360595263335,0.9242708772498077,32.0
hard_a0.5,hard_teacher_ce,0.5,0.003,19,0.002135505943442695,0.0015868694754317403,0.0009910952067002654,0.005433672736398875,0.007173153571784496,0.000950122601352632,32,0.7118352918123061,0.5289564872127084,0.3303650660284417,1.811224091403477,2.391051169810993,0.31670753103127985,32,1.0182334403439457,1.0162189418596497,0.9220857835177366,1.1191634918357765,1.1216126236064743,0.9193722063121419,32.0
hard_a0.5,hard_teacher_ce,0.5,0.003,20,0.0021899312087043654,0.0016108396812342107,0.001121969916857779,0.005501498514786362,0.007830540649592876,0.0010710954666137695,32,0.7299770468191995,0.5369465557440793,0.373989952975762,1.8338326724858591,2.6101801938423748,0.35703181910114645,32,1.032698780321271,1.0368905971131215,0.9302553960788301,1.1318272319055749,1.1469637185948003,0.9090716666513514,32.0
hard_a0.5,hard_teacher_ce,0.5,0.003,21,0.0022009528838680126,0.0015666366671212018,0.0012029076868202537,0.00591116128489375,0.008594962768256664,0.001140501699410379,32,0.7336509386043678,0.5222122178344857,0.40096920829487526,1.9703869849378577,2.8649875645154306,0.38016722983224865,32,0.9967976699880603,0.998145581053068,0.9075511357584248,1.095484392454045,1.1049133240097857,0.8899248398887116,32.0
hard_a0.5,hard_teacher_ce,0.5,0.003,22,0.0020734503777930513,0.0014583207666873932,0.0012197553587611765,0.005762976966798304,0.008351949974894524,0.0011435309424996376,32,0.6911501047763742,0.4861069180037225,0.40658510185975855,1.9209922157692778,2.7839833007655006,0.3811769775198911,32,0.9416339678087677,0.9411320027583254,0.8827005799845357,1.0139283510490318,1.020470614226835,0.8611599371010493,32.0
hard_a0.5,hard_teacher_ce,0.5,0.003,23,0.0019589686235121917,0.0013746111071668565,0.0012058607360813766,0.005530850053764878,0.008021863177418709,0.0011286597000434995,32,0.652989521298919,0.458203698406088,0.40195356121563053,1.843616582475838,2.6739543692299717,0.37621989674426703,32,0.9440099556868495,0.9477214097009896,0.9076968492671422,0.9889447298514294,0.9925774010848258,0.8986480086716286,32.0
hard_a0.5,hard_teacher_ce,0.5,0.003,24,0.0018212508184660692,0.0012811425258405507,0.001156154548516497,0.005193470721133052,0.007527490612119436,0.001090252073481679,32,0.6070835878029164,0.42704753804472384,0.38538482966131726,1.731156811301377,2.509163515562633,0.3634173546682776,32,0.9291515801208854,0.9307053059334207,0.8930735144212685,0.9654575673458681,0.9689760558522706,0.8742678533944234,32.0
hard_a0.5,hard_teacher_ce,0.5,0.003,25,0.0016322492629115004,0.001148151175584644,0.0010473703849129378,0.004662376642227172,0.006750655360519886,0.0009992705890908837,32,0.5440830712606639,0.38271704038400733,0.34912344358102737,1.5541254613644917,2.250218433946956,0.3330901934682934,32,0.8962071121034889,0.8972061925527144,0.8685599844899503,0.9201421448476832,0.9225643449367228,0.8521303397793389,32.0
hard_a0.5,hard_teacher_ce,0.5,0.003,26,0.0015191109177976614,0.0010714022209867835,0.0009750516270287335,0.004376635351218282,0.006337826140224934,0.0009460333385504782,32,0.5063702907799166,0.35713405676081916,0.32501719222734843,1.4588783697577195,2.1126086950447895,0.31534444344241036,32,0.9291341652800551,0.931297734137809,0.8967803152859977,0.9489530907230802,0.9575404349187987,0.8820231011782421,32.0
hard_a0.5,hard_teacher_ce,0.5,0.003,27,0.001420098440576112,0.001008608378469944,0.0009120471309870482,0.004088210116606205,0.00592289911583066,0.0008859760127961636,32,0.47336613274760153,0.33620277684815236,0.30401569462179806,1.3627366299489272,1.9742996881155945,0.29532533503165176,32,0.9339259008676983,0.9345404650154523,0.9179312634132362,0.9509858703994863,0.9596173975116085,0.9085776837088216,32.0
hard_a0.5,hard_teacher_ce,0.5,0.003,28,0.0024513615026080515,0.0017218345892615616,0.0015468750905711203,0.007323265005834399,0.010603602975606918,0.0015320404199883342,32,0.8171204767161998,0.5739448582954643,0.515625003687486,2.441088200600921,3.534534294478918,0.510680135557104,32,1.7041348862025951,1.7180399731612819,1.5263930351893475,1.7938079856886113,1.808904843890881,1.4628389218081352,32.0
hard_a0.5,hard_teacher_ce,0.5,0.01,0,0.009999999834690243,0.009999999776482582,0.009999998845160007,0.010000000707805157,0.010000000707805157,0.009999998845160007,32,1.0,1.0,1.0,1.0,1.0,1.0,32,,,,,,,
hard_a0.5,hard_teacher_ce,0.5,0.01,1,0.010372129501774907,0.01039042929187417,0.010151336062699556,0.01062107514590025,0.010692683979868889,0.010079393163323402,32,1.0372129672030468,1.0390429039997184,1.0151336289599604,1.0621074935664283,1.0692684218869006,1.00793933886154,32,1.0372129672030468,1.0390429039997184,1.0151336289599604,1.0621074935664283,1.0692684218869006,1.00793933886154,32.0
hard_a0.5,hard_teacher_ce,0.5,0.01,2,0.009514949895674363,0.009457685519009829,0.009299588296562434,0.009916483098641038,0.009956343099474907,0.00923477578908205,32,0.9514950052159765,0.9457685730405578,0.9299588027710867,0.9916483320291712,0.9956342394759858,0.9234775995495379,32,0.9172967637649007,0.9156429611419663,0.9049146451729753,0.9338072779723438,0.9373361471391642,0.9010466725992239,32.0
hard_a0.5,hard_teacher_ce,0.5,0.01,3,0.005480904781506979,0.00404198095202446,0.0008105719985906035,0.012065939558669924,0.024052221328020096,0.0005960090202279389,32,0.5480904847282396,0.40419808563715415,0.08105720669474654,1.2065939258800278,2.4052221865629146,0.05960090335497789,32,0.5729054924202711,0.4250012361393443,0.0861878726162055,1.2847346135314315,2.4234113962814634,0.06203007450473629,32.0
hard_a0.5,hard_teacher_ce,0.5,0.01,4,0.005524937410882558,0.004067483823746443,0.0009165795112494379,0.012032294599339365,0.023976195603609085,0.0007002790807746351,32,0.5524937478050309,0.4067483727303947,0.0916579531736587,1.2032294300608528,2.397619613951883,0.07002790964270926,32,1.0369713246343468,1.0070869975035852,0.9973443492067787,1.1613344379734618,1.17494711826143,0.9966802154459434,32.0
hard_a0.5,hard_teacher_ce,0.5,0.01,5,0.00557697105796251,0.004093905445188284,0.001007601642049849,0.011982500459998845,0.023874513804912567,0.0008105191518552601,32,0.55769711265742,0.40939053480619,0.10076016645715012,1.1982500162872007,2.3874514338549546,0.08105191699717754,32,1.0375416137962115,1.0102615251286597,0.9961812634111409,1.1535509433928965,1.1620772285709322,0.9952138261045894,32.0
hard_a0.5,hard_teacher_ce,0.5,0.01,6,0.00568952993126004,0.004162363475188613,0.001174235070357099,0.011896569235250353,0.023670146241784096,0.0010103327222168446,32,0.5689530002708092,0.41623633760101597,0.11742350966032988,1.1896568940762626,2.3670146770853107,0.10103327447995412,32,1.0672362683709178,1.0236544338451736,0.992931111368002,1.2460267729718248,1.2487447253717041,0.9914399277489614,32.0
hard_a0.5,hard_teacher_ce,0.5,0.01,7,0.005736720133427298,0.004215108463540673,0.0012555217370390892,0.011815395206212996,0.023500433191657066,0.0011052226182073355,32,0.5736720206084165,0.4215108557755691,0.12555217651021874,1.18153949145718,2.3500433716932694,0.11052226429109865,32,1.0268142167932621,1.0096710708939929,0.993643304750709,1.090056130650519,1.095462031383748,0.9916828372486786,32.0
hard_a0.5,hard_teacher_ce,0.5,0.01,8,0.005763949462561868,0.004290860844776034,0.001317502261372283,0.01172060086391866,0.023320041596889496,0.0011778855696320534,32,0.5763949535857851,0.429086094068425,0.13175022908207543,1.1720600575532125,2.3320042118133055,0.1177885595959848,32,1.0176592082314397,1.0058957841355054,0.9924977177682404,1.062143479133743,1.0661509524489767,0.9903308756497731,32.0
hard_a0.5,hard_teacher_ce,0.5,0.01,9,0.005814958796690917,0.004439135082066059,0.0013664238736964761,0.011674231803044676,0.023236427456140518,0.001235281233675778,32,0.5814958870463101,0.4439135181288463,0.13664239042384305,1.1674231516212992,2.3236427975515155,0.12352812612864657,32,1.0167993308724557,1.005781126079854,0.9964040215321049,1.0559302863574924,1.0654024124600048,0.9952916802319393,32.0
hard_a0.5,hard_teacher_ce,0.5,0.01,10,0.00586216853116639,0.004621625645086169,0.0014320683723781258,0.011565724341198801,0.023006165400147438,0.0013130692532286048,32,0.5862168605555363,0.46216257483875545,0.1432068404387349,1.1565724058024496,2.3006165914375316,0.13130692825779902,32,1.0196916545798769,1.0058866159761206,0.9907276682653489,1.064347592673315,1.0751690461248036,0.9888955299167176,32.0
hard_a0.5,hard_teacher_ce,0.5,0.01,11,0.0059563013310253154,0.0047531044110655785,0.0015487145108636468,0.011472585750743745,0.02272196300327778,0.001442943001165986,32,0.5956301406674152,0.47531045173057435,0.15487145454801143,1.1472586007176024,2.272196351115324,0.1442943033418276,32,1.0341811143656,1.0167560071511965,0.9892469384147377,1.0986778237602535,1.1084430602910618,0.9867320840377962,32.0
hard_a0.5,hard_teacher_ce,0.5,0.01,12,0.005961854032648262,0.004737241193652153,0.001702895510243252,0.011590842204168438,0.021847521886229515,0.001612934865988791,32,0.5961854108838573,0.4737241299537748,0.17028955483059335,1.1590842463243956,2.1847522374559696,0.16129349020406955,32,1.026255105968158,1.0069566481149814,0.963284078966116,1.1114324632375288,1.1223741421845317,0.957663863672693,32.0
hard_a0.5,hard_teacher_ce,0.5,0.01,13,0.005965840864519123,0.004705345490947366,0.0017427296668756753,0.01187615543603897,0.021493636071681976,0.001659204252064228,32,0.5965840940180669,0.4705345596120036,0.17427297058287197,1.1876155701491737,2.149363655210219,0.1659204289150334,32,1.004996379370608,0.9975530531965204,0.9828297375007491,1.0418415140185555,1.0585555175855708,0.9812204700082879,32.0
hard_a0.5,hard_teacher_ce,0.5,0.01,14,0.00601964794259402,0.004721099976450205,0.0017982407880481333,0.012170429062098264,0.021351441740989685,0.0017202128656208515,32,0.6019648018566136,0.4721100081975015,0.1798240828241948,1.2170429334128559,2.1351442218231607,0.17202129040706063,32,1.0138740455898174,1.0073644961846289,0.9933692454144932,1.0426675784034218,1.0548764491980693,0.9914775897786546,32.0
hard_a0.5,hard_teacher_ce,0.5,0.01,15,0.006109913032560144,0.004757793620228767,0.0018570009095128625,0.012558512995019554,0.021241197362542152,0.0017900048987939954,32,0.6109913109043479,0.47577937265737447,0.18570009510200683,1.2558513275724201,2.124119783731992,0.17900049388037237,32,1.0187812233036282,1.0110786011184913,0.9971134782784116,1.0600688449857125,1.0734178644053896,0.994836677551573,32.0
hard_a0.5,hard_teacher_ce,0.5,0.01,16,0.006303540285443887,0.004856979474425316,0.001996329997200519,0.013921718765050172,0.02104329876601696,0.0019400049932301044,32,0.6303540363213269,0.4856979582987269,0.19963300418219726,1.3921718405368577,2.104329923637135,0.1940005036592596,32,1.0402975928725202,1.0278524729516039,0.993476314930009,1.115749169426069,1.1361682571581158,0.990683265488876,32.0
hard_a0.5,hard_teacher_ce,0.5,0.01,17,0.006846390919236001,0.005267111351713538,0.0025722588528878988,0.01700386060401797,0.020077476277947426,0.0025433399714529514,32,0.6846391003435482,0.5267111469442654,0.25722589103823656,1.7003860177243866,2.0077476726714,0.2543340028301031,32,1.131855716016657,1.1127301565602785,0.9664221394877406,1.297742555543155,1.3118809791950685,0.9541030853190541,32.0
hard_a0.5,hard_teacher_ce,0.5,0.01,18,0.007007284999417607,0.005285806953907013,0.002959992561955005,0.018202944193035364,0.021444490179419518,0.002880290150642395,32,0.7007285082895317,0.5285807072054007,0.2959992628115996,1.8202943680707633,2.1444490658741238,0.28802902150218984,32,1.035745530666434,1.026198115564845,0.9260099360778284,1.157267405320993,1.1708893379942888,0.9223337053216283,32.0
hard_a0.5,hard_teacher_ce,0.5,0.01,19,0.0070895986864343286,0.00527116353623569,0.003304396686144173,0.018265606462955473,0.023768071085214615,0.0031698618549853563,32,0.7089598768294489,0.5271163654055379,0.33043967600031965,1.8265606043678813,2.3768071616472413,0.3169861925837292,32,1.0172767106062732,1.016993387543955,0.920427588785844,1.1160622277672423,1.1194419684103798,0.9192858525120511,32.0
hard_a0.5,hard_teacher_ce,0.5,0.01,20,0.007264004001626745,0.005357903894037008,0.0037421332555823026,0.018406871054321525,0.025897037237882614,0.00357194896787405,32,0.726400408448767,0.5357904263248289,0.3742133146558329,1.8406870570937666,2.5897037816726516,0.3571949047713333,32,1.03248269553749,1.036988559947337,0.9304855509476637,1.1316617153536297,1.1467201194690388,0.9089543270370274,32.0
hard_a0.5,hard_teacher_ce,0.5,0.01,21,0.00727309087960748,0.005222024861723185,0.004012632602825761,0.019185256306082005,0.027936922386288643,0.003802546067163348,32,0.7273090959236371,0.5222024978444538,0.4012632486682764,1.918525576845279,2.7936923010727535,0.3802546152156878,32,0.9957048911356956,0.9980013346698317,0.9057228535762689,1.0824024253571636,1.1122943132770842,0.8898095143825105,32.0
hard_a0.5,hard_teacher_ce,0.5,0.01,22,0.006839338784629945,0.004861812572926283,0.00407032179646194,0.018674406968057153,0.0269892867654562,0.003811677685007453,32,0.6839338858632102,0.4861812681596265,0.4070321717236666,1.8674406452112065,2.698928736871378,0.381167777020509,32,0.9411196544748957,0.9403525789907307,0.8800994126129438,1.013970592398642,1.0203687167205573,0.8610914572949144,32.0
hard_a0.5,hard_teacher_ce,0.5,0.01,23,0.006462008743255865,0.004581705667078495,0.004024033644236624,0.017949340539053078,0.025956958532333374,0.0037617080379277468,32,0.6462008812551474,0.45817057694875996,0.4024033566510952,1.7949340043394097,2.595695911251662,0.3761708122008475,32,0.9439648387113285,0.947094732906173,0.9077968821179514,0.9889619799698861,0.9925390974331014,0.898552600851392,32.0
hard_a0.5,hard_teacher_ce,0.5,0.01,24,0.006006967952998821,0.004270837176591158,0.0038506514742039145,0.016869207005947823,0.024383408948779106,0.0036335752811282873,32,0.6006968017047662,0.42708374710337055,0.3850651362510045,1.6869206541274142,2.4383409493790777,0.36335753623450256,32,0.929049096813977,0.9302702916922185,0.8936140900799641,0.9654363744280522,0.9689308475853737,0.874170623293752,32.0
hard_a0.5,hard_teacher_ce,0.5,0.01,25,0.005383792806242127,0.0038256628904491663,0.003488323430065066,0.01514554219320416,0.021902015432715416,0.003329863538965583,32,0.5383792863712544,0.38256629759593974,0.3488323327936045,1.5145541775079339,2.1902015922263622,0.3329863613393835,32,0.8961902257597678,0.8979997593498621,0.868741538696459,0.9198677098697077,0.9227423568562716,0.8520523561425282,32.0
hard_a0.5,hard_teacher_ce,0.5,0.01,26,0.005009327294828836,0.003570223576389253,0.0032477498752996325,0.014204224012792107,0.020584488287568092,0.0031521786004304886,32,0.5009327348379116,0.3570223821848745,0.3247749780585918,1.420422362025871,2.058448874766727,0.31521786708871724,32,0.9290045675892038,0.9311364707279355,0.8972277374697802,0.9487621809107207,0.9573996683712639,0.881839979521974,32.0
hard_a0.5,hard_teacher_ce,0.5,0.01,27,0.004685841129685286,0.003361431183293462,0.0030379802570678293,0.013277513952925799,0.019320927560329437,0.0029516518115997314,32,0.4685841179978115,0.33614312584273054,0.30379801683671326,1.327751358296013,1.932092799218583,0.2951651877574292,32,0.9340015685329521,0.9347230279322084,0.9178332855735865,0.9503222505836565,0.9594964504385577,0.9087127123875343,32.0
hard_a0.5,hard_teacher_ce,0.5,0.01,28,0.008097986836219206,0.005726373754441738,0.0051517728716135025,0.023856572806835168,0.03481423854827881,0.005112209357321262,32,0.8097986921692231,0.5726373615136219,0.5151772722767202,2.3856572143007106,3.4814239326437697,0.5112209947699712,32,1.704858610658695,1.7192712435146846,1.5286342576082848,1.7999540303356012,1.8094157902234431,1.461169813733565,32.0
soft_a0.05,soft_kd,0.05,0.001,0,0.0010000000438594725,0.0010000000474974513,0.0009999999310821295,0.0010000001639127731,0.0010000001639127731,0.0009999999310821295,32,1.0,1.0,1.0,1.0,1.0,1.0,32,,,,,,,
soft_a0.05,soft_kd,0.05,0.001,1,0.0007574191331514157,0.0007557578501291573,0.0007426385069265962,0.0007705377647653222,0.000772687781136483,0.0007381203467957675,32,0.7574190996741557,0.7557578142325874,0.7426384627963777,0.7705376788374773,0.7726876544831067,0.7381203117369339,32,0.7574190996741557,0.7557578142325874,0.7426384627963777,0.7705376788374773,0.7726876544831067,0.7381203117369339,32.0
soft_a0.05,soft_kd,0.05,0.001,2,0.000661624191707233,0.0006617327744606882,0.0006454281508922576,0.0006762175966287032,0.0006815096130594611,0.000642783532384783,32,0.6616241623685101,0.6617327045572076,0.6454281953737945,0.6762175212631873,0.6815095013513488,0.642783427024369,32,0.8735161926005228,0.8732411831860007,0.8636245998775739,0.8841357967830615,0.8858412885233372,0.859566274623492,32.0
soft_a0.05,soft_kd,0.05,0.001,3,7.975274530735987e-05,6.343353015836328e-05,2.1443636251206043e-05,0.00016583949400228446,0.0002910401963163167,1.9532615624484606e-05,32,0.07975274027600553,0.06343352714543242,0.021443635232688024,0.16583947648054043,0.2910401486111189,0.01953261469673519,32,0.12000072163071926,0.0948584806173263,0.03271765369408887,0.25260152962407006,0.43089423502594093,0.029969736345491712,32.0
soft_a0.05,soft_kd,0.05,0.001,4,8.042365863047962e-05,6.40979124000296e-05,2.3046611840982222e-05,0.0001659824563830625,0.0002911164192482829,2.092893009830732e-05,32,0.08042365356911088,0.06409790935554227,0.02304661074632695,0.1659824388459757,0.29111637153059117,0.020928929104236528,32,1.0190306619308203,1.0086764718763748,1.0008645404080216,1.0740850521681005,1.0784614761722227,1.000261898297661,32.0
soft_a0.05,soft_kd,0.05,0.001,5,8.031197171476379e-05,6.421609214157797e-05,2.28823727411509e-05,0.00016588202925049697,0.0002909944159910083,2.0759323888341896e-05,32,0.08031196665556778,0.06421608909147741,0.02288237165429657,0.16588201172710346,0.29099436829331443,0.020759322902326967,32,0.9970777645513065,0.9990088510320205,0.9858456590475385,1.0004735539967817,1.003436752860768,0.9773521232522044,32.0
soft_a0.05,soft_kd,0.05,0.001,6,8.166002834286701e-05,6.561822738149203e-05,2.565232398410444e-05,0.00016620674068690275,0.0002912526542786509,2.3416489057126455e-05,32,0.08166002322600097,0.06561822426479362,0.025652321009337703,0.16620672312568546,0.29125260653862844,0.023416487944902958,32,1.0352955249566969,1.0171989580210787,1.0019943828217643,1.122999019033449,1.1279986372907251,1.0008874338250209,32.0
soft_a0.05,soft_kd,0.05,0.001,7,8.219347995463977e-05,6.627379480050877e-05,2.6775692276714835e-05,0.00016635881838737986,0.0002914049837272614,2.420127930236049e-05,32,0.08219347481268788,0.06627379165267258,0.02677568916402975,0.16635880081080612,0.29140493596227024,0.02420127815286146,32,1.0125632894532886,1.0066200823636873,1.000922291588795,1.0426373828910303,1.048535951452013,1.0005230147996,32.0
soft_a0.05,soft_kd,0.05,0.001,8,8.304944935844105e-05,6.686637425445952e-05,2.8310880497883773e-05,0.00016659971006447447,0.00029151703347451985,2.5107792680501007e-05,32,0.08304944417503346,0.06686637107847732,0.028310881125587953,0.16659969245667916,0.2915169856911623,0.025107791487944904,32,1.0201865576386848,1.008388347920132,1.0011574383503936,1.083066288824802,1.1156275960787212,1.00038451554886,32.0
soft_a0.05,soft_kd,0.05,0.001,9,8.334745336924243e-05,6.72338755975943e-05,2.8323814149189275e-05,0.00016671360062900928,0.00029170108609832823,2.5784855097299442e-05,32,0.08334744816753356,0.06723387240415672,0.028323814741845543,0.16671358301182876,0.2917010382848021,0.025784853872584602,32,1.0059207398953647,1.0035856153574993,0.999966944424562,1.0231398221073202,1.0271563281037308,0.9825422754214375,32.0
soft_a0.05,soft_kd,0.05,0.001,10,8.452155702798336e-05,6.832620783825405e-05,3.0104683537501843e-05,0.00016708656403352504,0.0002920396509580314,2.7593050617724657e-05,32,0.08452155177558525,0.06832620459293348,0.030104684156739493,0.16708654637378217,0.2920396030890102,0.027593049307125143,32,1.0255623628894752,1.014713424540467,1.0022697891160455,1.0809541216908545,1.0939857624318623,1.001160656836187,32.0
soft_a0.05,soft_kd,0.05,0.001,11,8.688675501389298e-05,7.095031105563976e-05,3.26889087773452e-05,0.00016768864661571568,0.0002919997787103057,2.9779654141748324e-05,32,0.08688674966429398,0.07095030768568097,0.03268890945147054,0.1676886288692882,0.29199973084782005,0.029779652727290717,32,1.0458171628319948,1.0263533907205207,1.003478830878114,1.145281053882239,1.1879375961750542,0.9998634697459919,32.0
soft_a0.05,soft_kd,0.05,0.001,12,9.140710278643382e-05,7.510340219596401e-05,3.885077549057314e-05,0.00016958863270701837,0.00029264367185533047,3.5981156543130055e-05,32,0.09140709725138038,0.07510340311626112,0.03885077628065593,0.16958861470409398,0.29264362388730253,0.03598115483411691,32,1.0825703869979635,1.051358438018796,1.011636217512006,1.2316649241824018,1.2721931448681816,1.0022051151814864,32.0
soft_a0.05,soft_kd,0.05,0.001,13,9.243761962807184e-05,7.583864498883486e-05,3.935083350370405e-05,0.00017035355122061444,0.0002926052256952971,3.633645246736705e-05,32,0.09243761403572907,0.07583864594351022,0.039350834309855906,0.17035353309811985,0.29260517773357103,0.03633645074147825,32,1.0159077190831507,1.0074523175789147,1.0009361904345624,1.0714226984705482,1.0979417537827407,0.9998686246663404,32.0
soft_a0.05,soft_kd,0.05,0.001,14,9.36168818270744e-05,7.656157686142251e-05,4.02252291678451e-05,0.00017134844310930927,0.00029280592571012676,3.7245968997012824e-05,32,0.09361687617663049,0.07656157782876867,0.04022522998552824,0.17134844510662367,0.29280587771550337,0.03724596722792431,32,1.0172030363797828,1.0119197883514106,1.0020222147963145,1.0518994348658497,1.0682342739431863,1.0006859071445247,32.0
soft_a0.05,soft_kd,0.05,0.001,15,9.170273528980033e-05,7.557819481007755e-05,4.000458702648757e-05,0.00017135093148681332,0.00029293540865182877,3.814086448983289e-05,32,0.09170272973238039,0.0755781956718404,0.040004587778574144,0.1713509132271068,0.29293536063598147,0.03814086267823912,32,0.9756783343310429,0.9958414469171853,0.8760889829020295,1.0170981103496823,1.0257810054711092,0.8080269448091293,32.0
soft_a0.05,soft_kd,0.05,0.001,16,9.361179888855986e-05,7.680599810555577e-05,4.2122947343159466e-05,0.00017254046106245368,0.00029271989478729665,4.049996641697362e-05,32,0.09361179324965874,0.07680599896548042,0.042122948116287764,0.17254044262694523,0.2927198468067748,0.04049996449332853,32,1.0302500434592503,1.0220419419028224,1.001796422487771,1.0809365036903453,1.1043721940976026,0.9992642956154602,32.0
soft_a0.05,soft_kd,0.05,0.001,17,0.00010590466945359367,9.116410728893243e-05,5.971196351310937e-05,0.000180167948565213,0.0002953496586997062,5.727187453885563e-05,32,0.10590466333930192,0.0911641029588699,0.05971196459919903,0.18016792912789614,0.29534961028813256,0.057271871818587686,32,1.1834802032336125,1.1653838067790878,1.0300005082759098,1.4110648318774806,1.4277128520286375,1.0089838919705831,32.0
soft_a0.05,soft_kd,0.05,0.001,18,0.0001104847897295258,9.714104817248881e-05,6.451611479860731e-05,0.00018336023276788183,0.0002939702826552093,6.289286829996854e-05,32,0.11048478342286999,0.09714104942693283,0.06451611593319764,0.18336021286041354,0.29397023446973297,0.06289286531271773,32,1.0545843066887028,1.0544515822901825,1.0045794634421803,1.114685276160156,1.1210385227812174,0.995329684650493,32.0
soft_a0.05,soft_kd,0.05,0.001,19,0.0001158234902050026,0.00010286189717589878,7.024427250144072e-05,0.00018682902300497516,0.00029136420926079154,6.941154424566776e-05,32,0.11582348369841834,0.10286189848166188,0.07024427369976757,0.18682900261419605,0.29136416150248384,0.06941154094879647,32,1.0594526986508555,1.0623296787207184,1.0049886461333375,1.1105850956144845,1.1150707685976609,0.9911349087027468,32.0
soft_a0.05,soft_kd,0.05,0.001,20,0.0001255901120202907,0.0001130476848629769,8.177935851563233e-05,0.00019304225861560553,0.0002889616880565882,8.04778392193839e-05,32,0.1255901051538058,0.11304768626511502,0.08177935989284961,0.19304223734982714,0.2889616406920843,0.08047783539689182,32,1.1003730947991996,1.1065623048152478,1.014849520564333,1.1598074139822323,1.1691254278447445,0.9917542336092044,32.0
soft_a0.05,soft_kd,0.05,0.001,21,0.00013530734258893062,0.00012521881581051275,9.243100830644835e-05,0.00019881626794813201,0.00028422338073141873,9.152459824690595e-05,32,0.13530733534698494,0.12521881718076452,0.09243100391621124,0.19881624578252413,0.28422333414358386,0.0915246045545868,32,1.0890178120251166,1.0991471962162964,1.0073191971428028,1.1425935815182708,1.149470418241855,0.9836022991247146,32.0
soft_a0.05,soft_kd,0.05,0.001,22,0.0001411214946074324,0.0001306198537349701,0.00010015930565714371,0.0001996791295823641,0.0002737778995651752,9.668630082160234e-05,32,0.14112148717831502,0.1306198475652346,0.10015930089983219,0.19967910946769918,0.2737778546894878,0.09668630748501676,32,1.0499053008012909,1.0577177188866127,0.9893596125294738,1.086980401584291,1.1026489520057177,0.9632490432723613,32.0
soft_a0.05,soft_kd,0.05,0.001,23,0.00014439791311815497,0.00013575611228588969,0.00010558417816355358,0.00019786009943345562,0.0002592725504655391,9.78444077190943e-05,32,0.14439790561702903,0.1357561056330167,0.10558417997093092,0.1978600793366718,0.2592725079674633,0.09784441446232299,32,1.0274874886563994,1.0378884191463333,0.9739352281617861,1.0634600180364477,1.0716861471425625,0.9470178231235098,32.0
soft_a0.05,soft_kd,0.05,0.001,24,0.00014699511234539386,0.0001414408761775121,0.00010914952581515535,0.00019707028404809533,0.00024520853185094893,0.00010006746015278623,32,0.1469951048286383,0.14144086116689325,0.10914952762410594,0.19707027626341125,0.24520849165814507,0.10006746704922297,32,1.021624575295272,1.0282240533666487,0.9767718155920845,1.0511329730690273,1.060671513916547,0.9457558519429172,32.0
soft_a0.05,soft_kd,0.05,0.001,25,0.0001444364261260489,0.00013937395124230534,0.00010828793783730361,0.0001937388748046942,0.000228086079005152,9.948272781912237e-05,32,0.1444364188318496,0.13937393657964503,0.10828793836095064,0.19373886737874127,0.2280860416189364,0.0994827346752606,32,0.9845177507573903,0.990460801919606,0.952611515847749,1.006131694567443,1.0124086167095627,0.9301718716043498,32.0
soft_a0.05,soft_kd,0.05,0.001,26,0.0001429525316325453,0.00013759679859504104,0.00010713552401284688,0.00019051314957323483,0.00021411578927654773,9.926802886184305e-05,32,0.14295252451214735,0.1375967760411719,0.10713553139639954,0.1905131425558254,0.2141157541802407,0.09926803570318468,32,0.9912830296998643,0.9939422268578995,0.9602846121138022,1.0183045569142533,1.0213176787624905,0.9387499237588774,32.0
soft_a0.05,soft_kd,0.05,0.001,27,0.0001350142561022949,0.00012740118836518377,9.800397019716911e-05,0.00018186300148954616,0.0001952570310095325,8.941234409576282e-05,32,0.13501424941221057,0.12740116748250513,0.0980039769513945,0.1818630024926467,0.19525699900441634,0.0894123502578716,32,0.9427706490911713,0.9383461527991155,0.9134452612120306,0.9862163425470069,1.0027529470105305,0.9007164252269283,32.0
soft_a0.05,soft_kd,0.05,0.001,28,0.00017171640911328723,0.0001548248837934807,0.00013132400927133857,0.0002491024373739492,0.000267109542619437,0.00012261401570867747,32,0.17171640105274794,0.15482487643401047,0.13132401147003633,0.24910242341244695,0.2671095299324151,0.12261402415897492,32,1.2755064528834998,1.2658212607464958,1.1025917879678138,1.451236801095319,1.5145860992377276,1.0108734106471169,32.0
soft_a0.05,soft_kd,0.05,0.003,0,0.0030000000697327778,0.003000000026077032,0.0029999997932463884,0.0030000004917383194,0.0030000004917383194,0.0029999995604157448,32,1.0,1.0,1.0,1.0,1.0,1.0,32,,,,,,,
soft_a0.05,soft_kd,0.05,0.003,1,0.002272253936098423,0.0022672235500067472,0.00222792977001518,0.002311573422048241,0.0023180008865892887,0.0022143449168652296,32,0.7574179611172477,0.7557411181052741,0.742643307853122,0.7705244673184165,0.7726669554801425,0.7381148513019578,32,0.7574179611172477,0.7557411181052741,0.742643307853122,0.7705244673184165,0.7726669554801425,0.7381148513019578,32.0
soft_a0.05,soft_kd,0.05,0.003,2,0.0019848734336846974,0.0019852352561429143,0.0019363627245184035,0.0020287201157771053,0.0020446383859962225,0.0019284324953332543,32,0.6616244624956567,0.6617450283306276,0.6454543085307692,0.6762400327142574,0.6815461227411741,0.6428108760789082,32,0.87351789606709,0.8732376655859614,0.8636383844618454,0.8841730248331282,0.885775522837236,0.8595708624072128,32.0
soft_a0.05,soft_kd,0.05,0.003,3,0.0002390131659240069,0.00019316010002512485,6.419249584723729e-05,0.0004960666046827099,0.0008765280363149941,5.8738794905366376e-05,32,0.07967105443625334,0.06438669944870361,0.021397495108423006,0.16535553988240853,0.29217600956530365,0.019579595092443062,32,0.11987644533858255,0.09628418767975115,0.03281379229648892,0.25187741508908895,0.43256716055025685,0.030040189114281846,32.0
soft_a0.05,soft_kd,0.05,0.003,4,0.00024101767189677048,0.00019512249855324626,6.900903026689776e-05,0.0004964974519680253,0.0008767532999627292,6.291842146310955e-05,32,0.08033922305988547,0.0650408322857248,0.023003006318479364,0.16549915564863668,0.2922510974472293,0.020972803716659435,32,1.0189436930921438,1.0086966468024756,1.0008704327469844,1.0730242805087415,1.0779152843106845,1.0002569953708293,32.0
soft_a0.05,soft_kd,0.05,0.003,5,0.00024068083507700067,0.00019546890689525753,6.843034061603248e-05,0.000496196349558886,0.0008762984653003514,6.261148519115523e-05,32,0.08022694412007633,0.06515630173205819,0.02281010979980914,0.16539878817384285,0.29209948589442125,0.020870491642778245,32,0.9970876167639502,0.9990017030117743,0.9858440431620267,1.0004747190688228,1.003299158043132,0.9775858624209502,32.0
soft_a0.05,soft_kd,0.05,0.003,6,0.00024473503390254336,0.00019960849022027105,7.688671685173177e-05,0.0004971742906491271,0.000877066922839731,7.054411980789155e-05,32,0.08157834367160768,0.0665361628284018,0.025628901416339618,0.16572476854937304,0.2923556384053212,0.023514702748270378,32,1.0353839871432136,1.0176236642570609,1.002006117411109,1.1236269813878759,1.126696157941593,1.0008769358498377,32.0
soft_a0.05,soft_kd,0.05,0.003,7,0.00024633886823721696,0.00020154583762632683,8.028888914850541e-05,0.0004976319833076558,0.0008775224559940398,7.289017958100885e-05,32,0.0821129550926215,0.0671819452914737,0.02676295866271103,0.16587733277298122,0.2925074827887709,0.02429672254445978,32,1.0125959736742511,1.0066876501699582,1.0009285374836965,1.0418336854597623,1.04901591451473,1.0005193824353036,32.0
soft_a0.05,soft_kd,0.05,0.003,8,0.0002489155590410519,0.0002032922493526712,8.524517506884877e-05,0.0004983549893950111,0.0008778583141975105,7.543600804638118e-05,32,0.0829718519820214,0.06776408252852835,0.02841505897752915,0.16611833481314436,0.29261943552228803,0.02514533189381931,32,1.0202563010714616,1.0086962669507609,1.0011512802052533,1.0815410084956922,1.1170085152745606,1.0003827345969059,32.0
soft_a0.05,soft_kd,0.05,0.003,9,0.00024981363412734936,0.0002043802451225929,8.528875805495773e-05,0.000498970212356653,0.0008784090750850737,7.746500341454521e-05,32,0.08327121032733073,0.0681267477820165,0.028429586546364353,0.16632339620465034,0.29280302248321327,0.02582166357234792,32,1.0059725374525887,1.0035950909232998,0.9999156985281339,1.0229280009092567,1.026911401095551,0.9827954796126009,32.0
soft_a0.05,soft_kd,0.05,0.003,10,0.00025334319843750563,0.0002076106029562652,9.06097538972972e-05,0.0005008286825614049,0.0008794204331934452,8.289045945275575e-05,32,0.08444773171451511,0.06920353371721415,0.030203251831662677,0.16694288623187456,0.29314014184974013,0.0276301486219843,32,1.025630550211747,1.0152011033971222,1.002284376306513,1.0809373679811325,1.092078214138049,1.0011513520716684,32.0
soft_a0.05,soft_kd,0.05,0.003,11,0.0002604524640901218,0.0002153480745619163,9.832911273406353e-05,0.0005028035506256856,0.0008792865555733442,8.944813453126699e-05,32,0.08681748682967663,0.07178269089667891,0.03277637149357186,0.16760117553795964,0.29309551597676103,0.029816039956525868,32,1.045992787604201,1.0273925974609246,1.003438360188034,1.1479104727850493,1.1841445983981322,0.9998477660797409,32.0
soft_a0.05,soft_kd,0.05,0.003,12,0.0002740243053267477,0.00022709361655870453,0.00011676083850034046,0.0005084707780042663,0.0008811930892989039,0.00010804342309711501,32,0.09134143373852965,0.07569787454238384,0.03892028016198673,0.16949025120470423,0.2937310272130902,0.0360144684624736,32,1.0827581501102,1.051540211333013,1.0115433079578908,1.232352194787367,1.2681924132233513,1.0021682734865842,32.0
soft_a0.05,soft_kd,0.05,0.003,13,0.00027713609256352356,0.0002293314173584804,0.00011826429436041508,0.0005097981891594827,0.0008810737053863704,0.00010910595301538706,32,0.09237869609892617,0.07644380818297786,0.039421432139062365,0.16993273492988875,0.2936912325759249,0.03636864504384355,32,1.0159960485408481,1.0075974196372381,1.0009399082417978,1.0719040126090706,1.0962714666243432,0.9998645201443551,32.0
soft_a0.05,soft_kd,0.05,0.003,14,0.00028068877782061463,0.00023150676861405373,0.00012088552175555378,0.0005121531634358689,0.0008816697518341243,0.00011184134928043932,32,0.09356292446628243,0.07716892529362862,0.04029517460209756,0.17071771966135246,0.2938899147234492,0.03728044364940554,32,1.01729032479697,1.0119848659362032,1.0020107918508694,1.0521042513817047,1.0672534157386673,1.0006765000976763,32.0
soft_a0.05,soft_kd,0.05,0.003,15,0.0002749304346707504,0.00022846271167509258,0.00012023325434711296,0.0005140212742844595,0.0008820529910735786,0.00011452760372776538,32,0.09164347684016827,0.07615423955247454,0.04007775196645562,0.17134041649348944,0.2940176611354902,0.038175861651743775,32,0.9755732167459938,0.9957367082145459,0.8748970667968695,1.0171106547445297,1.0257246543756373,0.8112419425322492,32.0
soft_a0.05,soft_kd,0.05,0.003,16,0.00028067938910680823,0.00023216894624056295,0.00012657748447963968,0.0005175867292564362,0.0008812969899736345,0.00012160399637650698,32,0.09355979490157272,0.07738965110087945,0.04219249532094755,0.17252890139469784,0.29376566077103267,0.040534658814687326,32,1.0303913756599086,1.0225579201699044,1.001834716866486,1.0812570922767346,1.1045584029664854,0.999142907390378,32.0
soft_a0.05,soft_kd,0.05,0.003,17,0.00031760270894665155,0.0002736841997830197,0.00017925865249708296,0.0005404481082223355,0.0008890130557119846,0.00017194815154653043,32,0.10586756780315537,0.09122806580135417,0.05975288483986251,0.18014936055937825,0.2963376826614591,0.057316041120678896,32,1.1839857201016124,1.1668351152920564,1.0301818368776983,1.4099430156362367,1.4271306277473166,1.0087553524250445,32.0
soft_a0.05,soft_kd,0.05,0.003,18,0.00033137113587144995,0.00029205039027146995,0.0001936567306984216,0.0005500403058249503,0.0008846361888572574,0.00018880583229474723,32,0.1104570432696711,0.09735013315435423,0.06455224419035183,0.18334675952087828,0.29487872705589846,0.06293526711568825,32,1.054761317210239,1.0548924694886002,1.0046995843041968,1.1149535594542954,1.121642549371204,0.9950767125110194,32.0
soft_a0.05,soft_kd,0.05,0.003,19,0.00034740513592623756,0.0003091655671596527,0.00021084553372929804,0.0005604913894785568,0.0008765538223087788,0.0002082952851196751,32,0.11580170976740785,0.10305519228365054,0.07028184515579296,0.18683045382964972,0.2921846048964905,0.06943175032580763,32,1.05958551953077,1.0627435164755146,1.005072176629539,1.1104706170159782,1.1158365144794482,0.9908636265955623,32.0
soft_a0.05,soft_kd,0.05,0.003,20,0.0003767166476791317,0.00033959852589759976,0.000245426497713197,0.0005790442723082378,0.0008690441609360278,0.0002414694899925962,32,0.12557221338739247,0.11319951216164899,0.08180883319720657,0.19301474766937465,0.28968138446066566,0.08048981680422299,32,1.1005207237079344,1.1071949736608033,1.0149212753344385,1.1596066401098248,1.1689744929309407,0.9914327435673361,32.0
soft_a0.05,soft_kd,0.05,0.003,21,0.00040589505533716874,0.0003754127974389121,0.0002773505024379119,0.0005961070215562359,0.0008544353768229485,0.0002746081736404449,32,0.1352983489464209,0.12513759326775686,0.09245015232554313,0.1987023318335776,0.2848117897986341,0.09153607129275353,32,1.0891629505362799,1.100175527798573,1.007515606412967,1.1425269429766762,1.1501673718496435,0.9831898253624481,32.0
soft_a0.05,soft_kd,0.05,0.003,22,0.0004233539784763707,0.00039207408553920686,0.00030053607042646036,0.0005986711330479011,0.0008227243088185787,0.0002900640247389674,32,0.14111798975527018,0.13069135566231652,0.10017867372158924,0.19955703551177328,0.2742414338890587,0.09668802241383324,32,1.0499883659544431,1.0571539013500202,0.9896114956728823,1.086963447790196,1.1029749938806064,0.9628865226504535,32.0
soft_a0.05,soft_kd,0.05,0.003,23,0.0004331971413193969,0.0004075448669027537,0.0003165762551361695,0.0005933393054874614,0.0007790246163494885,0.00029349338728934526,32,0.14439904384236654,0.13584828229875962,0.10552541471234887,0.19777975962925115,0.2596748698593129,0.09783114343145853,32,1.0275397290850052,1.0376405034498597,0.9741822645414279,1.0633820273558534,1.0711792976700067,0.9468841603430408,32.0
soft_a0.05,soft_kd,0.05,0.003,24,0.00044100938157498604,0.0004246916505508125,0.00032726923964219166,0.0005917584203416482,0.0007367212092503905,0.00030013936338946223,32,0.14700312379239183,0.1415638712146164,0.10908974263835611,0.19725279793018596,0.24557373428218546,0.10004646912277161,32,1.0216816586331177,1.0284131424328984,0.9769378305773574,1.0508361833459112,1.0602647282771467,0.9456969571804652,32.0
soft_a0.05,soft_kd,0.05,0.003,25,0.0004333433344072546,0.00041859947668854147,0.0003247467044275254,0.0005817286582896486,0.0006851974758319557,0.0002983770100399852,32,0.1444477747495014,0.13953315768331026,0.10824889505702037,0.19390954413913256,0.22839915662532784,0.09945901792020116,32,0.9845509692442942,0.9904986307871194,0.9527796241173586,1.0061113444824739,1.0123703239058957,0.9300634585084635,32.0
soft_a0.05,soft_kd,0.05,0.003,26,0.00042889077576546697,0.0004130193847231567,0.00032163136056624354,0.0005719790380680934,0.0006431094952858984,0.00029771984554827213,32,0.14296358853950702,0.13767313245720525,0.10721046091079785,0.19065967097156508,0.21436982989858983,0.09923996305753247,32,0.9912911017967532,0.9937465135580124,0.9604767665276348,1.0183829923627326,1.0214514402937702,0.9385754004785924,32.0
soft_a0.05,soft_kd,0.05,0.003,27,0.0004050828765684855,0.00038248229247983545,0.00029420944629237055,0.000546001028851606,0.0005862797843292356,0.0002681013138499111,32,0.13502762227022794,0.1274941013484649,0.0980698221895535,0.18200034136852575,0.19542659307769666,0.08936711771142966,32,0.9427951960662418,0.9385390429876695,0.9133156881216227,0.9862135514263397,1.0028196607193123,0.9005154270323619,32.0
soft_a0.05,soft_kd,0.05,0.003,28,0.0005151956338522723,0.0004645605222322047,0.00039416975632775573,0.0007465863629477098,0.0008027177536860108,0.0003675641492009163,32,0.17173187380570384,0.1548535120722087,0.13138991412942488,0.24886211881937478,0.2675725822361707,0.12252140101979837,32,1.2755178728720653,1.2662176376841847,1.1041707678839923,1.4518729524325533,1.5149036719760443,1.0101835644808836,32.0
soft_a0.05,soft_kd,0.05,0.01,0,0.009999999863794073,0.009999999776482582,0.009999999357387424,0.010000000707805157,0.010000001639127731,0.009999998845160007,32,1.0,1.0,1.0,1.0,1.0,1.0,32,,,,,,,
soft_a0.05,soft_kd,0.05,0.01,1,0.007574188552098349,0.007557072676718235,0.007426720391958952,0.0077046766644343736,0.007725810166448355,0.007380895782262087,32,0.7574188655499274,0.7557072493715538,0.742672017665691,0.7704676836647321,0.7725810339133673,0.7380895259838515,32,0.7574188655499274,0.7557072493715538,0.742672017665691,0.7704676836647321,0.7725810339133673,0.7380895259838515,32.0
soft_a0.05,soft_kd,0.05,0.01,2,0.006616358601604588,0.006617984967306256,0.00645595642272383,0.006763282581232488,0.006817017216235399,0.006429228466004133,32,0.6616358691692606,0.6617985115229751,0.6455956837568705,0.6763282732403637,0.6817017368607611,0.6429228010940059,32,0.8735318915949912,0.8731856405420936,0.8636847839339903,0.8842458066701252,0.885608999030397,0.8596174777626387,32.0
soft_a0.05,soft_kd,0.05,0.01,3,0.0007988650177139789,0.0006527187069877982,0.0002116653646226041,0.0016585389792453495,0.0029445074032992125,0.0001965789997484535,32,0.0798865023953547,0.06527187215771985,0.021166535796368315,0.16585388608080695,0.2944507469114083,0.01965789858344915,32,0.12020446037229833,0.0976102229040783,0.032465163987096445,0.25223376894597066,0.4358981172976292,0.030156415216399595,32.0
soft_a0.05,soft_kd,0.05,0.01,4,0.0008055517041611893,0.000659168406855315,0.00022787282869103366,0.001660952903330326,0.0029454112518578768,0.00021046370966359973,32,0.080555171049062,0.06591684215888774,0.022787282147538026,0.16609527846286545,0.29454113176929503,0.021046369476687088,32,1.0189548136576208,1.0086549775256173,1.0008659590778612,1.0714096948642229,1.0806845164141499,1.0003069608715032,32.0
soft_a0.05,soft_kd,0.05,0.01,5,0.0008044347509894578,0.0006602979556191713,0.00022623174081672914,0.001660301169613376,0.0029440962243825197,0.00020884544937871397,32,0.08044347572920652,0.0660297970377981,0.0226231724803931,0.16603010509745147,0.29440962901882,0.020884545404677362,32,0.9971272888902043,0.9989963572791899,0.9860718426962285,1.0004673251152958,1.0031751932207287,0.9790344819074,32.0
soft_a0.05,soft_kd,0.05,0.01,6,0.0008179918695532251,0.0006739040545653552,0.0002546124604123179,0.0016664267517626284,0.0029466005507856607,0.00023527212033513933,32,0.08179918760334268,0.0673904069628285,0.02546124423907179,0.16664266323685792,0.2946600616647317,0.023527212559388114,32,1.0355952392339545,1.017709170752504,1.0020210848968687,1.124915780833993,1.1267838558720025,1.0008506265462387,32.0
soft_a0.05,soft_kd,0.05,0.01,7,0.0008233436487898871,0.0006802483694627881,0.00026601859863149,0.0016693012265022841,0.002948018489405513,0.0002430906897643581,32,0.08233436553398679,0.06802483846675243,0.026601857980255775,0.16693011067910601,0.29480185552988625,0.024309069519785856,32,1.0126544175475816,1.0066998390436346,1.0009472906943973,1.0432964011142662,1.0501627481602147,1.0004812116862851,32.0
soft_a0.05,soft_kd,0.05,0.01,8,0.0008319430489791557,0.0006859878194518387,0.00028859594895038756,0.0016730729432310907,0.002949140500277281,0.00025207101134583354,32,0.08319430556311541,0.06859878347848616,0.02885959554010098,0.16730728230365066,0.29491405661957093,0.025207099350411863,32,1.0203190376879352,1.008774636877663,1.0011345242569964,1.078783188030145,1.1203577035969545,1.0003805983157161,32.0
soft_a0.05,soft_kd,0.05,0.01,9,0.0008349665622517932,0.000689554086420685,0.00028883273917017503,0.0016759250196628271,0.0029509570449590683,0.0002588591887615621,32,0.08349665689471181,0.06895541018334203,0.028883274562609,0.16759248991548373,0.29509571109181,0.025885917043937653,32,1.0060867868436967,1.0036278260258786,0.9997766162234437,1.024242862838868,1.0269296234401797,0.9837675147471475,32.0
soft_a0.05,soft_kd,0.05,0.01,10,0.0008467392117381678,0.0007001526828389615,0.0003063240845222026,0.0016820352349895982,0.0029541996773332357,0.0002769160200841725,32,0.08467392185930861,0.07001526984885939,0.03063240913690796,0.1682035113779709,0.29541997433647454,0.027691600048391517,32,1.0256512841257432,1.0152522966867403,1.0023131613902974,1.0793934620304,1.0919763505411484,1.001098840926779,32.0
soft_a0.05,soft_kd,0.05,0.01,11,0.0008704154424776789,0.0007255769742187113,0.000331671915773768,0.0016885140445083379,0.002953660674393177,0.00029876470216549933,32,0.08704154497130945,0.07255769904366208,0.03316719231872132,0.1688513922433802,0.2953660740412639,0.029876468101878113,32,1.046126494690068,1.02782581611386,1.003367499864993,1.1525282638954037,1.1781805237304634,0.9998175468827668,32.0
soft_a0.05,soft_kd,0.05,0.01,12,0.0009155907655440387,0.0007613191846758127,0.00039254126022569835,0.0017071381502319126,0.0029598528053611517,0.00036071796785108745,32,0.09155907734253009,0.07613192380110181,0.03925412689996794,0.17071380259940638,0.29598528715190187,0.03607179423192855,32,1.0826839925863563,1.0518673570621457,1.0113453817021334,1.231818599482521,1.2674581193594674,1.0020964259779932,32.0
soft_a0.05,soft_kd,0.05,0.01,13,0.0009261895766030648,0.0007693222723901272,0.00039757407357683406,0.0017108070489484815,0.0029593370854854584,0.00036422122502699494,32,0.09261895846224556,0.07693223265219318,0.03975740824633073,0.17108069242073,0.29593371516317984,0.036422119924723065,32,1.016218566014039,1.0079724739722153,1.000932459737364,1.072196327261776,1.0923742391374311,0.9998257616477552,32.0
soft_a0.05,soft_kd,0.05,0.01,14,0.0009381473846588051,0.0007768395589664578,0.00040627329872222617,0.0017177760251797735,0.0029611962381750345,0.0003733297635335475,32,0.09381473928268624,0.07768396136754621,0.040627330780314226,0.1717775899480428,0.29611963043629297,0.03733297371090762,32,1.017437624863085,1.012147670623496,1.0019645491751101,1.0539754123792973,1.0650198903878785,1.000628232822376,32.0
soft_a0.05,soft_kd,0.05,0.01,15,0.0009187108753394568,0.0007654783548787236,0.00040409228822682055,0.001725526974769309,0.002962216967716813,0.0003822489525191486,32,0.0918710883117086,0.07654784079806437,0.04040922972589872,0.17255268480479766,0.29622170339275233,0.03822489254633725,32,0.9752164063992534,0.9956626873273969,0.8680082291618331,1.0171455616703258,1.0258129065856472,0.819529279630157,32.0
soft_a0.05,soft_kd,0.05,0.01,16,0.0009378742724948097,0.0007778412254992872,0.0004250737954862416,0.0017372625472489743,0.002959643490612507,0.00040583638474345207,32,0.09378742804921675,0.07778412793265263,0.04250738049873815,0.17372624189298552,0.29596435567656953,0.04058363560181455,32,1.0303808744604552,1.0226338919130902,1.001857966965247,1.0828862893009457,1.104809928770583,0.9991312327448149,32.0
soft_a0.05,soft_kd,0.05,0.01,17,0.001060850037902128,0.0009081770549528301,0.0005998445791192353,0.0018127605668269097,0.002984828781336546,0.0005733253201469779,32,0.10608500477182685,0.09081770752521695,0.059984456826708034,0.18127604301717662,0.29848288480526697,0.05733253329617977,32,1.1836560685656128,1.1658623070900997,1.0300770310756633,1.4053710656770035,1.42633748007807,1.0085095690761143,32.0
soft_a0.05,soft_kd,0.05,0.01,18,0.0011067299346905202,0.0009804548462852836,0.0006476132431998849,0.001844631927087903,0.0029694167897105217,0.0006295813946053386,32,0.11067299450970307,0.09804548682001576,0.06476132311564492,0.1844631786112465,0.29694168560821604,0.06295814086775797,32,1.0547521096251495,1.0546520139420508,1.0047275969100418,1.115174378967616,1.1249167864268663,0.9948365575531863,32.0
soft_a0.05,soft_kd,0.05,0.01,19,0.0011601447022258071,0.0010370115633122623,0.0007045422040391714,0.0018791124632116405,0.002941364189609885,0.0006946570938453078,32,0.11601447134003384,0.10370115864912774,0.07045422197869171,0.18791123180027317,0.29413642553544994,0.0694657044677124,32,1.0595334281234448,1.0624038360117423,1.0051182979466138,1.1102060225327819,1.1179415552469985,0.9905528249864273,32.0
soft_a0.05,soft_kd,0.05,0.01,20,0.0012577889774547657,0.0011377319460734725,0.0008194972615456209,0.001940385648049414,0.0029147998429834843,0.0008051642798818648,32,0.1257788990081845,0.11377319715037637,0.08194972798628125,0.19403854951378618,0.2914799908134339,0.08051642228919259,32,1.1004044682339342,1.106806569688624,1.0147807926214898,1.1587546383673408,1.1690133894475807,0.9909686985650273,32.0
soft_a0.05,soft_kd,0.05,0.01,21,0.0013549670002248604,0.0012527027865871787,0.000925098525476642,0.00199441893491894,0.002864504000172019,0.0009164080838672817,32,0.13549670142230305,0.1252702756803562,0.09250985461542058,0.19944188108625374,0.2864504064198674,0.09164080190034496,32,1.089068419565889,1.1003822388901385,1.0072990448647532,1.142335086750799,1.152200717717858,0.9827446666938254,32.0
soft_a0.05,soft_kd,0.05,0.01,22,0.0014130777362879599,0.0013129287399351597,0.0010020895628258587,0.0020028215600177645,0.0027569979429244995,0.000968279258813709,32,0.14130777512627676,0.13129287692814046,0.1002089543729166,0.2002821432762978,0.2756998004548207,0.09682792804564375,32,1.0499163454300309,1.0564123857230932,0.9896266967048964,1.086967004840367,1.103724690755591,0.9624695733568313,32.0
soft_a0.05,soft_kd,0.05,0.01,23,0.0014457050165219698,0.0013649578904733062,0.0010566255659796298,0.001984597340924665,0.0026094012428075075,0.0009792306227609515,32,0.14457050320039314,0.1364957920982493,0.10566255458357461,0.19845972123188377,0.26094013011321715,0.09792306446484621,32,1.0274394263851248,1.0370539690760556,0.9740687704037142,1.063013557164868,1.0709503395174098,0.9464647043006394,32.0
soft_a0.05,soft_kd,0.05,0.01,24,0.0014716196274093818,0.0014199188444763422,0.0010921059118118137,0.0019779242342337967,0.0024665372911840677,0.0010011103004217148,32,0.14716196434480783,0.14199188762140025,0.10921058905117899,0.19779241058407507,0.24665373463154736,0.10011103227982743,32,1.021604719208208,1.0283548106552334,0.9768474381576202,1.0507575531167976,1.0598809462671868,0.9452502937149944,32.0
soft_a0.05,soft_kd,0.05,0.01,25,0.0014458786899922416,0.0013981553493067622,0.00108337861020118,0.0019434886868111788,0.0022931064013391733,0.0009948726510629058,32,0.1445878705946198,0.13981553805579702,0.10833785788969091,0.19434885624962395,0.22931064525940967,0.09948726733000429,32,0.9844685896195107,0.9903212264342045,0.9528537689376524,1.0059512012642269,1.0122583438921697,0.929686491882862,32.0
soft_a0.05,soft_kd,0.05,0.01,26,0.0014308461504697334,0.0013794987462460995,0.001074303116183728,0.0019100575533229857,0.002151244319975376,0.0009924732148647308,32,0.14308461665758299,0.13794987120215862,0.1074303195313773,0.1910057433423098,0.21512443680594348,0.09924732370482364,32,0.9911889096438807,0.9934296115876038,0.9604168003735533,1.0183504380285995,1.0213666829306596,0.9381354126084381,32.0
soft_a0.05,soft_kd,0.05,0.01,27,0.0013514287456928287,0.0012774250353686512,0.00098289527813904,0.0018201892147772015,0.0019608333241194487,0.0008935406804084778,32,0.1351428761043477,0.12774250042724666,0.09828953505473498,0.18201892554616017,0.19608333679474899,0.08935407003806688,32,0.9428222837695124,0.9387912544754433,0.9132365784751998,0.9859036082603883,1.0034448233964903,0.9003171743332771,32.0
soft_a0.05,soft_kd,0.05,0.01,28,0.001717959443340078,0.0015504118637181818,0.0013158539193682372,0.002479695586953312,0.0026888172142207623,0.0012235463364049792,32,0.17179594642674628,0.15504118983725884,0.13158539617011816,0.24796956423788288,0.2688817274320512,0.12235463637533717,32,1.2750080415378806,1.266381799318367,1.1056738321911748,1.4528242362500265,1.5129596547749729,1.007868468595767,32.0
soft_a0.1,soft_kd,0.1,0.001,0,0.0010000000620493665,0.0010000000474974513,0.0009999999310821295,0.0010000001639127731,0.0010000001639127731,0.0009999999310821295,32,1.0,1.0,1.0,1.0,1.0,1.0,32,,,,,,,
soft_a0.1,soft_kd,0.1,0.001,1,0.0007671268649573904,0.0007658508548047394,0.0007531141076469794,0.0007799652521498501,0.0007827014778740704,0.0007499720668420196,32,0.7671268172798724,0.7658507292720225,0.7531140718759805,0.7799651742277763,0.7827014406977468,0.7499719439120385,32,0.7671268172798724,0.7658507292720225,0.7531140718759805,0.7799651742277763,0.7827014406977468,0.7499719439120385,32.0
soft_a0.1,soft_kd,0.1,0.001,2,0.0006736730247212108,0.0006733888585586101,0.0006576400017365813,0.0006898992083733902,0.0006944029009900987,0.0006553477142006159,32,0.6736729827441045,0.6733888657803926,0.6576399705003588,0.6898991756049376,0.6944027871686121,0.6553476830732712,32,0.8781667478484789,0.8781037777728702,0.868623964514809,0.8894293277433566,0.8899564195731536,0.86421915531594,32.0
soft_a0.1,soft_kd,0.1,0.001,3,9.424771752719607e-05,7.839468162273988e-05,2.5560742778907296e-05,0.00019977772026322774,0.00030788121512159705,2.3278478693100624e-05,32,0.09424771080939583,0.0783946778991925,0.02556074156483722,0.19977771077429565,0.3078812004980247,0.023278474877461253,32,0.13920923123842088,0.11516461335793655,0.03858668004432311,0.2979196745037533,0.44633131112589874,0.034910198845763685,32.0
soft_a0.1,soft_kd,0.1,0.001,4,9.493777525904079e-05,7.896319584688172e-05,2.705629922274966e-05,0.00019991723238490516,0.000307983165839687,2.475086694175843e-05,32,0.09493776849978164,0.07896319209633135,0.027056297937644466,0.1999172228893466,0.3079831512112723,0.02475086288477586,32,1.0166636099740223,1.0074235777939133,1.000751703911082,1.0640134105012509,1.0751960352427428,1.0003311365328011,32.0
soft_a0.1,soft_kd,0.1,0.001,5,9.4891444177847e-05,7.898930198280141e-05,2.670633721209015e-05,0.00019981650548288592,0.0003078603476751596,2.4917730115703307e-05,32,0.09489143742115318,0.07898929823101106,0.02670633594360726,0.19981649599211165,0.30786033305257837,0.024917726031369734,32,0.999041356418254,0.999691664427044,0.9944725312326834,1.0028541992160032,1.006741710273726,0.9775127865456779,32.0
soft_a0.1,soft_kd,0.1,0.001,6,9.630259870618829e-05,8.006671123439446e-05,2.928261492343154e-05,0.00020013844987261102,0.00030818060622550547,2.7663221771945246e-05,32,0.09630259186385341,0.08006670743142993,0.029282613532582026,0.2001384403665452,0.3081805915877128,0.027663217237590593,32,1.0315777816607943,1.0162764843437588,1.0018149813504658,1.110908189460606,1.1225685252228768,1.0009445137043358,32.0
soft_a0.1,soft_kd,0.1,0.001,7,9.686612037285158e-05,8.050639371504076e-05,3.010095315403305e-05,0.00020030130617669777,0.000308360205963254,2.8576452677953057e-05,32,0.09686611349664319,0.08050638989119244,0.030100950225003226,0.2003012966628967,0.3083601913169308,0.02857645132064445,32,1.0113613437513247,1.0059648394407192,1.0008323558483359,1.037690752113526,1.0471956539305898,1.0005827743022124,32.0
soft_a0.1,soft_kd,0.1,0.001,8,9.783613671743296e-05,8.094718577922322e-05,3.155299855279736e-05,0.00020063941046828397,0.0003084855852648616,2.9617354812216945e-05,32,0.09783612977866604,0.0809471819344384,0.03155299705411042,0.20063939056505423,0.3084855706125832,0.02961734995755498,32,1.018249634214786,1.0078089927129397,1.001213646341528,1.060439934366404,1.0961976060230294,1.0004066001357599,32.0
soft_a0.1,soft_kd,0.1,0.001,9,9.810641319063507e-05,8.134076415444724e-05,3.177287117068772e-05,0.00020100993788219052,0.0003087307559326291,2.9680155421374366e-05,32,0.09810640623571693,0.08134076029096844,0.03177286807086305,0.20100991792932763,0.30873074126870576,0.029680154011642697,32,1.00499837708294,1.0029671432706526,0.9899781109450472,1.0245973463793336,1.025753649544703,0.9801011718082695,32.0
soft_a0.1,soft_kd,0.1,0.001,10,9.935894672707946e-05,8.225192868849263e-05,3.362561037647538e-05,0.0002018134633544832,0.00030909109045751393,3.162327266181819e-05,32,0.09935893969898135,0.08225192478173583,0.03362560708670085,0.20181344330242712,0.3090910757764756,0.03162327115979341,32,1.0232895110131341,1.0143973747061925,1.002448160474647,1.0707236070433124,1.0951035349455265,1.0011671481313753,32.0
soft_a0.1,soft_kd,0.1,0.001,11,0.00010165433968722937,8.539225382264704e-05,3.60260250090505e-05,0.00020260402379790316,0.00030905570019967854,3.433931487961672e-05,32,0.10165433250578587,0.08539224976673282,0.03602602147811689,0.20260400363399897,0.30905568552032114,0.03433931324858686,32,1.036740367182896,1.0287213366187586,1.0021563888853402,1.1092797922671895,1.1365027893499404,0.9998855021741876,32.0
soft_a0.1,soft_kd,0.1,0.001,12,0.00010645624877270166,9.008340930449776e-05,4.245512009219965e-05,0.00020656314954976547,0.00030982671887613833,4.089909270987846e-05,32,0.10645624129251136,0.09008340502576562,0.042455115924901345,0.20656312879567656,0.30982670416015956,0.04089909076727589,32,1.0777815918900187,1.0567260653072177,1.006521667508022,1.2065867362836549,1.3798715718926764,1.0024947563690352,32.0
soft_a0.1,soft_kd,0.1,0.001,13,0.00010724382934768073,9.068235158338211e-05,4.35505828136229e-05,0.00020714882048196155,0.0003096950822509825,4.152020483161323e-05,32,0.10724382182983402,0.09068234727620175,0.04355058074508131,0.20714879965468108,0.30969506754125614,0.041520198025922425,32,1.0109376501720222,1.0085991732409005,1.001181617610386,1.0319175270398957,1.0494684985965754,0.999575128234152,32.0
soft_a0.1,soft_kd,0.1,0.001,14,0.00010830190251454042,9.141578993876465e-05,4.48993285317556e-05,0.0002086815307848155,0.00030991958919912577,4.254189116181806e-05,32,0.10830189493276873,0.09141578559674782,0.04489932639915203,0.20868150973429245,0.30991957447873586,0.04254188418865985,32,1.014025712708607,1.0114226196051495,1.0017976586807835,1.0356888277138159,1.0522656999865652,1.0007249290060127,32.0
soft_a0.1,soft_kd,0.1,0.001,15,0.00010671208428902901,8.907784285838716e-05,4.4070327567169444e-05,0.000206481285567861,0.00030984298791736364,4.221060225972906e-05,32,0.10671207680844272,0.08907783862741686,0.044070323202144344,0.20648126490811802,0.3098429732006121,0.04221060025483313,32,0.9833862269514331,0.9944584754261785,0.9377184494564396,1.012858719497803,1.0193660312715445,0.8385765700644872,32.0
soft_a0.1,soft_kd,0.1,0.001,16,0.00010869963898585411,9.166068412014283e-05,4.649669535865542e-05,0.00020811776921618723,0.00030953268287703395,4.448326217243448e-05,32,0.10869963138134217,0.09166067976649417,0.046496690744819144,0.20811774837756247,0.3095326681750211,0.044483260059593,32,1.0273584063954697,1.020729548249291,1.003410681634582,1.067552222044531,1.0842872139001902,0.9989985087530447,32.0
soft_a0.1,soft_kd,0.1,0.001,17,0.00012097367221031163,0.00010402344196336344,6.340409127005841e-05,0.0002158081741072237,0.0003121788613498211,6.330527685349807e-05,32,0.12097366386954589,0.1040234370225153,0.06340408825852582,0.21580815225274524,0.3121788465221215,0.06330526647695629,32,1.1642049370223342,1.1412867020340818,1.0257710671163423,1.362194166568588,1.4267257009751653,1.0085489469098756,32.0
soft_a0.1,soft_kd,0.1,0.001,18,0.00012551478585010045,0.00010972563177347183,6.910360825713724e-05,0.0002180047493311576,0.00031017628498375416,6.823049625381827e-05,32,0.12551477723670257,0.10972562656178422,0.06910360054739798,0.21800472712285457,0.3101762702511719,0.06823049301304375,32,1.0500237825196201,1.0462690186319565,1.0014265401046027,1.1035048450796865,1.1222459851052968,0.993585163462356,32.0
soft_a0.1,soft_kd,0.1,0.001,19,0.00013064670088169805,0.0001162518783530686,7.564023544546217e-05,0.00022025531725375908,0.00030682276701554656,7.408161764033139e-05,32,0.13064669195656148,0.11625187283140094,0.07564022700287427,0.22025529470249983,0.3068227524422478,0.07408161412164353,32,1.0530336947815808,1.0542409957423775,1.000839632220401,1.10031282518893,1.1253732080132828,0.989188348269813,32.0
soft_a0.1,soft_kd,0.1,0.001,20,0.00014000116630086268,0.00012664651148952544,8.733128852327355e-05,0.00022464282228611406,0.00030345082632265985,8.588686614530161e-05,32,0.14000115680430436,0.12664650547413922,0.08733127878030629,0.22464279901189801,0.30345081190951967,0.08588686206589456,32,1.0890554228276197,1.0946637005580224,1.0067374084821878,1.157730748430054,1.1721039002067442,0.9890101353113869,32.0
soft_a0.1,soft_kd,0.1,0.001,21,0.00014915430347173242,0.00013928300904808566,9.8913303372683e-05,0.00022864495404064652,0.0002973382652271539,9.579594916431233e-05,32,0.14915429341382325,0.13928300243249803,0.09891329233283086,0.22864492999237573,0.2973382511043448,0.09579594461424912,32,1.0783648121943652,1.0909696635852195,0.9997093418591264,1.132431911166618,1.1359793716360604,0.979856502058075,32.0
soft_a0.1,soft_kd,0.1,0.001,22,0.00015392589580187632,0.0001464264641981572,0.0001066040262230672,0.00022720523411408062,0.0002845325507223606,0.00010131828457815573,32,0.15392588546888927,0.1464264572432737,0.10660401431629775,0.22720521001395794,0.28453253720779026,0.10131827976579566,32,1.0400563904961753,1.04947970568454,0.9818054621233079,1.0769809589183597,1.0790995792018367,0.9569321678290876,32.0
soft_a0.1,soft_kd,0.1,0.001,23,0.00015606267106704763,0.00015100754535524175,0.00011222735920455307,0.0002238534216303378,0.0002680704346857965,0.0001024548037094064,32,0.15606266061128693,0.15100753818276857,0.1122273466683389,0.2238533976893217,0.2680704219531347,0.10245479884306459,32,1.0190434944737885,1.0230395152214062,0.9679749315751385,1.052704595099335,1.0634008590236042,0.9421432943444583,32.0
soft_a0.1,soft_kd,0.1,0.001,24,0.0001574576517668902,0.00015034823445603251,0.00011593992167036049,0.00022098792396718633,0.0002521637943573296,0.00010461589408805594,32,0.15745764125218398,0.1503482273148749,0.11593991616350996,0.22098790008893338,0.25216378238019266,0.10461588911906784,32,1.0131805502200195,1.0179669363683743,0.9706685496581736,1.042946339415326,1.0506247934426387,0.9406624593006276,32.0
soft_a0.1,soft_kd,0.1,0.001,25,0.00015331533086282434,0.00014624965115217492,0.00011377731098036748,0.0002139787859050557,0.00023305050854105502,0.00010380848834756762,32,0.15331532063236236,0.1462496442056896,0.11377730557623544,0.21397876252080303,0.23305049747175036,0.10380848341692923,32,0.9762071669708133,0.9796496912013334,0.9463955003720392,1.0018682780929025,1.0051022863719554,0.9242028941347938,32.0
soft_a0.1,soft_kd,0.1,0.001,26,0.00015025886773400998,0.00014243352779885754,0.0001114445498387795,0.00020853948517469688,0.00021722288511227816,0.00010324222239432856,32,0.15025885771974065,0.14243352103362833,0.11144454454544767,0.20853946212133836,0.21722287479474525,0.10324221749058636,32,0.9818509057053016,0.9869182642890579,0.9511535123053587,1.0025828804045755,1.0049512672255758,0.9320850079759058,32.0
soft_a0.1,soft_kd,0.1,0.001,27,0.00014067214397073258,0.00013107479026075453,0.00010102880696649663,0.00019727630788111128,0.00019869688549079,9.273191244574264e-05,32,0.1406721345711341,0.13107478403503636,0.10102880216788603,0.19727628810711037,0.1986968760531948,0.09273190804121335,32,0.9346991729904908,0.9340353582788181,0.9048643527311074,0.971536375555064,0.9807124520263812,0.8981975619583011,32.0
soft_a0.1,soft_kd,0.1,0.001,28,0.0001869223438006884,0.00017049590678652748,0.0001442702727217693,0.0002704072292544879,0.000276308273896575,0.00013557572674471885,32,0.18692233127813715,0.17049590851608057,0.14427025652023848,0.27040721946762863,0.27630822860612697,0.13557572030521767,32,1.3359217674930273,1.3411152069382237,1.129296132920599,1.4920295691658942,1.518332856396291,1.0505174689435877,32.0
soft_a0.1,soft_kd,0.1,0.003,0,0.0030000000551808625,0.003000000026077032,0.002999999688472599,0.003000000363681465,0.0030000004917383194,0.0029999995604157448,32,1.0,1.0,1.0,1.0,1.0,1.0,32,,,,,,,
soft_a0.1,soft_kd,0.1,0.003,1,0.0023013787358650006,0.002297617611475289,0.0022593815461732446,0.0023398380842991175,0.002347969450056553,0.0022499284241348505,32,0.7671262311369538,0.7658725305012022,0.7531271755113077,0.7799459940694757,0.7826564765490649,0.7499760766534292,32,0.7671262311369538,0.7658725305012022,0.7531271755113077,0.7799459940694757,0.7826564765490649,0.7499760766534292,32.0
soft_a0.1,soft_kd,0.1,0.003,2,0.0020210297443554737,0.002020120620727539,0.001972991204820573,0.002069746411871165,0.002083317143842578,0.0019661905243992805,32,0.6736765690460829,0.6733734821399926,0.6576637292235517,0.6899154887265111,0.6944389880156645,0.655396835769492,32,0.8781721560268663,0.8780867225629772,0.8686389040532916,0.8894578172829343,0.8899964828952933,0.8642065016970172,32.0
soft_a0.1,soft_kd,0.1,0.003,3,0.0002828486799444363,0.00023484275880036876,7.703504015807994e-05,0.0005993328159092923,0.0009296292555518448,7.184276910265908e-05,32,0.0942828913156159,0.07828090988347616,0.025678346496154955,0.1997776035665618,0.3098764158237292,0.023947587634148275,32,0.13925772895033134,0.11445627657461324,0.03880600865943843,0.29793920241625427,0.4492237562779455,0.03591028777822377,32.0
soft_a0.1,soft_kd,0.1,0.003,4,0.00028492492174336803,0.00023696924472460523,8.076777412497904e-05,0.0005997520012897438,0.000930019945371896,7.614111382281408e-05,32,0.09497497190107465,0.07898973844130382,0.02692259114097259,0.1999173320254977,0.3100066457626143,0.02538036908388057,32,1.0166826329441334,1.0076795975807786,1.0007501434651553,1.0625551176294208,1.07342652900529,1.000420264118968,32.0
soft_a0.1,soft_kd,0.1,0.003,5,0.0002847840196409379,0.00023664508626097813,8.06078784080455e-05,0.0005994503866531885,0.0009296498028561473,7.464286318281665e-05,32,0.0949280045351037,0.07888168563110995,0.026869291677050523,0.1998167938141865,0.3098832649251038,0.024880954177998404,32,0.9990126108992077,0.9996944233079454,0.9943676823232221,1.0027848197618712,1.0064023476899364,0.9774072334429309,32.0
soft_a0.1,soft_kd,0.1,0.003,6,0.0002890267433031113,0.00024152910918928683,8.821980554785114e-05,0.0006004147609928621,0.0009305932326242328,8.302830974571407e-05,32,0.09634224573007447,0.08050969309072192,0.029406600607854754,0.20013825192461682,0.31019774151173213,0.02767610300800115,32,1.0316734284453104,1.0161043590601047,1.0017899267440205,1.10834945763578,1.1201442143549578,1.0009546806639247,32.0
soft_a0.1,soft_kd,0.1,0.003,7,0.0002907177715769649,0.00024288490385515615,9.075103625946212e-05,0.0006009547811117953,0.000931035727262497,8.556004468118772e-05,32,0.09690592181160942,0.08096162783267583,0.03025034413831584,0.20031825170206186,0.3103452397232047,0.02852001464582346,32,1.0113942367785649,1.005979599826318,1.000830523121109,1.0371575810493197,1.046387469698459,1.000475497373881,32.0
soft_a0.1,soft_kd,0.1,0.003,8,0.0002936153814516729,0.00024416219093836844,9.428014782315585e-05,0.0006022185552865265,0.000931407033931464,9.043535101227462e-05,32,0.09787179175197139,0.08138739014868454,0.03142671566788013,0.20073950973052834,0.31046900861178456,0.030145114402491038,32,1.0182066877723952,1.0081434605267634,1.0011911621260574,1.0606684622806477,1.0950781777125405,1.0003988103335828,32.0
soft_a0.1,soft_kd,0.1,0.003,9,0.000294428585903006,0.00024533960095141083,9.573932984494605e-05,0.0006032944191247223,0.000932138180360198,8.886207797331735e-05,32,0.0981428598962793,0.08177986011690397,0.031913108592476674,0.2010981309855222,0.3107127240859108,0.029620692400299204,32,1.005059206238934,1.0029807752487692,0.990071996579489,1.0243306464297222,1.0263520319949075,0.9802391270533427,32.0
soft_a0.1,soft_kd,0.1,0.003,10,0.00029819296810273954,0.0002480529437889345,0.00010127333262062166,0.0006057017628336324,0.0009332087938673794,9.470643999520689e-05,32,0.09939765394105533,0.08268430765040649,0.0337577761014072,0.2019005788409555,0.3110695952518692,0.03156881305732865,32,1.0233736697997124,1.015027883128193,1.0024470578953153,1.071109291575,1.094219398451915,1.0011485566515124,32.0
soft_a0.1,soft_kd,0.1,0.003,11,0.00030505203949360293,0.0002592649689177051,0.0001084358595107915,0.000608068553265184,0.0009330719476565719,0.00010284398013027385,32,0.10168401104183236,0.08642165555469494,0.03614528496048913,0.20268950892875603,0.3110239798486632,0.0342813264121062,32,1.0366867465436458,1.0293309165531113,1.0021615002717104,1.1066027125712121,1.1351187087137442,0.9998533594928521,32.0
soft_a0.1,soft_kd,0.1,0.003,12,0.00031940035751176765,0.0002727700484683737,0.00012761430189129898,0.0006170676264446227,0.0009353374480269849,0.00012254214379936457,32,0.10646678362372436,0.09092334869912087,0.04253809881404364,0.2056892070269529,0.3117791466322367,0.04084738091139537,32,1.0778145946535214,1.0582364902526542,1.0064963302230627,1.2073202438251576,1.3776678318588669,1.002428001802115,32.0
soft_a0.1,soft_kd,0.1,0.003,13,0.00032174335183299263,0.00027453691291157156,0.00013073397058178672,0.0006186944927321745,0.000935106654651463,0.00012475420953705907,32,0.1072477817261766,0.09151230350840076,0.04357798835220577,0.2062314957847564,0.3117022155077315,0.04158473615088419,32,1.0108542167979675,1.0086516257542502,1.001237586583643,1.0312565957029076,1.0494840945599695,0.999753251218575,32.0
soft_a0.1,soft_kd,0.1,0.003,14,0.0003248969769629184,0.0002767323312582448,0.00013478400724125094,0.0006230611499631776,0.0009356767404824495,0.0001277752744499594,32,0.10829899009068167,0.09224410961759741,0.044928000524826636,0.20768704818243858,0.3118922441164085,0.042591757779764254,32,1.014004006345737,1.0117241459575195,1.0017990883310635,1.0349431766243253,1.0523428134647201,1.0006096479242776,32.0
soft_a0.1,soft_kd,0.1,0.003,15,0.0003202669581696682,0.00027033670630771667,0.00013249976254883222,0.0006196722504682837,0.0009353478089906275,0.00012650094868149608,32,0.10675565050819154,0.09011223465261901,0.04416658560593644,0.20655740775608628,0.3117826002867542,0.04216698252730211,32,0.9837743021505584,0.9944319477029427,0.9425082576942639,1.0132216382137456,1.0187105467318216,0.8426593702321235,32.0
soft_a0.1,soft_kd,0.1,0.003,16,0.0003262231530243298,0.0002779182104859501,0.00013975878318888134,0.0006245934375328941,0.0009342810953967273,0.00013332390517462045,32,0.1087410487631169,0.09263940269006316,0.0465862590433223,0.20819780336301463,0.31142702909187825,0.0444413013385744,32,1.0274113365390831,1.020781258259634,1.0034107188061276,1.068048411018192,1.0838072243676256,0.9988595540785504,32.0
soft_a0.1,soft_kd,0.1,0.003,17,0.0003630838127719471,0.00031460488389711827,0.00019046270099352114,0.0006476891168858854,0.0009422047296538949,0.00018977092986460775,32,0.12102793513778799,0.10486829372082146,0.06348756373410484,0.21589636264686363,0.31406824048797577,0.06325697607168451,32,1.164742382884236,1.1442756234331977,1.0256703100134084,1.3618072038095315,1.4273638720320316,1.0084809960259369,32.0
soft_a0.1,soft_kd,0.1,0.003,18,0.0003767112366404035,0.0003314395435154438,0.00020755637087859212,0.0006542647577589376,0.0009359457762911916,0.0002046002191491425,32,0.12557040968860025,0.11047984687815243,0.06918545339787147,0.21808824275464742,0.31198192271854297,0.06820007245689567,32,1.0501312966079255,1.0460879925168654,1.0013747789165783,1.1038879823308236,1.1217398126135718,0.993357119566782,32.0
soft_a0.1,soft_kd,0.1,0.003,19,0.0003920990266124136,0.00035074503102805465,0.0002271297897095792,0.0006609764066524802,0.0009253993048332632,0.00022214482305571437,32,0.1306996729264675,0.1169150093264194,0.07570992600445607,0.22032545887705,0.3084664322631247,0.07404827370825172,32,1.0531141133271817,1.0548650704417653,1.0008041427596952,1.1002872077156534,1.1258373499793681,0.9887317495039935,32.0
soft_a0.1,soft_kd,0.1,0.003,20,0.0004201921092317207,0.00038160174153745174,0.00026214404788333924,0.0006742102268617599,0.0009150734404101968,0.00025756104150786996,32,0.140064033645654,0.12720057940681273,0.08738134479934008,0.22473673189887527,0.30502447748535455,0.08585367975635359,32,1.0892234694920153,1.095255410266551,1.0066239570634186,1.1575884941150552,1.1726565961129338,0.9888417201427152,32.0
soft_a0.1,soft_kd,0.1,0.003,21,0.0004476445319596678,0.0004181943950243294,0.00029684171022381634,0.0006862392066977917,0.0008962446008808911,0.0002873037592507899,32,0.14921484109563074,0.13939812518866201,0.0989472316493901,0.2287463914227467,0.29874819769680827,0.0957679189178156,32,1.0784249644876944,1.090463553864108,0.9996755235404854,1.1322529649233695,1.1356006112689212,0.979423684812811,32.0
soft_a0.1,soft_kd,0.1,0.003,22,0.00046195636423362885,0.0004393089038785547,0.0003198620528564788,0.000682013199548237,0.0008574808016419411,0.00030387230799533427,32,0.15398545180755296,0.14643628865502517,0.10662067879373922,0.22733772230619312,0.285826931396141,0.10129076845132388,32,1.0400909816555304,1.0493728577966865,0.9818317443699432,1.077256218668311,1.0787304613057158,0.9567486384845719,32.0
soft_a0.1,soft_kd,0.1,0.003,23,0.0004683397792177857,0.00045296535245142877,0.0003367014942341484,0.000672018137993291,0.0008075761143118143,0.00030728307319805026,32,0.1561132568009214,0.15098843778645443,0.11223382563011598,0.22400603515216647,0.26919203576402834,0.10242769017568003,32,1.0190282186667186,1.0233314068023707,0.9680629551032336,1.0526263513215897,1.0630600962330412,0.9418008108932968,32.0
soft_a0.1,soft_kd,0.1,0.003,24,0.00047249847193597816,0.0004512348532443866,0.00034767060133162887,0.0006621501554036512,0.000759342045057565,0.0003137694438919425,32,0.15749948774628708,0.15041161644069936,0.1158901994365188,0.2207167165493381,0.25311401281903423,0.10458981372151686,32,1.0131584974655228,1.0184498871851155,0.9706496253977117,1.042831088680725,1.0508866054558006,0.9402730363126792,32.0
soft_a0.1,soft_kd,0.1,0.003,25,0.0004600422116709524,0.0004389514506328851,0.00034104906517313794,0.0006411596667021513,0.000701495329849422,0.0003113465791102499,32,0.15334740110285214,0.1463171489391227,0.11368302073620738,0.2137198870429903,0.23383177458392776,0.10378219213463945,32,0.9761767035225666,0.9796749153125535,0.9464255979289531,1.0019461421668645,1.0051620979128641,0.92381994967267,32.0
soft_a0.1,soft_kd,0.1,0.003,26,0.0004508488264036714,0.0004277492989785969,0.0003341373201692477,0.0006248345016501844,0.0006536247674375772,0.00030964010511524975,32,0.15028293943503532,0.14258309842015096,0.11137910575493706,0.20827816540630265,0.21787492058534866,0.10321336747458382,32,0.9818256944305719,0.9869662834392487,0.9512311700340046,1.0024722905285917,1.0051287734995185,0.9317592571541135,32.0
soft_a0.1,soft_kd,0.1,0.003,27,0.00042205820227536606,0.0003936867869924754,0.0003028955165063962,0.0005921882606344297,0.0005958140827715397,0.0002780883514788002,32,0.14068606495885944,0.13122892785680482,0.10096517129117474,0.19739608516230855,0.1986046925308396,0.09269611635385352,32,0.9346496274477016,0.9339087856483101,0.9046818983113093,0.971468037794,0.9806415298502149,0.8981018507770309,32.0
soft_a0.1,soft_kd,0.1,0.003,28,0.0005606719269053428,0.00051158043788746,0.0004328453476773575,0.0008106642053462565,0.0008276212029159069,0.00040658845682628453,32,0.18689063929218058,0.17052681114687562,0.14428177507204254,0.27022142245882075,0.2758737319073129,0.1355294844306926,32,1.3357022241568015,1.341830256353227,1.1282914078760755,1.492755092763562,1.5177583130331427,1.0511757122503227,32.0
soft_a0.1,soft_kd,0.1,0.01,0,0.009999999863794073,0.009999999776482582,0.009999998845160007,0.010000000707805157,0.010000000707805157,0.009999997913837433,32,1.0,1.0,1.0,1.0,1.0,1.0,32,,,,,,,
soft_a0.1,soft_kd,0.1,0.01,1,0.007671229905099608,0.00765950744971633,0.007531577767804265,0.007798598194494843,0.007825057953596115,0.007499574683606625,32,0.7671230008840613,0.7659507620919666,0.7531578179928933,0.77985983688071,0.7825058128499794,0.7499574152782899,32,0.7671230008840613,0.7659507620919666,0.7531578179928933,0.77985983688071,0.7825058128499794,0.7499574152782899,32.0
soft_a0.1,soft_kd,0.1,0.01,2,0.006736907234881073,0.006733386544510722,0.006577676022425294,0.006899817963130772,0.00694603705778718,0.006555280182510614,32,0.6736907326365313,0.673338638149162,0.6577676445077995,0.6899818470704031,0.694603721304321,0.6555279718524536,32,0.87819437804694,0.8780822892428377,0.868692873719922,0.8895539838274753,0.8902029225676586,0.8642085993074119,32.0
soft_a0.1,soft_kd,0.1,0.01,3,0.0009441009647161991,0.0007714286330156028,0.00025866860669339077,0.0020020829222630702,0.0031192286405712366,0.00023630385112483054,32,0.09441009801334402,0.0771428614587642,0.02586686124750848,0.20020828835260246,0.3119229000792276,0.02363038343991233,32,0.13945079112433456,0.11280635382805318,0.03922615918076449,0.2984971725054961,0.4521729911778072,0.03542734911536811,32.0
soft_a0.1,soft_kd,0.1,0.01,4,0.0009510266545476043,0.0007786584901623428,0.00027102115855086594,0.0020046524412464344,0.0031203837133944035,0.0002508099132683128,32,0.09510266700028201,0.07786584716280158,0.027102116460866105,0.20046524023777793,0.31203840737488353,0.025080989551585907,32,1.0166953209571061,1.0076511153316485,1.0007402604358513,1.0650753601996672,1.0701356233965669,1.000370307199717,32.0
soft_a0.1,soft_kd,0.1,0.01,5,0.0009505589650871116,0.0007775131380185485,0.00026757463783724236,0.0020041672105435278,0.003119140164926648,0.0002524732844904065,32,0.09505589805271857,0.07775131194799363,0.02675746438180017,0.2004167171685613,0.31191405251374704,0.02524732666202185,32,0.9990403372076837,0.9996968580055121,0.9944163371072055,1.0026583754984035,1.006631999510778,0.978435296265994,32.0
soft_a0.1,soft_kd,0.1,0.01,6,0.0009647209417380509,0.0007941483054310083,0.0002932509858510457,0.002011030819267034,0.0031221380922943354,0.0002796132175717503,32,0.09647209572925074,0.07941482867546434,0.029325099240571615,0.20110307800224003,0.312213845285137,0.027961319778058397,32,1.031701108128368,1.015637921157885,1.0017697973536681,1.1079121184848153,1.1148780738859998,1.0009611390348525,32.0
soft_a0.1,soft_kd,0.1,0.01,7,0.0009703734522190643,0.0008002961694728583,0.0003012192159076221,0.0020142956229392433,0.0031237176153808832,0.00028903965721838176,32,0.09703734678205184,0.08002961507340417,0.03012192226403964,0.2014295583540407,0.31237179761203276,0.028903963676000722,32,1.0114131751681472,1.005872884323544,1.0008485478595297,1.0383634537057778,1.0445381327079295,1.0005059107060146,32.0
soft_a0.1,soft_kd,0.1,0.01,8,0.0009800349444049061,0.0008132154762279242,0.0003157482118695043,0.002018569770734757,0.003125041024759412,0.0002989016938954592,32,0.09800349600712233,0.0813215494404707,0.03157482189270269,0.20185697311155354,0.3125041385651689,0.029890167273904464,32,1.0181252770592835,1.0083756112758877,1.0012278669165653,1.0609901877722452,1.092168486103847,1.0004236648575442,32.0
soft_a0.1,soft_kd,0.1,0.01,9,0.0009827627527556615,0.0008132495859172195,0.0003174159093759954,0.0020222026738338167,0.003127369098365307,0.00030097030685283244,32,0.09827627684251564,0.08132495670187032,0.031741590363299495,0.2022202634043462,0.3127369459526439,0.030097031358004317,32,1.0051711114206143,1.002945017184342,0.9900101246101651,1.0251742453470907,1.0264209964232576,0.9805223176265986,32.0
soft_a0.1,soft_kd,0.1,0.01,10,0.0009952827567758504,0.0008268386882264167,0.0003359535432537086,0.0020301189273595806,0.0031308126635849476,0.0003201854997314513,32,0.09952827725484825,0.0826838706707702,0.03359535371160297,0.2030118887262476,0.31308130251437566,0.032018550688815504,32,1.023340310814878,1.014951944950401,1.0023968356270332,1.0711819503299185,1.091956725694896,1.0011011061091064,32.0
soft_a0.1,soft_kd,0.1,0.01,11,0.0010178036864090245,0.0008733229769859463,0.0003598127586883493,0.002037927292985841,0.0031301879789680243,0.0003470130614005029,32,0.10178037024702022,0.08733229965062364,0.035981275207669014,0.20379272524822872,0.3130188340454692,0.034701306915684946,32,1.0362700877102275,1.0296315176468775,1.0021872232877977,1.1004845226760924,1.1300293368383545,0.999800472055007,32.0
soft_a0.1,soft_kd,0.1,0.01,12,0.0010649021987774177,0.0009154740255326033,0.0004235704967868514,0.0020582158525940027,0.003137505380436778,0.00041174827492795885,32,0.10649022151743193,0.09154740459950428,0.042357050625439006,0.2058215811114778,0.3137505742768489,0.04117482457842057,32,1.0771317878322337,1.0539286967049883,1.0064410024818242,1.2068125109618626,1.3670681078221645,1.0023376875503707,32.0
soft_a0.1,soft_kd,0.1,0.01,13,0.0010723866498665302,0.0009211789583787322,0.00043506102956598626,0.0020633703446947035,0.0031368013005703688,0.0004165794816799462,32,0.107238666640387,0.0921178978968687,0.043506103929035825,0.20633703030259698,0.31368016628207696,0.04165794521942377,32,1.0104157321100364,1.008266772455729,1.0011239975879809,1.0312930898780417,1.0493710654687443,0.9997755924592833,32.0
soft_a0.1,soft_kd,0.1,0.01,14,0.0010827428468473954,0.0009286203130614012,0.00044839739857707175,0.0020708447380457067,0.0031387789640575647,0.0004268371849320829,32,0.10827428635348976,0.09286203338176832,0.04483974085995348,0.20708446960650045,0.3138779326536354,0.042683715472032896,32,1.0138637187995974,1.01193074581154,1.001752444747605,1.0323900186637647,1.0527885766076077,1.0006304713935297,32.0
soft_a0.1,soft_kd,0.1,0.01,15,0.0010688312358979601,0.0009132738632615656,0.0004402316830237396,0.0020759555744007223,0.0031376660335808992,0.00042500239214859903,32,0.10688312524409455,0.09132738836748276,0.04402316746355445,0.207595553230374,0.3137666395931163,0.042500240164814296,32,0.9851546968914662,0.9944280043823337,0.9482332458707519,1.013399806881784,1.0189842993467755,0.8611160310188798,32.0
soft_a0.1,soft_kd,0.1,0.01,16,0.0010886733089137124,0.000937412929488346,0.0004644873450160958,0.002092174248537048,0.0031340783461928368,0.0004475404566619545,32,0.10886733256524321,0.09374129504411582,0.046448733610710724,0.20921742060134174,0.313407870812878,0.04475404666652635,32,1.027409159277583,1.0206182652308715,1.0033192603362882,1.0685826098844404,1.0824970300254844,0.9988565744889146,32.0
soft_a0.1,soft_kd,0.1,0.01,17,0.001211591226820019,0.00105811539106071,0.0006353122735163197,0.0021683558181393886,0.003159982617944479,0.0006319652311503887,32,0.12115912450103923,0.10581154147114324,0.06353122611515716,0.21683557721792887,0.31599829828719517,0.06319652452759127,32,1.164892522583264,1.1502441025600048,1.0253878856284333,1.3629780973878773,1.4222049500912801,1.0082653555177106,32.0
soft_a0.1,soft_kd,0.1,0.01,18,0.001257027113751974,0.00111271784408018,0.0006908840499818325,0.0021900758205447343,0.003138796892017126,0.0006839537527412176,32,0.1257027132411016,0.11127178689513624,0.06908840299681933,0.21900757731189718,0.3138797254497986,0.06839537680287756,32,1.0501703401238904,1.0456535167927117,1.0013351089413034,1.1041628156448158,1.1204518174409435,0.9932956194736495,32.0
soft_a0.1,soft_kd,0.1,0.01,19,0.001308314527705079,0.0011758194887079298,0.0007561680191429332,0.002211701910709962,0.0031029293313622475,0.0007421534974128008,32,0.13083145468315205,0.11758195149895441,0.07561679972192421,0.22117018619344722,0.3102929689700977,0.07421535140012245,32,1.0531472841291305,1.054558416970658,1.0005683547207236,1.1003684820686188,1.1255450068846347,0.9885728316011462,32.0
soft_a0.1,soft_kd,0.1,0.01,20,0.00140193896186247,0.001277514558751136,0.0008729709137696773,0.0022550547961145634,0.0030674070585519075,0.0008598517160862684,32,0.1401938982024909,0.12775145873058122,0.08729708885119562,0.22550547442653532,0.30674074127883827,0.08598517353054524,32,1.0892360444161278,1.0953208725994035,1.0063690352225585,1.1572353376223485,1.1725039335728482,0.9885520200375479,32.0
soft_a0.1,soft_kd,0.1,0.01,21,0.001493424408181454,0.0013945911196060479,0.00098865827312693,0.0022946128388866777,0.0030030114576220512,0.0009586454252712429,32,0.1493424429422281,0.13945910876285944,0.09886582444984827,0.22946127833500748,0.3003011804421864,0.09586454466986384,32,1.0784334025532964,1.0901621796845706,0.9993999981174737,1.1324036554742563,1.1346337393421113,0.9790065029842316,32.0
soft_a0.1,soft_kd,0.1,0.01,22,0.0015410929154313635,0.0014654912520200014,0.0010654522222466767,0.0022804234060458837,0.002871997654438019,0.0010135754710063338,32,0.15410929371909166,0.14654912170855344,0.10654521913331678,0.22804233492883647,0.2871997986107832,0.10135754936615116,32,1.0400819608112055,1.0491210707553378,0.9817269366506394,1.0773683541388936,1.0788843255829754,0.9563725263679892,32.0
soft_a0.1,soft_kd,0.1,0.01,23,0.001562216999445809,0.001509791356511414,0.0011216660786885768,0.0022471495904028416,0.0027035356033593416,0.001024736906401813,32,0.15622170213425257,0.15097913183688894,0.11216660461359719,0.22471495329693597,0.27035359155744815,0.10247369293064683,32,1.0189654382094093,1.02447881336637,0.9680691102613938,1.0527271237251579,1.0620209117832196,0.9413432490732165,32.0
soft_a0.1,soft_kd,0.1,0.01,24,0.0015760318565298803,0.0015091875102370977,0.0011590894777327777,0.0022032096516340968,0.0025411895476281643,0.0010462269419804215,32,0.15760318786855465,0.15091874715143255,0.11590895517698592,0.2203209594171577,0.254118984109493,0.10462269653654166,32,1.0131369293652273,1.0188029077594458,0.9707291361845203,1.042815664206193,1.0509341848985427,0.9399504650393912,32.0
soft_a0.1,soft_kd,0.1,0.01,25,0.0015343267004936934,0.0014677700819447637,0.001138538430677727,0.0021322871325537562,0.002346968511119485,0.001037882175296545,32,0.15343267220806284,0.14677700447678738,0.1138538503153023,0.21322871802140886,0.2346968782156826,0.103788219849502,32,0.9760889533818686,0.9796390024663888,0.9463910838726278,1.0019159253579009,1.0050718020149043,0.9235708187569255,32.0
soft_a0.1,soft_kd,0.1,0.01,26,0.0015034753741929308,0.0014294905122369528,0.0011152839986607432,0.002077359776012599,0.002185995224863291,0.0010320204310119152,32,0.1503475395282231,0.14294904768648686,0.11152840696073622,0.20773598224452097,0.2185995477310791,0.103202045407937,32,0.9817222134274697,0.9869109976178023,0.9513137818001652,1.0024317047476428,1.0051457577280798,0.9314122513815019,32.0
soft_a0.1,soft_kd,0.1,0.01,27,0.001407442106938106,0.0013159550144337118,0.001011080259922892,0.0019730762229301035,0.0019875329453498125,0.0009267503046430647,32,0.1407442126937039,0.13159549826025446,0.10110803242580048,0.19730763497240478,0.19875329897746366,0.09267503253575488,32,0.9346537288855437,0.9338620833165754,0.9046255979223267,0.9715033536022801,0.9807482131139508,0.8979960830178225,32.0
soft_a0.1,soft_kd,0.1,0.01,28,0.0018689032440306619,0.00170430657453835,0.0014433643722441048,0.0027013027807697653,0.0027474937960505486,0.00135424651671201,32,0.18689032717258006,0.17043066126325712,0.14433643893456358,0.2701302954397205,0.2747493857461822,0.1354246546981779,32,1.3352587860785912,1.3446445156064115,1.128395447430031,1.491918671215202,1.5200474274299551,1.0506308932266324,32.0
soft_a0.2,soft_kd,0.2,0.001,0,0.0010000000584113877,0.0010000000474974513,0.0010000000474974513,0.0010000001639127731,0.0010000001639127731,0.0009999999310821295,32,1.0,1.0,1.0,1.0,1.0,1.0,32,,,,,,,
soft_a0.2,soft_kd,0.2,0.001,1,0.0008046826787904138,0.0008032461046241224,0.0007920233008917421,0.0008184332924429327,0.0008216702262870967,0.0007916251197457314,32,0.8046826317978244,0.8032460664719815,0.7920232632726557,0.8184332535694391,0.8216701872598571,0.7916250821455576,32,0.8046826317978244,0.8032460664719815,0.7920232632726557,0.8184332535694391,0.8216701872598571,0.7916250821455576,32.0
soft_a0.2,soft_kd,0.2,0.001,2,0.0007174679776653647,0.0007157630170695484,0.0007055311813019216,0.0007346564729232341,0.0007422037306241691,0.0007032675202935934,32,0.7174679357973964,0.715763024737759,0.7055311477909902,0.7346564380289258,0.7422036953713852,0.7032674050190828,32,0.8916066062685168,0.8926368453612075,0.8813758849954997,0.90231153729729,0.9036717158191524,0.8771038334705694,32.0
soft_a0.2,soft_kd,0.2,0.001,3,0.00015664748428889652,0.0001414617436239496,2.7993508956569714e-05,0.0003389490288100205,0.0005171654629521072,2.327744550711941e-05,32,0.1566474746690642,0.14146173690487762,0.027993507626949448,0.3389490127108063,0.517165438388067,0.023277444401500126,32,0.21790654294995945,0.20030470584366894,0.03956337577644106,0.47410000459380186,0.7109658496395732,0.0327695824827574,32.0
soft_a0.2,soft_kd,0.2,0.001,4,0.0001576043213731282,0.00014205783372744918,3.0179456916812342e-05,0.0003391236008610576,0.000517145381309092,2.5865536372293718e-05,32,0.1576043117020473,0.14205782698006447,0.030179455483365127,0.33912358475355164,0.5171453567460056,0.02586553514374672,32,1.0193285206137896,1.0049701341736736,1.000477060288711,1.0811991252344562,1.111184488194065,0.9999611697909978,32.0
soft_a0.2,soft_kd,0.2,0.001,5,0.0001577844009830187,0.00014215878036338836,3.071661167268758e-05,0.00033896102977450934,0.0005169031792320311,2.64407935901545e-05,32,0.1577843913053179,0.14215877361120893,0.03071661021372688,0.3389610136747251,0.5169031546804487,0.02644079233428425,32,1.0043659704106378,1.0007365068408798,0.9987429037039285,1.0223254670478596,1.0272694549690282,0.998041065245363,32.0
soft_a0.2,soft_kd,0.2,0.001,6,0.00015968875584349007,0.0001433411962352693,3.463092343736207e-05,0.0003392800717847421,0.0005168282659724355,3.0843882996123284e-05,32,0.15968874606414965,0.14334118942692814,0.03463092179248155,0.3392800556698042,0.5168282414244112,0.03084388153111752,32,1.03408916452898,1.0102844206197592,1.0009238724120553,1.1308206078894705,1.166526371114985,0.99985507293705,32.0
soft_a0.2,soft_kd,0.2,0.001,7,0.0001604999687288,0.00014392089360626414,3.606972968555056e-05,0.0003394602550542913,0.0005168683128431439,3.23946078424342e-05,32,0.16049995890624336,0.14392088677038883,0.036069727972330407,0.33946023893079513,0.5168682882932176,0.032394606303772965,32,1.012647150586759,1.0050375057995078,1.0004529463845464,1.0429691629660904,1.0519553172551142,1.0000774858368728,32.0
soft_a0.2,soft_kd,0.2,0.001,8,0.00016168219497103564,0.00014509389438899234,3.8165693695191294e-05,0.000340474714175798,0.0005168193602003157,3.423853559070267e-05,32,0.16168218508297755,0.14509388749740249,0.0381656918824182,0.34047469800411756,0.5168193356527145,0.03423853396445957,32,1.017508254319252,1.0083111106702982,1.0006089314780684,1.0604961221871,1.0705676518658858,0.9999052899130942,32.0
soft_a0.2,soft_kd,0.2,0.001,9,0.00016228526635586604,0.00014551554340869188,3.9120333713071884e-05,0.00034039328602375457,0.0005169903161004186,3.5649369237944484e-05,32,0.16228525643748667,0.14551553649707477,0.03912033185495583,0.3403932698559418,0.5169902915446973,0.035649367544690384,32,1.0085016239435003,1.002982360829952,1.0004210027240712,1.0309076294533612,1.0412060160547556,0.9990723900229583,32.0
soft_a0.2,soft_kd,0.2,0.001,10,0.00016354010494978866,0.00014634590479545295,4.122452064621029e-05,0.00034061464539263396,0.0005169171490706503,3.802728315349668e-05,32,0.16354009496230232,0.14634589784439578,0.041224518688150726,0.3406146292143072,0.5169171245184044,0.038027281347297735,32,1.0179878578313841,1.0075452700808152,1.000662313926556,1.0555735749324402,1.0667028327957397,0.9998584750478111,32.0
soft_a0.2,soft_kd,0.2,0.001,11,0.0001655193611895811,0.00014815947361057624,4.4585216164705345e-05,0.00034203942341264336,0.0005160732544027269,4.123475810047239e-05,32,0.16551935109532134,0.1481594665733792,0.04458521404702131,0.3420394071666432,0.5160732298905638,0.04123475614192657,32,1.0266514805130083,1.0153213935597918,0.9997091062947764,1.0788502359873142,1.0928580261775365,0.9983674469507529,32.0
soft_a0.2,soft_kd,0.2,0.001,12,0.00017022365966568032,0.00015149397950153798,5.147872725501657e-05,0.0003433058082009665,0.0005152198136784136,4.8241134209092706e-05,32,0.17022364928560962,0.1514939723059604,0.051478724809908345,0.3433057918948164,0.5152197892067868,0.048241131917761894,32,1.0601066135761754,1.0337822216951436,1.002180790452661,1.182705811281407,1.2249049187417689,0.9983462798797799,32.0
soft_a0.2,soft_kd,0.2,0.001,13,0.00017080896134302748,0.00015194664592854679,5.260932503006188e-05,0.0003435904218349605,0.0005147013580426574,4.925707253278233e-05,32,0.17080895094585336,0.1519466387114687,0.05260932253125315,0.34359040551529196,0.5147013335956558,0.049257070193197035,32,1.0067619962425933,1.0029750073466828,0.9983457430016518,1.025644904163809,1.0312595745501383,0.9960818474943774,32.0
soft_a0.2,soft_kd,0.2,0.001,14,0.00017210334840456198,0.00015294965851353481,5.4286126396618786e-05,0.00034405783953843637,0.0005145719624124467,5.112406506668776e-05,32,0.17210333794116023,0.1529496512488162,0.054286123818166256,0.34405782319656664,0.5145719379715912,0.05112406263842509,32,1.01366523340829,1.008376421286012,1.0007818637954005,1.0370067358488206,1.037903034790849,0.9997486005657674,32.0
soft_a0.2,soft_kd,0.2,0.001,15,0.00017147144592399854,0.00015261495718732476,5.469364314194536e-05,0.00034145595855079587,0.0005142761510796845,5.2327843150123954e-05,32,0.1714714355100487,0.1526149499385036,0.05469364054413683,0.34145594233250887,0.5142761266528793,0.05232784066468489,32,0.9963711735577543,0.9982272581314748,0.9714699767761984,1.0169488525536834,1.0316266933544422,0.9082329443610531,32.0
soft_a0.2,soft_kd,0.2,0.001,16,0.00017368439694109838,0.0001546484127175063,5.849410081282258e-05,0.00034155844041379164,0.0005128089687786996,5.5954777053557336e-05,32,0.17368438641093575,0.15464840537210117,0.05849409803450201,0.34155842419063703,0.5128089444215818,0.055954774395848166,32,1.02514700229974,1.0160718782447926,0.9988289785876149,1.0695803771096284,1.080424784660229,0.9971470924756969,32.0
soft_a0.2,soft_kd,0.2,0.001,17,0.00018677776620279474,0.00016755336400819942,7.818312624294777e-05,0.00034505699004512276,0.000511402206029743,7.611732871737331e-05,32,0.18677775495790575,0.1675533462481093,0.0781831225294487,0.34505697365579596,0.5114021817394427,0.07611732510199437,32,1.1321931414630475,1.0851412864437044,1.008011961270772,1.3369635226018752,1.3603365561535044,0.9972567508865786,32.0
soft_a0.2,soft_kd,0.2,0.001,18,0.00019169281222275458,0.0001723614550428465,8.719081815797836e-05,0.0003427682255278341,0.0005039444076828659,8.535005326848477e-05,32,0.19169280072334474,0.17236143691666866,0.08719081401663692,0.3427682092472178,0.5039443837467921,0.08535004921457497,32,1.0457142031736706,1.0365294661854831,0.9906481601629705,1.1187325376661374,1.1277112321116125,0.9854169609380931,32.0
soft_a0.2,soft_kd,0.2,0.001,19,0.0001962262622328126,0.00017766960081644356,9.62495385465445e-05,0.0003397070278879255,0.0004941237857565284,9.596595191396773e-05,32,0.19622625050604203,0.17766959237759075,0.09624953397493695,0.33970701175270823,0.494123762286909,0.09596594735582982,32,1.0411566219339297,1.0330189486063883,0.9860108793694184,1.1020686502962558,1.1282567668921033,0.9805124895194439,32.0
soft_a0.2,soft_kd,0.2,0.001,20,0.00020473775066420785,0.00019245118892285973,0.00011166394724568818,0.00033451162016717717,0.0004810703103430569,0.00011084204743383452,32,0.20473773849551524,0.1924511797819192,0.11166394194193553,0.3345116042787285,0.4810702874934444,0.11084204216912003,32,1.0669437875973855,1.0568799539908729,0.9847948356156552,1.1555346018488672,1.1629192844872296,0.973582580337666,32.0
soft_a0.2,soft_kd,0.2,0.001,21,0.00021221331689957879,0.00020596659305738285,0.00012665959729929455,0.000324923061998561,0.0004605699796229601,0.0001252312504220754,32,0.21221330433905733,0.20596658327449507,0.12665959128328677,0.32492304656554444,0.46056995774706094,0.12523124447391046,32,1.0558308859356862,1.0517492636779542,0.9714697963060187,1.131385838122696,1.1379712602813499,0.957385998929184,32.0
soft_a0.2,soft_kd,0.2,0.001,22,0.0002136237967533816,0.00021050157374702394,0.00013731597282458098,0.00030898231343599034,0.0004329849616624415,0.00013486189709510654,32,0.2136237841514336,0.21050156374873616,0.13731596630242254,0.3089822987601187,0.43298494109676033,0.13486189068951046,32,1.020147574605879,1.01637883002232,0.9510388157401386,1.0838728322160993,1.0860202015157923,0.9401067825065352,32.0
soft_a0.2,soft_kd,0.2,0.001,23,0.00021147470079085906,0.0002112168149324134,0.0001430922362487763,0.0002900847364799119,0.0004035594465676695,0.000142085540574044,32,0.21147468835912756,0.2112168049001535,0.1430922294522601,0.29008472270162694,0.40355942739962525,0.14208553382534325,32,0.9993823922452794,0.9956864479065335,0.9389121120400638,1.0508244483820701,1.0554094737613322,0.9320403300341125,32.0
soft_a0.2,soft_kd,0.2,0.001,24,0.00020759946391990525,0.0002090084890369326,0.00014655627237516455,0.00027681205683620646,0.0003722526889760047,0.00014184985775500536,32,0.20759945174614783,0.20900847910956255,0.14655625778617265,0.27681202624871953,0.3722526712949516,0.14184985101749897,32,0.9894546039132659,0.9883820203089948,0.935605251557858,1.0371405521968404,1.0433418936299608,0.9224234301589687,32.0
soft_a0.2,soft_kd,0.2,0.001,25,0.00019738786431844346,0.0001973243779502809,0.00014424610417336227,0.00025880665052682163,0.0003383492585271597,0.00013783467875327915,32,0.19738785275482226,0.19732436857787633,0.144246089884846,0.25880662461227405,0.338349242456433,0.13783467220648352,32,0.9553805228226461,0.9539846308602858,0.9140399153634761,0.9950653898154144,0.9984164391028854,0.9089236116947689,32.0
soft_a0.2,soft_kd,0.2,0.001,26,0.00018751660627458477,0.00018610935512697324,0.00013949158892501146,0.00024171749828383327,0.0003073649131692946,0.00013309120549820364,32,0.18751659530891093,0.18610934628725362,0.13949157507303422,0.24171747385846973,0.3073648985702453,0.1330911991767109,32,0.9531550326363563,0.9519133980286306,0.9208220098657837,0.9799733395430269,0.9826229685025194,0.9084249645093342,32.0
soft_a0.2,soft_kd,0.2,0.001,27,0.0001720709803976206,0.000169947168615181,0.00012733438925351947,0.00022135448816698044,0.0002776711480692029,0.00012009061902062967,32,0.17207097036494112,0.16994716054312403,0.12733437668866504,0.2213544657623854,0.2776711348805317,0.12009061331663162,32,0.9182185756563692,0.9160886247678808,0.8974289590539909,0.9410221892955604,0.9452392888294422,0.8968845452610398,32.0
soft_a0.2,soft_kd,0.2,0.001,28,0.0002427424697089009,0.00023269973462447524,0.00020150231721345336,0.0003072170235100202,0.0003165604721289128,0.00019283569417893887,32,0.24274245556100726,0.23269972357183144,0.20150230764260732,0.3072170089179953,0.3165604202406165,0.1928356850197353,32,1.4344010119609205,1.452217863362685,1.1529950841384269,1.630144461543198,1.6474550182844323,0.9718648762754295,32.0
soft_a0.2,soft_kd,0.2,0.003,0,0.002999999975145329,0.003000000026077032,0.0029999995604157448,0.0030000002589076757,0.0030000004917383194,0.0029999995604157448,32,1.0,1.0,1.0,1.0,1.0,1.0,32,,,,,,,
soft_a0.2,soft_kd,0.2,0.003,1,0.0024140335372067057,0.0024096868000924587,0.002376060385722667,0.002455129532609135,0.0024650476407259703,0.0023748166859149933,32,0.8046778523966673,0.8032288640434468,0.7920201216897109,0.8183765672704819,0.8216824759953567,0.7916056779641285,32,0.8046778523966673,0.8032288640434468,0.7920201216897109,0.8183765672704819,0.8216824759953567,0.7916056779641285,32.0
soft_a0.2,soft_kd,0.2,0.003,2,0.0021523877439904027,0.0021472085500136018,0.0021165475249290467,0.002203912055119872,0.0022268095053732395,0.0021098884753882885,32,0.7174625873208955,0.7157361771164421,0.7055158109009694,0.7346373710228039,0.7422697710646328,0.7032960431835581,32,0.891605241444275,0.892616508894498,0.8813703486870492,0.9023491914436265,0.9036670646393318,0.8771093814001153,32.0
soft_a0.2,soft_kd,0.2,0.003,3,0.00046982278922769183,0.00042601514724083245,8.419647674600128e-05,0.0010133723670151084,0.001549137057736516,6.980920443311334e-05,32,0.1566075976674077,0.14200504261053482,0.028065492004712183,0.3377907860688424,0.5163790548332502,0.0232697328028003,32,0.2178529655324291,0.20107930906012095,0.03966551843252752,0.4724823836745481,0.7099149946987054,0.03275848769689432,32.0
soft_a0.2,soft_kd,0.2,0.003,4,0.00047269143556150084,0.0004277947300579399,9.079376031877473e-05,0.001013901809346862,0.0015490790829062462,7.746676419628784e-05,32,0.15756381311672998,0.14259823684576603,0.030264585606819085,0.3379672668445596,0.5163597298884951,0.025822254507640027,32,1.01930327119354,1.0049061453028467,1.0004780598749963,1.0811344626851305,1.1111740638182026,0.9999625760484004,32.0
soft_a0.2,soft_kd,0.2,0.003,5,0.0004732270501790481,0.00042809444130398333,9.23581585084321e-05,0.0010134173557162284,0.001548354746773839,7.929147250251845e-05,32,0.15774235132786707,0.14269814058953562,0.030786052568541073,0.33780578230241876,0.5161182844943861,0.026430488553154028,32,1.0043259240564426,1.000718676453221,0.9987674438337985,1.0215848922580593,1.0274331120712399,0.9980763997230395,32.0
soft_a0.2,soft_kd,0.2,0.003,6,0.00047894290014482976,0.0004316249251132831,0.00010408774396637454,0.0010143862775294108,0.0015481372829526663,9.249852155335248e-05,32,0.1596476346607047,0.14387496845511413,0.03469591435386936,0.33812875623733885,0.5160457965489995,0.030832837856831365,32,1.03408522225868,1.0101521469448849,1.0009249764655404,1.130631158711738,1.1665632965816664,0.9998595516811468,32.0
soft_a0.2,soft_kd,0.2,0.003,7,0.00048137781413970515,0.0004333560063969344,0.00010839983842743095,0.0010149323672521858,0.0015482590533792973,9.715093619888648e-05,32,0.1604592726659239,0.14445199551409127,0.03613327916172742,0.3383107861433482,0.5160863866940072,0.032383642604837615,32,1.0126476990183628,1.0049741647404598,1.0004536460545752,1.0419825565506629,1.052178332952018,1.0000786560907562,32.0
soft_a0.2,soft_kd,0.2,0.003,8,0.000484925243199541,0.00043685802666004747,0.00011472789592517074,0.0010179761215113102,0.0015481136506423354,0.00010253547952743247,32,0.16164174901944234,0.14561933551686024,0.03824263043354572,0.33932537088757053,0.5160379191116796,0.03417849287871961,32,1.0174965888970657,1.0085634216365222,1.0006084701087428,1.0602394608706305,1.0719679859957754,0.9999060862995476,32.0
soft_a0.2,soft_kd,0.2,0.003,9,0.00048673603737370286,0.00043811505020130426,0.00011759217850340064,0.0010178373981034382,0.0015485401963815093,0.00010677595855668187,32,0.16224534708280672,0.14603834334321847,0.039197391242667294,0.33927912975201513,0.5161801010345365,0.03559198587618284,32,1.0085310357230943,1.002975174859941,1.000328330459491,1.0310787081076505,1.0413562120038158,0.9992665048918402,32.0
soft_a0.2,soft_kd,0.2,0.003,10,0.0004904950453692436,0.00044056380284018815,0.000123893293493893,0.0010184845916228367,0.0015483247116208076,0.00011391859879950061,32,0.1634983497575617,0.14685459417152336,0.041297762804987904,0.3394948609232728,0.516108272776019,0.03797286593642699,32,1.0179687007513816,1.0074664782096896,1.0006529513998663,1.0556844105321357,1.0668937122116968,0.9998608465177686,32.0
soft_a0.2,soft_kd,0.2,0.003,11,0.0004964446766280162,0.00044601038098335266,0.00013393821936915628,0.001022734784055501,0.0015458015259355307,0.0001235631643794477,32,0.1654815601821073,0.148670120086429,0.0446460712771836,0.3409115917218462,0.5152672108229625,0.04118772110179806,32,1.0266966940691438,1.0154916750755565,0.9997077290535077,1.0796367119066375,1.0927940218620498,0.998370376920074,32.0
soft_a0.2,soft_kd,0.2,0.003,12,0.0005105315581204195,0.0004560400848276913,0.00015456749606528318,0.0010262748284731059,0.0015432536602020264,0.00014461524551734328,32,0.17017718737817444,0.15201335449278408,0.05152249651555641,0.34209160651745735,0.5144179221865965,0.04820508142009928,32,1.0599260288553856,1.0344373163161,1.0022322314926175,1.1842382180872244,1.2175493530452186,0.9983517510555164,32.0
soft_a0.2,soft_kd,0.2,0.003,13,0.000512263578002603,0.00045737963228020817,0.00015793236379977316,0.001027049365802668,0.0015417016111314297,0.00014766912499908358,32,0.17075452734087704,0.15245987027528504,0.0526441190306588,0.34234978562506724,0.513900572460743,0.049223041238497585,32,1.00669186794525,1.0030037024732041,0.998185912870659,1.025078879562211,1.0309048012898712,0.9958658335151326,32.0
soft_a0.2,soft_kd,0.2,0.003,14,0.0005161373928785906,0.00046037953870836645,0.0001629461854463443,0.001028389754355885,0.0015413160435855389,0.00015327706933021545,32,0.1720457989735371,0.15345983901725674,0.05431539283268058,0.34279658180558914,0.5137720499365885,0.051092355999292814,32,1.0136686806893018,1.008247815177965,1.0007874290409913,1.03645701458738,1.0379764174208161,0.9997499078011549,32.0
soft_a0.2,soft_kd,0.2,0.003,15,0.0005143094849699992,0.000459223534562625,0.0001642425122554414,0.0010210179432760924,0.0015404352452605963,0.0001569082378409803,32,0.17143649634126906,0.15307450434293568,0.054747503609263,0.34033931146701774,0.5134784504747067,0.05230274143313302,32,0.9965966254378981,0.998202742617069,0.972299087120611,1.0172541118094756,1.031527220804472,0.9113867871142468,32.0
soft_a0.2,soft_kd,0.2,0.003,16,0.0005209465734878904,0.0004652698989957571,0.00017565933303558267,0.001021200232207775,0.0015360497636720538,0.00016778205463197082,32,0.17364885919464146,0.15508995901714726,0.05855311050289711,0.3404000744437171,0.51201662317778,0.05592734671731716,32,1.0251404273927542,1.0161167053675295,0.9987952345837752,1.0687587528521065,1.0804883481206051,0.9971530892960057,32.0
soft_a0.2,soft_kd,0.2,0.003,17,0.000560237826903176,0.0005015854840166867,0.0002346884342841804,0.001031763316132128,0.0015320450766012073,0.00022827077191323042,32,0.1867459437629806,0.1671951598855777,0.07822947741472927,0.3439211023878955,0.5106817273954996,0.07609025073762682,32,1.132126736690277,1.0842385386587297,1.0080714389921321,1.336452330573553,1.360519588426434,0.9973928663214185,32.0
soft_a0.2,soft_kd,0.2,0.003,18,0.0005749884758188273,0.0005161116423550993,0.00026170241471845657,0.0010250809311401097,0.0015096529386937618,0.00025595660554245114,32,0.19166282676586602,0.1720372126229598,0.08723413748121639,0.34169364074325126,0.503217680911945,0.08531886115091437,32,1.0456979496771728,1.0361329770465595,0.990728951527237,1.1179345381548476,1.1278422195583642,0.985384152040016,32.0
soft_a0.2,soft_kd,0.2,0.003,19,0.0005885982827749103,0.0005305383820086718,0.00028879713790956884,0.0010159415076486766,0.0014802635414525867,0.0002878533850889653,32,0.19619942911593843,0.17684613254301346,0.09626570843871032,0.33864716627258784,0.4934212144897349,0.09595112752894822,32,1.0411577717979346,1.0331080588823633,0.9860487215558538,1.10205959835211,1.127968497039434,0.9805323485366083,32.0
soft_a0.2,soft_kd,0.2,0.003,20,0.0006141747007859522,0.0005753457953687757,0.00033485995081719013,0.0010006486962083727,0.0014412113232538104,0.0003328033199068159,32,0.204724901857174,0.19178192272076408,0.11161997785843311,0.3335495625034633,0.4804038075263442,0.11093443900465833,32,1.066952211064539,1.0564184738589342,0.9850483868524152,1.1554608828713684,1.1628853288204455,0.9736180638749947,32.0
soft_a0.2,soft_kd,0.2,0.003,21,0.0006366108937072568,0.0006196594913490117,0.0003798615318373777,0.000972200438263826,0.0013798043364658952,0.00037595254252664745,32,0.21220363289797906,0.20655317003030466,0.12662050508984057,0.3240668099377085,0.45993481051969276,0.12531751308624622,32,1.0558043868611535,1.0511772392379402,0.9717166229407032,1.1315269975103626,1.1380734714490641,0.9573921007994323,32.0
soft_a0.2,soft_kd,0.2,0.003,22,0.0006408566268873983,0.0006313435442280024,0.0004118141790968366,0.0009245533641660586,0.0012973207049071789,0.0004048135888297111,32,0.21361887731516213,0.2104478381573418,0.13727138597368155,0.30818445204317424,0.4324402647719218,0.1349378617703107,32,1.020132753498026,1.0160521523401735,0.9510917427646807,1.0838751218700773,1.086302580435026,0.9402207766863653,32.0
soft_a0.2,soft_kd,0.2,0.003,23,0.0006344191597236204,0.0006335370126180351,0.0004294569065677933,0.0008681818813784047,0.0012091323733329773,0.0004272133228369057,32,0.21147305492731078,0.2111789941980874,0.14315230591981296,0.2893939579439564,0.40304415222127044,0.14240443970780686,32,0.9993674428894184,0.9957013299954125,0.9391159370164424,1.0508757221923193,1.0553334537804198,0.9320227209504751,32.0
soft_a0.2,soft_kd,0.2,0.003,24,0.0006228018419278669,0.0006269617879297584,0.0004399074401590042,0.0008299165812786668,0.0011153981322422624,0.00042643045890145004,32,0.20760061564373294,0.20898725276851624,0.1466358121117258,0.27663884640555464,0.3717994030377106,0.1421434960967104,32,0.9894358140919224,0.9881490580085188,0.9356929863886686,1.037157768094989,1.0434148522753925,0.9224780982148909,32.0
soft_a0.2,soft_kd,0.2,0.003,25,0.0005921683214182849,0.0005922598065808415,0.0004327477028709836,0.0007760746608255431,0.0010139262303709984,0.00041424730443395674,32,0.19738944206628528,0.19741992619271118,0.14424923303646392,0.2586915422859338,0.3379754334162133,0.13808244432766692,32,0.955361001424392,0.954028761193921,0.9141862260891269,0.9951678954750219,0.998316729312977,0.9090262938962637,32.0
soft_a0.2,soft_kd,0.2,0.003,26,0.0005625582753054914,0.0005585830076597631,0.00041847124666674065,0.0007249344052979723,0.000921212718822062,0.00039984603063203394,32,0.18751942663985244,0.1861943270651229,0.13949041434308154,0.24164479104176606,0.30707092743669506,0.13328201939619094,32,0.953140801644919,0.9518769006367804,0.9210037001625317,0.9799733604937797,0.9826316467810354,0.9085599042890801,32.0
soft_a0.2,soft_kd,0.2,0.003,27,0.0005162362749615568,0.0005100975395180285,0.00038199049304239453,0.0006641811429290101,0.0008321641944348812,0.00036080420250073075,32,0.17207875976381132,0.1700325050991709,0.12733016324066726,0.22139372298335788,0.27738808392862313,0.12026807578886325,32,0.9182462343908449,0.9161578382015001,0.8975049300836021,0.9410467077830893,0.9453581065277163,0.8969801562178115,32.0
soft_a0.2,soft_kd,0.2,0.003,28,0.0007282272308657411,0.0006981460901442915,0.0006045960530173033,0.0009215444326400756,0.0009496681159362197,0.0005785056855529547,32,0.2427424123176149,0.2327153613585885,0.20153201592064884,0.30718147310416405,0.31655601132581285,0.1928352418074458,32,1.4341900964267795,1.453433166420247,1.1539027242117676,1.6301393136513862,1.6464110395266813,0.9728883461598078,32.0
soft_a0.2,soft_kd,0.2,0.01,0,0.010000000067520887,0.009999999776482582,0.009999999357387424,0.010000000707805157,0.010000001639127731,0.009999998845160007,32,1.0,1.0,1.0,1.0,1.0,1.0,32,,,,,,,
soft_a0.2,soft_kd,0.2,0.01,1,0.008046645438298583,0.008032090030610561,0.00792003283277154,0.00818222905509174,0.008217019960284233,0.007914957590401173,32,0.8046645385472518,0.8032089836087656,0.7920032272187572,0.8182229237978814,0.8217020143948945,0.7914957030176433,32,0.8046645385472518,0.8032089836087656,0.7920032272187572,0.8182229237978814,0.8217020143948945,0.7914957030176433,32.0
soft_a0.2,soft_kd,0.2,0.01,2,0.0071745631721569225,0.007157234475016594,0.007054637256078422,0.007345970254391432,0.007424832321703434,0.007034136448055506,32,0.717456312526505,0.7157234301685107,0.7054637118493275,0.7345970418586666,0.7424832487661372,0.7034135295070882,32,0.8916121024959706,0.8925599818275773,0.8813627183764452,0.9024698466786637,0.9037598594918055,0.8770821930085224,32.0
soft_a0.2,soft_kd,0.2,0.01,3,0.0015697922826802824,0.001442871754989028,0.0002803528346703388,0.003382068069186061,0.005164169706404209,0.00023286405485123396,32,0.15697922722047686,0.14428716528618282,0.02803528409367131,0.3382068144781175,0.516416934088164,0.023286403836899724,32,0.2183683632539002,0.20337387540405283,0.0396221478837271,0.4724790062446813,0.7099561407243147,0.03278195764247895,32.0
soft_a0.2,soft_kd,0.2,0.01,4,0.0015793592592672212,0.0014487171429209411,0.0003026158083230257,0.0033836235990747808,0.005164070054888725,0.00025782082229852676,32,0.15793592487192182,0.1448717040380002,0.03026158042459378,0.33836236747046633,0.516406968937321,0.025782082806127135,32,1.0193407908852774,1.0047640521460217,1.0004667122696613,1.0814069798777202,1.1108550922942557,0.9999807032841387,32.0
soft_a0.2,soft_kd,0.2,0.01,5,0.0015811401763130561,0.0014496693620458245,0.00030761447560507805,0.003382147138472646,0.005161656532436609,0.00026438082568347454,32,0.15811401657570062,0.14496692594374866,0.03076144824807975,0.33821472140695275,0.5161656167091924,0.02643808069704647,32,1.004319079499942,1.0006750494039314,0.9987655779566695,1.0203004383400223,1.0275143317451316,0.9980486688591129,32.0
soft_a0.2,soft_kd,0.2,0.01,6,0.0016001844487618655,0.0014611963415518403,0.0003468400114797987,0.0033851352520287035,0.005160938948392868,0.00030815618811175227,32,0.16001844380877772,0.14611962381276172,0.03468400063096218,0.3385135327692374,0.5160938583098974,0.030815619499957998,32,1.0341134201743944,1.009816972971242,1.0009024352125981,1.1313205703964173,1.1662970813918365,0.9998609779555785,32.0
soft_a0.2,soft_kd,0.2,0.01,7,0.0016082880547401146,0.0014668456860817969,0.0003611446052673273,0.0033866113168187434,0.005161262582987547,0.00032383485813625157,32,0.16082880440243882,0.14668455822577103,0.036114461333953844,0.3386611392515407,0.5161262217670746,0.032383483521505496,32,1.0126360643420442,1.0048107355166631,1.000443786167308,1.0429429575561664,1.0523360702882822,1.0000627084718334,32.0
soft_a0.2,soft_kd,0.2,0.01,8,0.0016200728359763161,0.0014783228980377316,0.0003821706646704115,0.003392869944218546,0.005160770379006863,0.00034149285056628287,32,0.1620072825161804,0.14783227934012821,0.03821706587074107,0.33928700200551004,0.51607700137249,0.034149285819924304,32,1.0174836748520302,1.0092307968548195,1.0005922435108818,1.0601366681175186,1.0757645564540792,0.9999046349661986,32.0
soft_a0.2,soft_kd,0.2,0.01,9,0.0016261317859971314,0.0014823722303844988,0.00039179243613034486,0.0033925724215805525,0.005162404850125313,0.0003556949959602207,32,0.1626131775160677,0.14823721254614353,0.0391792429877933,0.3392572497410457,0.5162404484727662,0.03556950039106236,32,1.0085441776828326,1.0028678715207628,1.0003492337751483,1.0310840214888037,1.0415884120864816,0.999354124634908,32.0
soft_a0.2,soft_kd,0.2,0.01,10,0.001638634081245982,0.0014904690906405449,0.00041280117438873275,0.0033944437163881953,0.0051616947166621685,0.0003795218071900308,32,0.16386340703273133,0.14904689851443814,0.04128011676134887,0.33944437922599263,0.5161694351314781,0.037952181567300444,32,1.0179366507498613,1.0072441253707525,1.0005652179192,1.056940079295681,1.0669866360236195,0.9998624413458919,32.0
soft_a0.2,soft_kd,0.2,0.01,11,0.001658323949413898,0.0015086799976415932,0.0004460913289221935,0.0034066075575537977,0.005153298377990723,0.000411752553191036,32,0.1658323938414883,0.15086798908564525,0.04460913214081345,0.34066076336974116,0.5153298013237632,0.04117525623944229,32,1.026623510211058,1.0162770590963532,0.9996798878792044,1.0816474419864366,1.0926697614262624,0.9983733368336678,32.0
soft_a0.2,soft_kd,0.2,0.01,12,0.0017050148708221968,0.0015423092409037054,0.0005149163393070921,0.0034161957679316396,0.005144723225384951,0.0004820163012482226,32,0.1705014859429474,0.15423091317382698,0.05149163301367528,0.34161958442895674,0.5144722861238814,0.04820163120221267,32,1.059662434335955,1.0341773380644372,1.0021241900114695,1.1878609554980222,1.2075458111986592,0.998335987560434,32.0
soft_a0.2,soft_kd,0.2,0.01,13,0.0017106024442909984,0.0015470382058992982,0.0005260008882032707,0.003417953115422278,0.005139635410159826,0.0004922246444039047,32,0.17106024329385708,0.1547038096399144,0.052600087865385295,0.34179531918194855,0.5139635046373807,0.04922246554059831,32,1.006546670933811,1.003009732140933,0.9978122260633049,1.024224060570593,1.0303118490218466,0.9952785979407877,32.0
soft_a0.2,soft_kd,0.2,0.01,14,0.0017234071365237469,0.0015569095266982913,0.0005426288291346282,0.003422222111839801,0.005138269625604153,0.0005109782214276493,32,0.172340712513707,0.15569094164994401,0.05426288191777949,0.3422222188332427,0.5138269261914805,0.05109782328489028,32,1.013621148326283,1.0079259905471076,1.0007793885204697,1.0364517840916545,1.0380996303963115,0.999734264311244,32.0
soft_a0.2,soft_kd,0.2,0.01,15,0.001717951154205366,0.0015516096027567983,0.0005475160665810108,0.003401926066726446,0.00513528473675251,0.0005226943176239729,32,0.17179511428938607,0.15516094929330781,0.054751607881894884,0.34019261427654207,0.5135284373274434,0.052269428062740216,32,0.9970874647418515,0.9980670224224868,0.9749428982124483,1.0175903959399804,1.0313986188362323,0.9160410391953892,32.0
soft_a0.2,soft_kd,0.2,0.01,16,0.001740012199661578,0.0015715068439021707,0.0005855871073435992,0.0034018506761640307,0.005120515823364258,0.0005589172360487282,32,0.1740012188290161,0.15715067326701138,0.05855871204324913,0.3401850752201321,0.5120515460931533,0.05589171964882808,32,1.0251054763577394,1.0157495523024354,0.9987879703382609,1.067162546477432,1.0805097273931037,0.9971240322308609,32.0
soft_a0.2,soft_kd,0.2,0.01,17,0.001870767602667911,0.0016735885292291641,0.0007823393098078668,0.00343605182133615,0.005107325967401266,0.0007605651626363397,32,0.18707675907158972,0.16735884107717136,0.07823393272945135,0.34360518981378946,0.5107325605902125,0.07605651088031491,32,1.1319449050315868,1.0820445053252192,1.007806804735352,1.3364047067576013,1.360783159977609,0.997424115769195,32.0
soft_a0.2,soft_kd,0.2,0.01,18,0.001919746213388862,0.0017035813652910292,0.0008724492421606555,0.0034124149009585377,0.005033012479543686,0.0008526815217919648,32,0.19197462013213737,0.17035813236798275,0.08724492616614161,0.3412414977231956,0.5033012123304492,0.08526814614387312,32,1.045605397346856,1.035048379678058,0.9906359592255911,1.1163526695395218,1.1280533126214718,0.9854496289581076,32.0
soft_a0.2,soft_kd,0.2,0.01,19,0.0019648394627438392,0.0017489397432655096,0.0009623303019907325,0.0033794927643612024,0.004935109987854958,0.0009598119650036097,32,0.19648394505411274,0.174893978235736,0.09623302832166478,0.33794928398987534,0.49351096385453525,0.09598119864570794,32,1.0410530828496867,1.032939260496091,0.9859181730780676,1.102301713380684,1.127279027442022,0.98054793384943,32.0
soft_a0.2,soft_kd,0.2,0.01,20,0.0020498535050137434,0.0019077722099609673,0.0011155798274558038,0.0033284562174230813,0.0048049683682620525,0.0011099433759227395,32,0.204985349264943,0.1907772252603,0.1115579795140982,0.3328456291819877,0.4804968028163938,0.11099434007319078,32,1.0668346595652451,1.0547615778047073,0.9850078094053475,1.1555959232766952,1.1627710773186144,0.9736294388750856,32.0
soft_a0.2,soft_kd,0.2,0.01,21,0.0021244105701043736,0.0020703765330836177,0.00126592562883161,0.0032342829392291604,0.0046006678603589535,0.0012537644943222404,32,0.2124410557697376,0.20703764834383284,0.1265925604126693,0.3234283011521019,0.46006675347213327,0.1253764522346061,32,1.055693284761593,1.0495133593807475,0.9715801208876289,1.131573984081697,1.138313326554991,0.9574814041955922,32.0
soft_a0.2,soft_kd,0.2,0.01,22,0.0021382561171776615,0.002100916230119765,0.0013720936083700507,0.003075175604317337,0.004326170776039362,0.0013500108616426587,32,0.21382561047591475,0.21009161796635917,0.13720935687495864,0.30751756730528695,0.4326170469830785,0.13500108918177536,32,1.020007387089878,1.0149421162357182,0.9509056562455319,1.0838437600322641,1.0864538003633093,0.9403353833288511,32.0
soft_a0.2,soft_kd,0.2,0.01,23,0.00211665651659132,0.002108841552399099,0.0014321117487270385,0.0029058730229735374,0.004032533150166273,0.0014228005893528461,32,0.21166565043146796,0.21088415012690045,0.14321117807372313,0.2905872944453409,0.40325328647415176,0.14228007536635673,32,0.9993114851225908,0.9956838201381211,0.939397404779112,1.0509977055790793,1.0552500085154968,0.9321252809760977,32.0
soft_a0.2,soft_kd,0.2,0.01,24,0.0020776659257535357,0.002087669912725687,0.0014669397205580026,0.0027775137801654636,0.003720562905073166,0.001420272164978087,32,0.2077665913699689,0.20876698625662016,0.14669396922612501,0.2777513702178584,0.3720562641729824,0.14202723289968155,32,0.9893358690848688,0.987341642712223,0.9354762752095124,1.0371185459302656,1.043707389676044,0.9226366570401923,32.0
soft_a0.2,soft_kd,0.2,0.01,25,0.001975280676560942,0.00197897560428828,0.0014418748556636273,0.002596519701182842,0.0033829491585493088,0.001379986060783267,32,0.19752806651785876,0.1978975557028477,0.14418747536069887,0.25965196498518084,0.338294891910244,0.13799862201495947,32,0.9552729604978696,0.953962398506573,0.9140248391142645,0.9954876077127874,0.9980677007955087,0.9092573475740715,32.0
soft_a0.2,soft_kd,0.2,0.01,26,0.0018763315056276042,0.001865902915596962,0.0013943461293820293,0.002425036334898323,0.003073803847655654,0.0013322063023224473,32,0.1876331495161037,0.1865902870823387,0.1394346030689498,0.2425036285203536,0.30738036300902477,0.13322064561709768,32,0.953052399535492,0.9517368167018615,0.9209507525863343,0.9799426170165954,0.9826358592622719,0.9086166251974582,32.0
soft_a0.2,soft_kd,0.2,0.01,27,0.0017217832355527207,0.001703486661426723,0.0012727847322821617,0.00221821820596233,0.002776937559247017,0.0012021068250760436,32,0.1721783226316999,0.17034866203494825,0.12727846421938083,0.2218218271272677,0.27769373626939586,0.12021069639001633,32,0.9182233565625699,0.916239644768034,0.8975865484127236,0.9411345431722813,0.9455590054216424,0.8968241842880084,32.0
soft_a0.2,soft_kd,0.2,0.01,28,0.002427584808174288,0.002320166560821235,0.002015863184351474,0.0030716781388036903,0.0031725410372018814,0.001928798039443791,32,0.24275847973778483,0.2320166612681,0.20158630416676485,0.3071678207461048,0.31725408126478066,0.1928798262189128,32,1.4334775179164407,1.4556171073845103,1.1524920988983671,1.6299097891617056,1.645596063661571,0.9744423006364795,32.0
soft_a0.35,soft_kd,0.35,0.001,0,0.0010000000766012818,0.0010000000474974513,0.0009999999310821295,0.0010000001639127731,0.0010000001639127731,0.0009999999310821295,32,1.0,1.0,1.0,1.0,1.0,1.0,32,,,,,,,
soft_a0.35,soft_kd,0.35,0.001,1,0.0008973540298029548,0.0008967986505012959,0.0008840757742291317,0.0009137823624769225,0.000920482852961868,0.0008775647729635239,32,0.8973539610338821,0.8967987123067535,0.884075686123379,0.913782270997422,0.9204827020829958,0.8775646291194719,32,0.8973539610338821,0.8967987123067535,0.884075686123379,0.913782270997422,0.9204827020829958,0.8775646291194719,32.0
soft_a0.35,soft_kd,0.35,0.001,2,0.0008204098758142209,0.0008175454277079552,0.000802831634064205,0.0008416829077759758,0.0008546002791263163,0.000800809299107641,32,0.8204098128117328,0.8175454364869397,0.802831502469867,0.8416828235333612,0.8546001390464376,0.8008091678447895,32,0.9142251358562284,0.914776819987215,0.902768451540755,0.9239291118658665,0.9284260715736755,0.8961742415384458,32.0
soft_a0.35,soft_kd,0.35,0.001,3,0.00032177749926631805,0.0002807272394420579,3.890827574650757e-05,0.0008178924705134705,0.0010887214448302984,3.7436468119267374e-05,32,0.32177746701318827,0.28072722610823014,0.03890827333100077,0.8178923364504694,1.0887212663749766,0.03743646634113064,32,0.39308357462150223,0.34324666851769925,0.047551736771889216,0.9932501400967004,1.3292802235999808,0.046108400191271895,32.0
soft_a0.35,soft_kd,0.35,0.001,4,0.0003238593329797368,0.0002816308260662481,4.334293353167595e-05,0.0008174086135113612,0.0010881362250074744,4.2179959564236924e-05,32,0.3238593006244478,0.2816308126895023,0.04334293085559379,0.8174084795276705,1.0881360466480774,0.04217995756079644,32,1.036522491050848,1.0032193220066559,0.9994887362347954,1.1470001099813856,1.151461488471494,0.9992859178354667,32.0
soft_a0.35,soft_kd,0.35,0.001,5,0.0003249992527116774,0.00028206360002513975,4.6638568164780736e-05,0.0008163458900526166,0.0010869329562410712,4.539498331723735e-05,32,0.3249992203108245,0.28206358662783826,0.04663856533112403,0.8163457562431199,1.0869327780789053,0.04539498116109144,32,1.0206593452106927,1.0016338211434648,0.9988430094309293,1.0755233244674625,1.086402303595486,0.9986029403562074,32.0
soft_a0.35,soft_kd,0.35,0.001,6,0.000328858115381081,0.0002840852248482406,5.4562737568630836e-05,0.0008152271067956463,0.0010853142011910677,5.362430238164961e-05,32,0.3288580827820188,0.2840852113549171,0.05456273427739878,0.8152269731695324,1.0853140232942364,0.053624299834632044,32,1.0557065299939474,1.0071801414925985,0.9986397294827852,1.1921219114375712,1.2211559286501552,0.9984901931490799,32.0
soft_a0.35,soft_kd,0.35,0.001,7,0.00033075786348035763,0.000285134490695782,5.840253234055126e-05,0.0008143831277266145,0.0010844627395272255,5.770711140939966e-05,32,0.33075783079009996,0.2851344771526211,0.0584025288379094,0.8143829942388395,1.0844625617699597,0.05770710866845907,32,1.0238556480879883,1.003698143071996,0.999172243963318,1.0794298291949713,1.0831679928602356,0.9987785169382879,32.0
soft_a0.35,soft_kd,0.35,0.001,8,0.00033254468303312024,0.0002865117130568251,6.209455932548735e-05,0.0008130282367346808,0.0010831844992935658,6.165277591207996e-05,32,0.3325446502666879,0.2865116994482496,0.062094555617021936,0.8130281034689898,1.0831843217458197,0.061652772983730376,32,1.0216243607721085,1.0053444292571845,0.9986602960874513,1.0701719399009928,1.0729269162985973,0.9981831171476464,32.0
soft_a0.35,soft_kd,0.35,0.001,9,0.0003339578188388259,0.0002873229677788913,6.51787264359882e-05,0.0008123088104184717,0.0010826726211234927,6.480896263383329e-05,32,0.33395778600624354,0.2873229541317833,0.06517872255172195,0.8123086772707038,1.08267244365965,0.06480895955557289,32,1.01550803605982,1.0028338297361823,0.9993926422849553,1.0510683420981326,1.0525998048853065,0.9989792816404225,32.0
soft_a0.35,soft_kd,0.35,0.001,10,0.00033532638826727634,0.0002880684187402949,6.863636517664417e-05,0.000809898367151618,0.0010802316246554255,6.843935989309102e-05,32,0.3353263553947211,0.28806840505777986,0.06863635751378784,0.8098982343989524,1.0802314475916934,0.0684393646097863,32,1.018282675065136,1.0027901006425024,0.9974207831554865,1.0627591999381305,1.0710133562485962,0.9967836311153793,32.0
soft_a0.35,soft_kd,0.35,0.001,11,0.00033766759975151217,0.0002897653612308204,7.464231421181467e-05,0.0008057053230004386,0.0010757205309346318,7.436878513544798e-05,32,0.3376675668020662,0.2897653474677049,0.07464230676165938,0.8057051909350663,1.0757203546103253,0.07436879026078663,32,1.0291910349540012,1.0062564623310297,0.9954931454307235,1.088984247293061,1.1091698664711271,0.9945020186250896,32.0
soft_a0.35,soft_kd,0.35,0.001,12,0.0003411540883462294,0.00029299387824721634,8.395084187213797e-05,0.0007985164935234934,0.0010679165134206414,8.376230107387528e-05,32,0.34115405529786813,0.2929938643307545,0.08395084227982985,0.7985163626364621,1.067916338375513,0.08376228734416648,32,1.0413534059498373,1.0111622192319754,0.9922290377268448,1.1309617944612498,1.133314657833538,0.9904498518964633,32.0
soft_a0.35,soft_kd,0.35,0.001,13,0.00034136998624489934,0.00029274703410919756,8.634596415504347e-05,0.0007946746802190319,0.0010641543194651604,8.589144272264093e-05,32,0.3413699532376407,0.2927470202044602,0.0863459655828396,0.7946745499617226,1.0641541450367034,0.08589142864393867,32,1.0075747543251796,1.0006823309186117,0.9953461097260994,1.0277250069208559,1.0292577656452677,0.9944465593397336,32.0
soft_a0.35,soft_kd,0.35,0.001,14,0.000342979029937851,0.0002940452250186354,8.971628703875467e-05,0.0007925949292257428,0.0010620557004585862,8.90887386049144e-05,32,0.34297899685948874,0.2940452110522373,0.08971628747412802,0.7925947993093313,1.0620555263741196,0.08908872400213459,32,1.0142104125974405,1.0046109566242323,0.9978790550946807,1.041032341168222,1.0476371115564809,0.9965277937068328,32.0
soft_a0.35,soft_kd,0.35,0.001,15,0.00034375728705526853,0.0002937829412985593,9.21538594411686e-05,0.0007907023973530158,0.0010606705909594893,9.111993858823553e-05,32,0.34375725398748547,0.293782927344619,0.09215385987100397,0.7907022677468144,1.06067041710206,0.09111992365251616,32,1.0092110058559374,1.0019327953069905,0.9960060400694273,1.036544850897891,1.039722161295343,0.9908508179003095,32.0
soft_a0.35,soft_kd,0.35,0.001,16,0.00034713542390818475,0.0002966914471471682,9.958043701772113e-05,0.000786550497286953,0.0010556182824075222,9.817023965297267e-05,32,0.3471353907055441,0.29669143305508133,0.0995804374776984,0.786550368361301,1.0556181093782304,0.09817022356161909,32,1.028568896476231,1.0099014089072536,0.9952275485221616,1.0824936683981206,1.0937697571676686,0.9941826306601453,32.0
soft_a0.35,soft_kd,0.35,0.001,17,0.00036222266044205753,0.0003107273078057915,0.00012774724891642108,0.0007752623700071126,0.0010406498331576586,0.0001259212294826284,32,0.3622226264973596,0.31072729304703706,0.12774724948316443,0.7752622429317284,1.0406496625818866,0.12592120884253385,32,1.1067274586797058,1.0473205431992523,0.9867190242843933,1.2885381427159974,1.2927219336906068,0.9834571272234783,32.0
soft_a0.35,soft_kd,0.35,0.001,18,0.00036530701618175954,0.00031510114786215127,0.00014569038175977768,0.000748225042480044,0.001008892199024558,0.00014314557483885437,32,0.36530698243542337,0.31510113289565056,0.14569038240871263,0.7482249198364225,1.008892033654267,0.14314555137547008,32,1.040486762327618,1.0157211955061816,0.9692156104634183,1.1382974243980113,1.1408481534474144,0.9615134471327642,32.0
soft_a0.35,soft_kd,0.35,0.001,19,0.00036547595664160326,0.000317030688165687,0.00016205194842768832,0.0007164840732002631,0.0009717351640574634,0.00015909879584796727,32,0.3654759233185112,0.3170306731075381,0.1620519491329807,0.716483955759391,0.971735004777684,0.1590987697696467,32,1.0258236404024639,1.0081148774922073,0.9624208815794862,1.110717943258034,1.1140627171727122,0.9543511328630575,32.0
soft_a0.35,soft_kd,0.35,0.001,20,0.0003695204513860517,0.0003240465885028243,0.00018611764317029157,0.0006782108888728544,0.0009217294282279909,0.00018348568119108677,32,0.36952041832567994,0.324046573111438,0.1861176439429511,0.678210777705445,0.9217292771447889,0.18348565111544488,32,1.0427126224824637,1.0229998512853302,0.9496571215912459,1.1484423725182482,1.1532813948285523,0.9432784321746417,32.0
soft_a0.35,soft_kd,0.35,0.001,21,0.00036908848869643407,0.00032982179254759103,0.0002093514078296721,0.0006287068070378154,0.0008582516456954181,0.00020419410429894924,32,0.3690884562983615,0.3298217581032553,0.2093513871345186,0.6287067039847561,0.8582515050170338,0.20419411837157306,32,1.0244764429132007,1.0177775935764837,0.9323692015861289,1.1178720175839176,1.1299169078487104,0.9216890991250228,32.0
soft_a0.35,soft_kd,0.35,0.001,22,0.000356908976300474,0.00032764206116553396,0.0002260095854580868,0.0005676080385455861,0.0007777209975756705,0.00021692448353860527,32,0.35690894552147867,0.32764204560337185,0.22600956315508974,0.5676079455073938,0.777720870097286,0.21692449848857978,32,0.9850882663666369,0.9824838469965909,0.9073527048791532,1.0721655898796743,1.0824248705372108,0.8981680581427588,32.0
soft_a0.35,soft_kd,0.35,0.001,23,0.0003428774957683345,0.00032116319925989956,0.00023586131501360797,0.0005130314006237313,0.000702773395460099,0.00022507773246616125,32,0.3428774666572676,0.32116318400546684,0.23586129175862483,0.5130313165313455,0.7027732802665817,0.22507774797804034,32,0.9731122762625312,0.9719128428440634,0.9080573508475364,1.041564304488047,1.044959945952078,0.8971561406593673,32.0
soft_a0.35,soft_kd,0.35,0.001,24,0.00032329682198906085,0.0003022250020876527,0.00023949928072397597,0.0004577421408612281,0.0006225412362255156,0.00022695442021358758,32,0.32329679491497143,0.30222500553772647,0.23949925714025053,0.4577420658314567,0.6225411341830719,0.22695443585480402,32,0.9520879686852444,0.9514266973426827,0.8925036386887952,1.011749284391754,1.0173680369092406,0.8858349508491906,32.0
soft_a0.35,soft_kd,0.35,0.001,25,0.00029502170082196244,0.00027792078617494553,0.0002284686161146965,0.0004010035860119387,0.0005395522457547486,0.0002167757775168866,32,0.29502167630592463,0.27792077303877005,0.22846860847452596,0.4010035202823397,0.5395521573152582,0.21677579245661258,32,0.91788573324095,0.923887039064692,0.8768116039700141,0.9575134579643667,0.9578224943650985,0.8666931832918707,32.0
soft_a0.35,soft_kd,0.35,0.001,26,0.000267358845576382,0.00025417059077881277,0.00021328426591935568,0.0003506723995087668,0.0004664059670176357,0.00020300243340898305,32,0.2673588235062533,0.2541705638239127,0.21328425877715057,0.35067234202909076,0.4664058905677528,0.20300244739947942,32,0.9100377555110383,0.9136341521349205,0.8747833598148209,0.936866365972416,0.9379230925102259,0.8644315183327747,32.0
soft_a0.35,soft_kd,0.35,0.001,27,0.00023700017300143372,0.00022775860270485282,0.00019216897926526143,0.0003023866054718382,0.0004007076204288751,0.00018431541684549302,32,0.23700015352399745,0.22775857854610615,0.1921689726895093,0.3023865559068193,0.4007075547477886,0.18431542954811994,32,0.8886497030475624,0.890727910201075,0.8630536054860438,0.9083805048354987,0.9124840779705655,0.8588110241780821,32.0
soft_a0.35,soft_kd,0.35,0.001,28,0.00034329414938838454,0.00034206369309686124,0.0003087367906118743,0.0003905204008333385,0.00039242254570126534,0.0003015849506482482,32,0.34329412270664406,0.3420636768497084,0.30873679576159685,0.390520357346665,0.3924224813782082,0.3015849012146307,32,1.483161095127103,1.5396344826849688,1.1162923944504957,1.7018254598056566,1.7132596497937553,0.7876782666503682,32.0
soft_a0.35,soft_kd,0.35,0.003,0,0.0030000000697327778,0.003000000026077032,0.003000000026077032,0.0030000002589076757,0.0030000004917383194,0.003000000026077032,32,1.0,1.0,1.0,1.0,1.0,1.0,32,,,,,,,
soft_a0.35,soft_kd,0.35,0.003,1,0.0026920164891635068,0.0026902726385742426,0.002652152569498867,0.0027412966010160744,0.0027614536229521036,0.00263271969743073,32,0.8973388087701769,0.8967575383964892,0.8840508488151482,0.9137654936773036,0.9204844615438704,0.8775732248487416,32,0.8973388087701769,0.8967575383964892,0.8840508488151482,0.9137654936773036,0.9204844615438704,0.8775732248487416,32.0
soft_a0.35,soft_kd,0.35,0.003,2,0.0024611959597677924,0.0024526604684069753,0.0024085030308924615,0.002525107772089541,0.002563907764852047,0.0024023905862122774,32,0.820398634105948,0.8175534823625357,0.8028343366523083,0.8417025538681405,0.8546358478600886,0.800796792959947,32,0.9142280519001558,0.9147586187409196,0.9027531543611486,0.9239437170504924,0.9284630904324686,0.8961809303869167,32.0
soft_a0.35,soft_kd,0.35,0.003,3,0.0009653640192937019,0.0008442950493190438,0.00011559434860828333,0.002453052287455648,0.003269156673923135,0.00011154356616316363,32,0.32178799632573624,0.2814316696489856,0.03853144920116583,0.817684088710958,1.0897187126888954,0.037181188397862865,32,0.393106793888751,0.3441039909800679,0.04709162676759808,0.9930089071684828,1.3305353177098553,0.04579443992148694,32.0
soft_a0.35,soft_kd,0.35,0.003,4,0.0009716160802781815,0.0008469959138892591,0.00012901202426292003,0.0024515407392755153,0.0032673985697329044,0.00012585734657477587,32,0.3238720166147019,0.2823319577960388,0.04300400771383438,0.8171802393219599,1.0891326780548773,0.04195244849359351,32,1.0366715649465212,1.003198981633149,0.9994641105441777,1.147699096139876,1.1541569099481517,0.9992853982317533,32.0
soft_a0.35,soft_kd,0.35,0.003,5,0.0009750375520525267,0.000848333933390677,0.00013897864919272253,0.002448294241912663,0.0032636914402246475,0.0001355630811303854,32,0.32501250718881597,0.282777964281962,0.046326215994890764,0.8160980735437491,1.0878969684213402,0.04518769331734149,32,1.0207365917758044,1.0016500034358593,0.9988075930081779,1.0761754401032728,1.0869894848027175,0.998602155466857,32.0
soft_a0.35,soft_kd,0.35,0.003,6,0.000986616738828161,0.0008543691656086594,0.00016288464030367322,0.0024449408636428418,0.003259014105424285,0.00016034062718972564,32,0.3288722360411937,0.28478970826893146,0.05429487962927464,0.8149802807968582,1.0863378570767777,0.053446875265329916,32,1.0558229754351383,1.0071214865547564,0.9986663611143711,1.1934534829385512,1.2221874626182787,0.9984890630277239,32.0
soft_a0.35,soft_kd,0.35,0.003,7,0.0009923142620209546,0.000857553503010422,0.00017445065386709758,0.0024423247436061502,0.0032564569264650345,0.0001726195914670825,32,0.3307714104039635,0.28585115402219263,0.05815021745023749,0.8141082407922078,1.0854854642300789,0.057539863322204544,32,1.0238825199223118,1.0037291555137284,0.9991527540942268,1.079945520161801,1.0832053226098104,0.9987540381888522,32.0
soft_a0.35,soft_kd,0.35,0.003,8,0.0009976867613659124,0.000861656095366925,0.00018557508301455527,0.002438264654483646,0.0032526138238608837,0.00018447214097250253,32,0.3325622434876979,0.2872186847692655,0.061858360467157605,0.812754877763137,1.084204430238673,0.06149071312300241,32,1.0216631233155302,1.0053597121800584,0.998660385244064,1.0704173305427902,1.0734622923603556,0.9981837382042232,32.0
soft_a0.35,soft_kd,0.35,0.003,9,0.0010019305641435494,0.000863978173583746,0.0001948586548678577,0.002436198270879686,0.0032510762102901936,0.00019396370043978095,32,0.33397684438850095,0.2879927108060947,0.06495288439135975,0.8120660832344708,1.083691892465788,0.06465456625126058,32,1.0155294851193444,1.0026954136768542,0.9994324925008539,1.0512303945665946,1.0529522888500324,0.9989549447278827,32.0
soft_a0.35,soft_kd,0.35,0.003,10,0.0010060352615255397,0.0008661958854645491,0.00020518527599051596,0.0024289439665153623,0.0032436512410640717,0.0002050354378297925,32,0.3353450768286427,0.28873194807090763,0.06839509140232498,0.8096479818007153,1.0812169031294296,0.06834514534918465,32,1.0182913698948155,1.0027564156863644,0.9974220851990845,1.062769829887105,1.071399390901974,0.9967587026506632,32.0
soft_a0.35,soft_kd,0.35,0.003,11,0.0010130472223863762,0.0008711727277841419,0.00022339624774758704,0.002416370844002813,0.003230106318369508,0.00022263344726525247,32,0.3376823970819086,0.29039089546514185,0.07446541526858333,0.8054569409996288,1.07670192963797,0.07421114844334865,32,1.0291978703725815,1.006213633821508,0.9954944414749839,1.089422923564262,1.109392004558427,0.9945009870681613,32.0
soft_a0.35,soft_kd,0.35,0.003,12,0.0010235157778879511,0.0008809443097561598,0.00025158701901091264,0.0023948392132297157,0.0032066679559648037,0.0002504251024220139,32,0.34117191553738446,0.2936480893542835,0.08386233894134391,0.7982797308043166,1.068889143450351,0.08347503341507759,32,1.0413750478235797,1.0112180137122637,0.9922297226115457,1.131194992288926,1.1336854051653824,0.9904718835599278,32.0
soft_a0.35,soft_kd,0.35,0.003,13,0.001024166876959498,0.0008802179072517902,0.0002587980459793471,0.002383316168561578,0.003195370314642787,0.0002568438067100942,32,0.3413889485696044,0.2934059551985996,0.08626601457659515,0.7944387159483246,1.0651232636269545,0.0856146014925065,32,1.0075665130485252,1.0006438121881127,0.9953543464265665,1.0278247273963081,1.0293042776761336,0.9944454844833015,32.0
soft_a0.35,soft_kd,0.35,0.003,14,0.001028974086693779,0.0008841190428938717,0.00026889637229032815,0.0023770551779307425,0.003188973292708397,0.00026648465427570045,32,0.3429913517870069,0.2947063336923593,0.08963212331766279,0.7923517190895204,1.0629909233316757,0.08882821731977472,32,1.0141884451528065,1.0046016817386105,0.9978344862106118,1.041120151423898,1.0476753886543828,0.9965041706844707,32.0
soft_a0.35,soft_kd,0.35,0.003,15,0.0010313098837286816,0.0008832859748508781,0.000276180577930063,0.0023713464732281865,0.003184808185324073,0.0002725789090618491,32,0.343769950780215,0.2944286443110061,0.09206019184313548,0.7904488175385423,1.061602554431139,0.0908596355641665,32,1.0092131399112714,1.0019766801110928,0.9958544976842313,1.036565753121376,1.0398107811273,0.9908987853612471,32.0
soft_a0.35,soft_kd,0.35,0.003,16,0.0010414372027298668,0.000891972886165604,0.00029846637189621104,0.002358984237071127,0.0031695417128503323,0.00029374449513852596,32,0.34714572372791636,0.2973242812818594,0.09948878976727957,0.7863280721886747,1.0565137311073485,0.0979148308617326,32,1.028572331709877,1.009834457695239,0.9952611811904781,1.0826121362479608,1.0939798985610578,0.994157937363982,32.0
soft_a0.35,soft_kd,0.35,0.003,17,0.0010867036535273655,0.0009340303367935121,0.0003830298417597078,0.002325062593445182,0.0031245700083673,0.00037715575308538973,32,0.3622345403958166,0.31134343087755617,0.12767661281009354,0.7750208577449793,1.041523165403483,0.1257185832690074,32,1.1067570420106958,1.047145052208869,0.9866990504263465,1.2888378086542793,1.2929327412801026,0.9834308129187077,32.0
soft_a0.35,soft_kd,0.35,0.003,18,0.0010959519941025064,0.0009469692886341363,0.0004368860842077993,0.0022440370405092834,0.0030293650925159454,0.0004289012576919049,32,0.36531732062010286,0.31565641469854766,0.1456286934700784,0.7480123403344472,1.0097881986547979,0.14296708465458255,32,1.0404962466281678,1.0155063550923618,0.9692283898417701,1.1385905780266827,1.1409966103887286,0.9614918972810779,32.0
soft_a0.35,soft_kd,0.35,0.003,19,0.0010964543453155784,0.0009526604262646288,0.0004859802866121754,0.0021487970370799303,0.0029178443364799023,0.00047681585419923067,32,0.36548477113407246,0.3175534605604412,0.16199342746262252,0.7162656728006158,0.9726146194026747,0.1589386166848611,32,1.0258294426272987,1.0079711331249932,0.9623998176991106,1.110853387403092,1.1141663528150325,0.9543718754258391,32.0
soft_a0.35,soft_kd,0.35,0.003,20,0.0011085870319220703,0.0009735419589560479,0.0005581808887654916,0.002034067246131599,0.0027675614692270756,0.0005499990074895322,32,0.369529000078595,0.32451397119687986,0.18606029463786378,0.6780224094835956,0.9225203385294916,0.18333300090291724,32,1.0427146611598528,1.0227645641269414,0.9496700764790741,1.1483018547957553,1.1534830535641607,0.9432775022065544,32.0
soft_a0.35,soft_kd,0.35,0.003,21,0.0011072747638536384,0.0009907121129799634,0.0006277360807871446,0.0018856913782656192,0.002576733473688364,0.000612521602306515,32,0.3690915775960777,0.3302373681227843,0.20924535844354888,0.6285637872915137,0.8589110171096347,0.20417386566075552,32,1.0244718489352909,1.0175310119174237,0.9323838018093414,1.1178496224906058,1.1300066338910792,0.9216987792874318,32.0
soft_a0.35,soft_kd,0.35,0.003,22,0.0010707305973483017,0.0009844365704338998,0.0006777642818633467,0.00170245036133565,0.002334780525416136,0.0006507240468636155,32,0.3569101892700932,0.3281455206256128,0.22592142532399548,0.5674834488457886,0.7782600475719493,0.2169080137357661,32,0.9850941826026158,0.9824003008962372,0.9073712567038215,1.0722251227153574,1.0825469965760535,0.8981080988990781,32.0
soft_a0.35,soft_kd,0.35,0.003,23,0.001028645368933212,0.0009637849580030888,0.0007073490676702931,0.001538770378101617,0.0021097122225910425,0.0006751507171429694,32,0.3428817803373966,0.32126164987517947,0.23578302050725725,0.5129234549086985,0.7032372922607728,0.22505023709144237,32,0.9731274843641144,0.9718377522469892,0.9080376013545254,1.0416078063624417,1.0450110858203907,0.8971833706796329,32.0
soft_a0.35,soft_kd,0.35,0.003,24,0.0009699150868982542,0.0009069710213225335,0.0007183090783655643,0.0013729609665460885,0.0018687830306589603,0.000680783879943192,32,0.32330502033740993,0.30232367114627645,0.2394363573739249,0.4576536515372798,0.6229275747805338,0.2269279580085281,32,0.9521044140736794,0.9513748571468366,0.892523839102344,1.0117672513521347,1.0174517783840626,0.8857999734029198,32.0
soft_a0.35,soft_kd,0.35,0.003,25,0.0008850911726767663,0.0008340002968907356,0.0006852453865576535,0.0012027392745949327,0.0016197458608075976,0.0006502416799776256,32,0.29503038311461327,0.2780000965471061,0.22841512686708831,0.4009130880467698,0.5399151984368684,0.21674722477516709,32,0.9178885226065086,0.9238551030134852,0.876781516681091,0.9575345987354609,0.9578289809609565,0.8667383180574213,32.0
soft_a0.35,soft_kd,0.35,0.003,26,0.0008020942077564541,0.0007625135767739266,0.000639709152164869,0.0010517674265429378,0.0014000354567542672,0.0006089232629165053,32,0.2673647289448935,0.2541711900486321,0.21323638220143235,0.35058913913353784,0.4666784090902035,0.20297441920784495,32,0.9100329219680124,0.9136974109739409,0.8747717480193794,0.9368446120143521,0.9379471133960434,0.8643550143454086,32.0
soft_a0.35,soft_kd,0.35,0.003,27,0.0007110175010893727,0.0006833032239228487,0.0005763809283962473,0.0009069466934306546,0.0012027915799990296,0.0005528650945052505,32,0.2370058275582207,0.2277677393277807,0.19212697446204868,0.302315561849054,0.40093046094871954,0.18428836323318562,32,0.8886500515760585,0.8907567058990411,0.8630311647142042,0.9083860390805446,0.9124886950059097,0.8588349911418011,32.0
soft_a0.35,soft_kd,0.35,0.003,28,0.0010298902889189776,0.0010262929135933518,0.0009262013423722238,0.0011720973998308182,0.001178152859210968,0.0009045476326718926,32,0.34329675503791224,0.3420976348908203,0.308733778107121,0.39069912988084815,0.3927175858444569,0.3015158515357081,32,1.4831358084356856,1.5396299204694592,1.1164442043250058,1.701778824751937,1.7134240487738923,0.7869660191285224,32.0
soft_a0.35,soft_kd,0.35,0.01,0,0.009999999863794073,0.009999999776482582,0.009999999776482582,0.010000000707805157,0.010000000707805157,0.009999998845160007,32,1.0,1.0,1.0,1.0,1.0,1.0,32,,,,,,,
soft_a0.35,soft_kd,0.35,0.01,1,0.008972734940471128,0.008966200519353151,0.008839857392013073,0.009137155395001173,0.00920450035482645,0.008776097558438778,32,0.8972735062721275,0.8966200719763355,0.8839857589599287,0.9137155214577491,0.920450056056307,0.8776097754599849,32,0.8972735062721275,0.8966200719763355,0.8839857589599287,0.9137155214577491,0.920450056056307,0.8776097754599849,32.0
soft_a0.35,soft_kd,0.35,0.01,2,0.008203496196074411,0.008175209630280733,0.008028499642387032,0.00841777971945703,0.008547114208340645,0.008007369935512543,32,0.8203496308042795,0.8175209813010912,0.8028499821837988,0.8417779553375689,0.8547114399383539,0.800736936874681,32,0.9142397764386112,0.9146903305248837,0.902697599640167,0.9240266401720884,0.9285799205666715,0.8961958015017331,32.0
soft_a0.35,soft_kd,0.35,0.01,3,0.0032213610566032003,0.0028343918966129422,0.00038779376045567916,0.008159606251865625,0.010962150990962982,0.0003718277730513364,32,0.32213610911872725,0.28343918282393865,0.03877937691235453,0.8159606089750713,1.0962151235986155,0.037182778136233496,32,0.39357113079721995,0.34657225505236244,0.04739729312702377,0.9909178245008834,1.3387545378589198,0.04579788320437754,32.0
soft_a0.35,soft_kd,0.35,0.01,4,0.003242187171963451,0.0028432969702407718,0.0004322279055486433,0.008154738089069724,0.010956130921840668,0.0004195240908302367,32,0.3242187206975127,0.2843296901641448,0.04322279152096901,0.815473792709053,1.0956131166729282,0.041952410020733105,32,1.0366965348166457,1.0031419565076725,0.999476366252191,1.1480206020824795,1.1602093343503024,0.9992901783686021,32.0
soft_a0.35,soft_kd,0.35,0.01,5,0.0032535363534407225,0.0028475081780925393,0.000465265815728344,0.008144090883433819,0.010943803936243057,0.0004517039633356035,32,0.32535363886786683,0.2847508109469924,0.04652658261278456,0.8144090721696843,1.0943804180856143,0.04517039734319741,32,1.0206187941746743,1.0015400082553865,0.9988269467885085,1.075931382130153,1.0853067578490125,0.998605085592846,32.0
soft_a0.35,soft_kd,0.35,0.01,6,0.0032920823305175873,0.0028674686327576637,0.0005446277442388237,0.008132888935506344,0.0109280776232481,0.000534276885446161,32,0.32920823664736926,0.2867468563753346,0.05446277564122026,0.8132888774037828,1.0928077867509676,0.05342768973881803,32,1.0557631954266613,1.0070079438842483,0.9986578401135358,1.1964418990364023,1.2218198581687296,0.998490734074565,32.0
soft_a0.35,soft_kd,0.35,0.01,7,0.00331103566713864,0.002877817372791469,0.0005830200709169731,0.008124413434416056,0.01091937068849802,0.0005751632852479815,32,0.33110357034726035,0.287781730357097,0.05830200839484874,0.8124413273178347,1.091937093256498,0.05751632981038831,32,1.023839690935476,1.0036082241385753,0.9991607760983062,1.080759123469237,1.0833916889226782,0.9987756842500256,32.0
soft_a0.35,soft_kd,0.35,0.01,8,0.0033289107032032916,0.0028913113055750728,0.0006199869327247143,0.008110955310985445,0.010906407609581947,0.0006147241801954806,32,0.3328910739879189,0.2891311236330373,0.061998694658250246,0.8110955150066742,1.090640785335916,0.0614724193935637,32,1.02164727080167,1.005227357748132,0.998658086265614,1.070474241280084,1.0758429577202961,0.9981920714591725,32.0
soft_a0.35,soft_kd,0.35,0.01,9,0.0033430509392928798,0.0028988884296268225,0.0006508389400551095,0.008104159124195575,0.010901219211518764,0.000646388391032815,32,0.3343050976259083,0.28988883601996174,0.06508389546024938,0.8104158963482843,1.0901219455180007,0.06463884054807217,32,1.0155283368353878,1.0026206970691869,0.999438774475551,1.0510032208367897,1.0537646189339247,0.9989542241236052,32.0
soft_a0.35,soft_kd,0.35,0.01,10,0.0033566940219316166,0.0029061120003461838,0.0006853637256426737,0.008079979894682765,0.010876392014324665,0.0006832602666690946,32,0.3356694059202214,0.29061119308084554,0.0685363740961747,0.8079979734537487,1.0876392257430976,0.0683260281941152,32,1.018271279048611,1.0027090461856953,0.9974171828740835,1.062771076238199,1.0722482841686654,0.9967591423355914,32.0
soft_a0.35,soft_kd,0.35,0.01,11,0.0033800366945797578,0.002922518877312541,0.0007454809965565801,0.008038225211203098,0.01083097979426384,0.0007425466319546103,32,0.338003673233552,0.2922518807772223,0.07454810132193791,0.803822505199284,1.083098003635511,0.07425466485518213,32,1.0291591083388738,1.0061362491893742,0.995495551798825,1.0899374090828924,1.109347942708408,0.9945170152136877,32.0
soft_a0.35,soft_kd,0.35,0.01,12,0.003415007497096667,0.0029571567429229617,0.0008395304874284192,0.007966753281652927,0.010752363130450249,0.0008351143333129585,32,0.34150075356427434,0.2957156673278548,0.08395305061933885,0.7966753124061012,1.07523633707843,0.08351143519792188,32,1.041373844210561,1.0118043604174471,0.9922292905459357,1.1312796900544144,1.13486689413319,0.9905102743165582,32.0
soft_a0.35,soft_kd,0.35,0.01,13,0.003417161782635958,0.002954530529677868,0.0008635512203909457,0.00792836705222726,0.01071452721953392,0.0008564884192310274,32,0.3417161821334039,0.2954530460101541,0.086355123969282,0.7928366895642025,1.0714527459022272,0.08564884383750358,32,1.00755430366479,1.0007229173510916,0.9953354889259335,1.027910006894511,1.029162282152687,0.9944447803680069,32.0
soft_a0.35,soft_kd,0.35,0.01,14,0.003433174431847874,0.002967693260870874,0.0008970448951004073,0.007907584030181169,0.010692687705159187,0.0008885316201485693,32,0.34331744708606005,0.29676931910769266,0.08970449151509235,0.790758387429496,1.0692687944159387,0.08885316400087992,32,1.0141669783556337,1.0045946427145718,0.9978114692063542,1.0411670075525647,1.0475085531096076,0.9965141756389626,32.0
soft_a0.35,soft_kd,0.35,0.01,15,0.0034408124374749605,0.00296227156650275,0.0009210124175297096,0.007888619462028146,0.010678830556571484,0.0009087452781386673,32,0.34408124766491244,0.2962271496144429,0.09210124381159418,0.7888619306681337,1.0678830795261953,0.09087452984507076,32,1.0091520524872377,1.0019953591352113,0.99525960209389,1.0365340956061884,1.0401870917055425,0.9909558157691528,32.0
soft_a0.35,soft_kd,0.35,0.01,16,0.003474519555311417,0.0029908297583460808,0.0009950995387043803,0.007847536029294134,0.010627536103129387,0.0009790658950805664,32,0.34745195951342833,0.29908296873175183,0.09950995609465887,0.7847535874960344,1.0627536340673336,0.0979065916964395,32,1.0285244044460633,1.0096400586161873,0.9952524953162727,1.0825217548228314,1.0944608616000207,0.9941770446274378,32.0
soft_a0.35,soft_kd,0.35,0.01,17,0.0036251522906241007,0.00312972126994282,0.0012766660889610647,0.0077350379433482885,0.010476063936948776,0.001256743911653757,32,0.36251523331741675,0.3129721196088855,0.1276666117496776,0.7735037791936697,1.0476064171107058,0.12567439397441732,32,1.106573607369116,1.046405154313518,0.9866749171091861,1.28884235535656,1.2928182564489732,0.983512079766158,32.0
soft_a0.35,soft_kd,0.35,0.01,18,0.003655765893199714,0.0031717020319774747,0.0014559358125552535,0.007463690149597824,0.010156393982470036,0.0014287866652011871,32,0.3655765936802825,0.3171701957966765,0.14559358450979556,0.7463689935285532,1.0156394209483137,0.14287866971370586,32,1.0403918929846314,1.0149488251994923,0.9692024107456538,1.1383361730542862,1.1408209250889225,0.9615718991996741,32.0
soft_a0.35,soft_kd,0.35,0.01,19,0.0036572475291904993,0.0031894707353785634,0.0016194553696550428,0.007147255027666688,0.009782014414668083,0.0015882642474025488,32,0.3657247573471598,0.31894706617527857,0.1619455405852692,0.7147254823640783,0.9782014633313149,0.1588264282903022,32,1.0257532027369307,1.0074710496665067,0.9623680132044587,1.1107376045428483,1.1141653181118738,0.95445422129089,32.0
soft_a0.35,soft_kd,0.35,0.01,20,0.0036973668647988234,0.0032575567020103335,0.0018599236849695445,0.006766258645802736,0.009277050383388996,0.0018314652843400836,32,0.369736691046045,0.32575566274571177,0.18599237265420793,0.6766258453844033,0.9277050590747236,0.18314653252765237,32,1.0425786753019057,1.0220815786676303,0.9496220895528465,1.148371410331999,1.1531237873894513,0.9434186520510293,32.0
soft_a0.35,soft_kd,0.35,0.01,21,0.0036928074769093655,0.0033205804647877812,0.0020903974189423026,0.00627327396068722,0.008635804988443851,0.002042425097897649,32,0.369280752343372,0.33205805390085397,0.20903974656663268,0.6273273784529666,0.863580518146914,0.2042425143549408,32,1.0244200989035215,1.0169425092147018,0.9323016813565412,1.1179238195535772,1.129998108234382,0.9218516922315193,32.0
soft_a0.35,soft_kd,0.35,0.01,22,0.0035707343922695145,0.003290858236141503,0.002256965858396143,0.0056641920469701285,0.007822842337191105,0.0021697888150811195,32,0.3570734438031503,0.3290858309697918,0.22569659088432617,0.5664191889391942,0.782284251204526,0.216978886357968,32,0.9850405947655734,0.9821185401772824,0.9072677799140599,1.072282628897399,1.0826062048854395,0.8982432525246935,32.0
soft_a0.35,soft_kd,0.35,0.01,23,0.0034303477805224247,0.003221011720597744,0.0023554247454740107,0.005120020778849721,0.007067075464874506,0.002250869292765856,32,0.3430347825130477,0.3221011792592968,0.23554247981218576,0.5120020638283191,0.7067075622835955,0.22508693430767063,32,0.9731209076748912,0.971572592168874,0.9079186243424925,1.0416611373772267,1.044980771611778,0.8973377727428882,32.0
soft_a0.35,soft_kd,0.35,0.01,24,0.0032344653009204194,0.0030254689045250416,0.0023919564206153154,0.004568580957129598,0.0062583209946751595,0.0022695157676935196,32,0.32344653435254517,0.3025468972149543,0.2391956474079709,0.45685808320682947,0.6258321134559538,0.2269515818421151,32,0.9521101898398278,0.9511321626654184,0.8925588163522,1.0117826069482216,1.0175205645022223,0.8855602329111809,32.0
soft_a0.35,soft_kd,0.35,0.01,25,0.0029515351125155576,0.0027821422554552555,0.002283148712012917,0.004002386436332017,0.005423032678663731,0.0021677729673683643,32,0.2951535151682426,0.2782142317640982,0.22831488822917934,0.40023863277088134,0.5423032799877959,0.2167773015821867,32,0.9178738444296852,0.9238305865408789,0.8768120416178785,0.9575034518123542,0.9578490109910703,0.8665315638615969,32.0
soft_a0.35,soft_kd,0.35,0.01,26,0.002674648530955892,0.00254340295214206,0.002131259022280574,0.0035003366065211594,0.004686277825385332,0.0020299816969782114,32,0.2674648566686835,0.2543403008991547,0.21312591811926754,0.35003365118389523,0.46862779301318064,0.2029981742351839,32,0.9099960073981919,0.9136460488292939,0.8748391475350489,0.9367917313959863,0.9380005112154096,0.864143386747959,32.0
soft_a0.35,soft_kd,0.35,0.01,27,0.0023709248198429123,0.0022795485565438867,0.0019202781957574188,0.003018552798312157,0.004025349393486977,0.0018431141506880522,32,0.23709248517058135,0.22795486074957685,0.19202783383781072,0.30185527172444304,0.4025349483460549,0.18431141918848648,32,0.8886439022845818,0.8909042530236466,0.8629377928804851,0.9083912001741872,0.9124809370292316,0.8589651624327224,32.0
soft_a0.35,soft_kd,0.35,0.01,28,0.0034331572460359894,0.003420570632442832,0.003088067495264113,0.003910987160634249,0.003934998996555805,0.003014241112396121,32,0.3433157293333058,0.3420570708898545,0.3088067564287802,0.39109872480516267,0.39349990845098887,0.3014240899046596,32,1.4827723831468167,1.5372175554650864,1.1172562093515892,1.7016837850882773,1.7138278418190032,0.782476274736904,32.0
soft_a0.5,soft_kd,0.5,0.001,0,0.0010000000584113877,0.0010000000474974513,0.0009999999310821295,0.0010000001639127731,0.001000000280328095,0.0009999999310821295,32,1.0,1.0,1.0,1.0,1.0,1.0,32,,,,,,,
soft_a0.5,soft_kd,0.5,0.001,1,0.001043513180775335,0.001046234101522714,0.0010189763561356813,0.0010674811841454358,0.0010797776049003005,0.0010168198496103287,32,1.0435131198125922,1.0462341736269454,1.0189763077369036,1.0674810652533349,1.0797775536136187,1.0168198013139798,32,1.0435131198125922,1.0462341736269454,1.0189763077369036,1.0674810652533349,1.0797775536136187,1.0168198013139798,32.0
soft_a0.5,soft_kd,0.5,0.001,2,0.0009709775495139183,0.0009661816293373704,0.0009475006372667849,0.0010093887627590447,0.0010176821378991008,0.0009450731449760497,32,0.9709774927633634,0.9661816397163321,0.9475005922629217,1.00938865021085,1.0176820895617953,0.9450731000874861,32,0.9304262623417564,0.9293675982657796,0.9166690699134742,0.9452215217278654,0.947430820620596,0.914221231974981,32.0
soft_a0.5,soft_kd,0.5,0.001,3,0.00047446468647649453,0.0004607544542523101,7.197003542387392e-05,0.0010640763153787701,0.0011800718493759632,6.244604446692392e-05,32,0.47446464400954574,0.4607544323676489,0.0719700369392433,1.0640761530272989,1.1800717933255607,0.062446048770572624,32,0.4899966631668981,0.47037538350667935,0.07406782543863429,1.0999024386911764,1.2476285587618954,0.06483321632534317,32.0
soft_a0.5,soft_kd,0.5,0.001,4,0.0004784900982031104,0.000463798176497221,8.110489907267037e-05,0.0010637367202434688,0.0011777676409110427,7.270632340805605e-05,32,0.47849005570111064,0.4637981544679908,0.08110490068634894,1.0637365580912816,1.1777675849700842,0.07270632841882138,32,1.0368815661425024,1.0066074322645049,0.99789158454326,1.1587607356666714,1.1780949131959557,0.9971600741930617,32.0
soft_a0.5,soft_kd,0.5,0.001,5,0.00048284814806720533,0.0004673879884649068,9.183030233543832e-05,0.001062663394259289,0.0011741808848455548,8.430776506429538e-05,32,0.48284810554764224,0.46738796626516965,0.0918303040938284,1.062663207715935,1.174180829074958,0.08430777087460742,32,1.0370668936522385,1.007123051418957,0.9967940769317535,1.1527628152036136,1.159565786198919,0.9960058453637072,32.0
soft_a0.5,soft_kd,0.5,0.001,6,0.000491991733042596,0.0004758018912980333,0.0001105885996366851,0.0010606491938233375,0.0011678214650601149,0.00010481176286702976,32,0.49199169043592506,0.4758018686986572,0.1105886016301221,1.060649008022591,1.1678214095915744,0.10481177009043376,32,1.0653860189419597,1.0166693580926904,0.9944401072040555,1.2425023743482397,1.2607539536618628,0.9925974984353761,32.0
soft_a0.5,soft_kd,0.5,0.001,7,0.0004952678862082394,0.0004788079531863332,0.00011960982774326113,0.001057627866975963,0.001162092899903655,0.00011453220213297755,32,0.4952678436471799,0.4788079304441768,0.11960982984599466,1.0576276819394814,1.1620928447072068,0.11453221002629356,32,1.024765101980419,1.0057217814725807,0.9936655836536981,1.088313854225099,1.0927418736223309,0.9925504767224903,32.0
soft_a0.5,soft_kd,0.5,0.001,8,0.0004968891114458529,0.00048053808859549463,0.00012608860561158508,0.001054958999156952,0.0011555750388652086,0.00012177273310953751,32,0.49688906898984764,0.48053806577116126,0.1260886077922789,1.0549588149737206,1.155574983978342,0.12177274150185555,32,1.0159058719022862,1.002966173031659,0.9921719622311435,1.0574176324806472,1.0632182987990866,0.9906250968098426,32.0
soft_a0.5,soft_kd,0.5,0.001,9,0.0004988497175872908,0.00048250253894366324,0.0001313030457822606,0.0010540350747760385,0.001152378972619772,0.00012760437675751746,32,0.49884967515442313,0.48250251602602345,0.13130304802365017,1.054034890991541,1.1523789178847104,0.12760438555173997,32,1.012856151464947,1.0038675030626663,0.9958507637267333,1.0440593832814904,1.0478895685352996,0.9954801978408541,32.0
soft_a0.5,soft_kd,0.5,0.001,10,0.0005001011099921016,0.00048397009959444404,0.00013799023217870855,0.0010503795754630118,0.0011440792586654425,0.00013502694491762668,32,0.5001010677121771,0.4839700766070989,0.13799023449934408,1.0503793927782419,1.1440792043245962,0.13502695422339683,32,1.0144193381458406,1.0030318634595685,0.9902057733881215,1.0555112803185285,1.0581686016476857,0.988857594687422,32.0
soft_a0.5,soft_kd,0.5,0.001,11,0.000504798535075679,0.0004897938488284126,0.0001501555016147904,0.0010486028564628213,0.0011337392497807741,0.00014773168368265033,32,0.5047984928778554,0.48979382556445417,0.150155504104056,1.0486026749825814,1.1337391959310519,0.1477316938640041,32,1.0286402203714133,1.0095960190940183,0.9899950908607349,1.0934157326418974,1.0940903963484783,0.9883540844866097,32.0
soft_a0.5,soft_kd,0.5,0.001,12,0.0005030309625908558,0.0004878496110904962,0.0001660522939346265,0.0010263953416142612,0.0011020473903045058,0.00016425229841843247,32,0.503030921163023,0.48784955846683653,0.16605229470069244,1.026395164730745,1.1020473379600662,0.1642523097383519,32,1.0229116163984138,0.9984650233998182,0.9622447191654354,1.1117207677072771,1.1157248200223406,0.9582626292525797,32.0
soft_a0.5,soft_kd,0.5,0.001,13,0.0005002858870284399,0.00048445114225614816,0.00016976911429082974,0.0010229340055957436,0.0010884434450417757,0.00016806743224151433,32,0.5002858459914804,0.48445111924595474,0.1697691150470068,1.0229338304233135,1.0884433933434887,0.16806744382436467,32,1.0005238902161295,0.9959652422817007,0.9815645368474127,1.0223377906543825,1.0249153964979565,0.980390152045148,32.0
soft_a0.5,soft_kd,0.5,0.001,14,0.0005021845167902939,0.00048553057422395796,0.00017515175786684268,0.0010275253036525099,0.0010825920617207885,0.0001733725075609982,32,0.5021844758119598,0.4855305511624942,0.17515175863786675,1.0275251288866258,1.0825920103004272,0.17337251950946306,32,1.009807319481831,1.0045461219436222,0.9926620077168795,1.0309850364490145,1.0325397447708573,0.9921972121304174,32.0
soft_a0.5,soft_kd,0.5,0.001,15,0.0005063966259513109,0.0004890523996436968,0.00018153380151488818,0.0010257932124659419,0.0011031057219952345,0.00017878385551739484,32,0.506396584892965,0.48905234699449196,0.1815338023338404,1.0257930380586135,1.1031056696005266,0.1787838678387983,32,1.014590503996296,1.008950505973358,0.9976986916210626,1.036453707060056,1.0403605614513813,0.9966177056819352,32.0
soft_a0.5,soft_kd,0.5,0.001,16,0.0005165385978216364,0.0004968144930899143,0.00019599131992436013,0.0010188545595156027,0.0011766863754019141,0.00019120913930237293,32,0.5165385565513807,0.4968144398008234,0.19599132080811407,1.018854386241901,1.176686319512313,0.19120915248010054,32,1.0326290957824154,1.0201423276650332,0.9940314189820538,1.079129623987847,1.0796768719341663,0.9928284290390791,32.0
soft_a0.5,soft_kd,0.5,0.001,17,0.0005575051509367768,0.0005359424685593694,0.0002554558450356126,0.0009923874720698222,0.001333896303549409,0.0002477496163919568,32,0.5575051088061882,0.5359424118154138,0.2554558462072678,0.992387363825239,1.3338962401927372,0.24774963346633397,32,1.1320362158431556,1.1022901813933772,0.9770004946433923,1.3034153213045927,1.3304437912486198,0.9688530341069325,32.0
soft_a0.5,soft_kd,0.5,0.001,18,0.0005608423571175081,0.0005378680070862174,0.00029289725498529153,0.0009331936627859249,0.0014034530613571405,0.0002802326052915305,32,0.5608423162226277,0.5378679502768414,0.2928972563290033,0.9331935604318781,1.4034529946967003,0.2802326246045662,32,1.030307771170544,1.0137903877602987,0.9312974840835334,1.1380578127586178,1.1465918964018462,0.9299511686618774,32.0
soft_a0.5,soft_kd,0.5,0.001,19,0.0005591776825895067,0.0005300012708175927,0.0003243442391976714,0.0008703857893124223,0.0014604871394112706,0.0003096794243901968,32,0.5591776431726851,0.5300012147601243,0.3243442406991223,0.8703856933868024,1.460487070041857,0.3096794457326447,32,1.0138966672899083,1.0053407082697579,0.9276189630633618,1.1057865883246265,1.1082482659975412,0.9235978131174272,32.0
soft_a0.5,soft_kd,0.5,0.001,20,0.0005653860989696113,0.0005304778751451522,0.0003649303806014359,0.0007988543744431809,0.0015503105241805315,0.00034708392922766507,32,0.5653860608312105,0.5304778189502328,0.3649303822330514,0.798854285969313,1.5503104505447363,0.347083953147952,32,1.0262579799489437,1.0269451466877002,0.9203289397087915,1.121205152773291,1.127900864385601,0.9085793156142282,32.0
soft_a0.5,soft_kd,0.5,0.001,21,0.000552497333046631,0.0005081436247564852,0.00038749866071157156,0.0007146677380660549,0.0015774416970089078,0.0003667376877274364,32,0.5524972970724228,0.5081435708114164,0.38749866246652787,0.714667658611214,1.5774416220844512,0.36673771300221863,32,0.9853444014914696,0.9919944130602741,0.8974986419961033,1.0601122994849244,1.0731363461040506,0.8874405588822126,32.0
soft_a0.5,soft_kd,0.5,0.001,22,0.0005083686855869018,0.0004590463067870587,0.0003843470476567745,0.0006161221594084054,0.001465942244976759,0.00036073627416044474,32,0.5083686533541589,0.4590463116887719,0.3843470494446492,0.6161220907613951,1.4659421753482418,0.3607362990216223,32,0.9256805878595293,0.9237973768566501,0.8628993989661171,0.991879883245806,0.9994122813267527,0.85234636076432,32.0
soft_a0.5,soft_kd,0.5,0.001,23,0.00047140445440163603,0.00043216529593337327,0.0003720819586305879,0.0005595711030764505,0.0013686520978808403,0.00034897984005510807,32,0.4714044249769236,0.432165300511575,0.37208196042071023,0.559571041319658,1.368652032873357,0.34897986410605714,32,0.9295666561639505,0.9294140901248439,0.89446587746538,0.9690466616936094,0.9716825620099387,0.8915501598581974,32.0
soft_a0.5,soft_kd,0.5,0.001,24,0.00042978470628440846,0.0003956092841690406,0.00035089572484139355,0.000502020213752985,0.0012630991404876113,0.0003286953433416784,32,0.4297846798519208,0.3956092653786088,0.3508957081747417,0.5020201589118809,1.2630990804936242,0.32869536599466304,32,0.9128921199448516,0.9141688186831902,0.8775938077187543,0.943907473821849,0.9482565162622963,0.8686773916309845,32.0
soft_a0.5,soft_kd,0.5,0.001,25,0.00037804729163326556,0.00035095421480946243,0.00030928621417842806,0.0004382962026284076,0.0011340283090248704,0.0002935493248514831,32,0.3780472686422509,0.3509542186003594,0.30928619948812186,0.43829618181045604,1.1340282551614185,0.29354934508227887,32,0.8790951997909628,0.8801030771476925,0.8494641909442654,0.8990200029716257,0.9000291811578208,0.8405197159765867,32.0
soft_a0.5,soft_kd,0.5,0.001,26,0.00034269143634446664,0.00031859382579568774,0.00027975401462754235,0.0004031373042380437,0.0010486231185495853,0.0002701687626540661,32,0.34269141578095286,0.31859379210391303,0.2797540013399403,0.40313728509005015,1.048623068742662,0.2701687812735232,32,0.90588422117106,0.9063044421091649,0.8712461740245504,0.9269924381251865,0.9279999139362439,0.8658915202863349,32.0
soft_a0.5,soft_kd,0.5,0.001,27,0.00030942504872655263,0.00028698149253614247,0.00025464926147833467,0.00036339517100714147,0.0009562099003233016,0.00024528580252081156,32,0.30942503030540647,0.2869814622328044,0.2546492493831443,0.3633951537467978,0.9562098549057705,0.2452858194253879,32,0.9027174661846121,0.903438156912842,0.884694403293106,0.9156931981246254,0.9198271761468373,0.8798416612807324,32.0
soft_a0.5,soft_kd,0.5,0.001,28,0.0005355635485102539,0.0004911162395728752,0.00042987181805074213,0.0006561922346008942,0.0016915309242904186,0.00042362979729659855,32,0.5355635177792676,0.4911162162461067,0.429871820105447,0.6561922034334369,1.6915308439470147,0.4236297278582751,32,1.7281766406944437,1.7344309704334546,1.5073603744218855,1.8758712771685038,1.8869281504581883,1.4580308828617807,32.0
soft_a0.5,soft_kd,0.5,0.003,0,0.003000000026077032,0.003000000026077032,0.0029999997932463884,0.0030000002589076757,0.0030000002589076757,0.0029999997932463884,32,1.0,1.0,1.0,1.0,1.0,1.0,32,,,,,,,
soft_a0.5,soft_kd,0.5,0.003,1,0.003130482233245857,0.0031386621994897723,0.0030569111462682486,0.003202342928852886,0.0032393091823905706,0.0030504779424518347,32,1.0434940684659968,1.0462207646631394,1.018970373232175,1.0674475508275072,1.0797697180777936,1.016825971978677,32,1.0434940684659968,1.0462207646631394,1.018970373232175,1.0674475508275072,1.0797697180777936,1.016825971978677,32.0
soft_a0.5,soft_kd,0.5,0.003,2,0.0029128630631021224,0.0028985304525122046,0.002842439443338662,0.0030280768987722695,0.0030529843643307686,0.0028352963272482157,32,0.9709543456976673,0.9661768840909216,0.9474798062104003,1.0093588791471695,1.0176614459310596,0.9450987675342816,32,0.9304210068704716,0.9293296744501319,0.9166514836608284,0.9452264649077234,0.9474037500396301,0.9142153085412128,32.0
soft_a0.5,soft_kd,0.5,0.003,3,0.0014239215511224756,0.0013790063094347715,0.00021743228207924404,0.0031966914306394757,0.0035464598331600428,0.0001871500862762332,32,0.47464051301203936,0.4596687658159915,0.07247743004965015,1.0655638009509114,1.1821532674443314,0.06238336154982009,32,0.49017864307378056,0.4693796738486354,0.07459679480618175,1.096457833344302,1.24980781407578,0.06476784679594341,32.0
soft_a0.5,soft_kd,0.5,0.003,4,0.0014359984147631621,0.001388169708661735,0.0002446844846417662,0.0031947855139151217,0.0035395948216319084,0.00021795649081468582,32,0.478666134236007,0.4627232321984288,0.08156149784329157,1.0649284953816491,1.1798649302881776,0.07265216297337768,32,1.0369290427892777,1.0065128342317387,0.9978749161775013,1.1583609085300717,1.1827266989452743,0.9972209479308808,32.0
soft_a0.5,soft_kd,0.5,0.003,5,0.0014490844005194958,0.0013990204315632582,0.00027673210279317574,0.003190451511181891,0.0035288012586534023,0.000252826459472999,32,0.4830281294945761,0.46634013980083044,0.09224403756804286,1.0634838278164631,1.1762670759932827,0.08427548575844815,32,1.0370848259240029,1.0070033324141665,0.9968233088947315,1.1536062490088796,1.1599859152070897,0.9959973888611492,32.0
soft_a0.5,soft_kd,0.5,0.003,6,0.0014765068899578182,0.0014245159109123051,0.0003327843252918683,0.0031841637566685675,0.0035095829516649246,0.0003143696812912822,32,0.49216895929881754,0.47483863284330763,0.11092811231835754,1.0613879096635737,1.169860973719474,0.10478989285289092,32,1.065359370119221,1.0164877860057402,0.994413108550817,1.242829661065961,1.2641550075370807,0.9926800519561528,32.0
soft_a0.5,soft_kd,0.5,0.003,7,0.0014863242367937346,0.001433597004506737,0.0003597642236854881,0.0031749382615089417,0.003492487594485283,0.0003435476101003587,32,0.4954414082302079,0.4778656640151396,0.11992141206162889,1.0583127446370955,1.1641625213757931,0.11451586903804158,32,1.0247466823599092,1.0056392091132225,0.9936973002606766,1.088629221457986,1.0928140674674078,0.992498904988026,32.0
soft_a0.5,soft_kd,0.5,0.003,8,0.001491181456913182,0.0014389711432158947,0.00037914591375738383,0.00316662898985669,0.0034728837199509144,0.0003652783343568444,32,0.49706048158348176,0.4796570435692875,0.126381975618853,1.055542987443754,1.1576278965878048,0.12175944372723983,32,1.0159008888982348,1.0029213310930511,0.9921966973558692,1.0574073982462406,1.063253894416956,0.9906138292351454,32.0
soft_a0.5,soft_kd,0.5,0.003,9,0.0014970567663112888,0.0014448979054577649,0.00039476650999858975,0.003163711167871952,0.0034631958696991205,0.00038279223372228444,32,0.49901891803945553,0.4816326309660718,0.1315888411921655,1.054570380123962,1.1543986131986104,0.1275974101316409,32,1.0128468134422892,1.0038201299323704,0.9958731835599931,1.044110618416872,1.0479467236847682,0.9955317185922686,32.0
soft_a0.5,soft_kd,0.5,0.003,10,0.0015007905049060355,0.0014495141804218292,0.0004148104417254217,0.0031523114186711608,0.003438168205320835,0.00040504959179088473,32,0.5002634975542164,0.4831713892740511,0.13827015197428483,1.0507704637567286,1.1460560584783648,0.13501652942335146,32,1.0144111264871754,1.0031888030389782,0.9902203806719391,1.055479954866223,1.0581447482676674,0.9888340109199896,32.0
soft_a0.5,soft_kd,0.5,0.003,11,0.0015148156317081884,0.0014672705437988043,0.0004512137471465394,0.003146264492534101,0.0034069945104420185,0.00044320287997834384,32,0.5049385397884605,0.48909017701492796,0.15040458750501434,1.0487548217285627,1.1356648269424168,0.14773429204195732,32,1.0285968630320625,1.0095617513297748,0.9900152383908499,1.0933547645975383,1.0941941158828683,0.9883184140725858,32.0
soft_a0.5,soft_kd,0.5,0.003,12,0.0015094429018063238,0.0014647424104623497,0.0004987082065781578,0.0030790099524892864,0.003311704145744443,0.0004927959525957704,32,0.5031476297899806,0.4882474659101016,0.16623607319429579,1.026336641908491,1.1039013723193238,0.1642653161040728,32,1.0228590264119024,0.9986522469909935,0.9622754134189119,1.111633887022256,1.1157842849458626,0.9582009133364903,32.0
soft_a0.5,soft_kd,0.5,0.003,13,0.0015011589730420383,0.0014522409182973206,0.0005098196474136784,0.0030677712406031784,0.003270871937274933,0.000504256458953023,32,0.5003863201941219,0.48408032140371104,0.16993988688444375,1.0225904046456853,1.0902906362811295,0.16808548485661745,32,1.0005005107378862,0.9959723709556705,0.981580456692264,1.0223526801339247,1.0248466729263543,0.9803780475985628,32.0
soft_a0.5,soft_kd,0.5,0.003,14,0.0015068108987179585,0.001455506484489888,0.0005257159442408011,0.0030807618633843957,0.0032532073091715574,0.0005206423811614513,32,0.5022702953926372,0.48516884346000594,0.17523865262181443,1.0269206122017847,1.0844024269645203,0.17354745887861622,32,1.0097908910757498,1.0045194237950539,0.9926625203626157,1.0308860461243061,1.0324952153165279,0.9921913245466877,32.0
soft_a0.5,soft_kd,0.5,0.003,15,0.0015193584804364946,0.0014665041817352176,0.0005447031406220048,0.0030738466070033606,0.0033160988241434097,0.000537178770173341,32,0.5064528225962108,0.48883474263538196,0.18156771196241928,1.0246155267614763,1.1053662651062461,0.17905960239818683,32,1.01454836996488,1.0089645357991661,0.9977401531568335,1.03641634987085,1.0403581387991232,0.9966189673299639,32.0
soft_a0.5,soft_kd,0.5,0.003,16,0.0015496407013415592,0.0014930221950635314,0.000588064402109012,0.0030530290445312854,0.0035310392268002033,0.0005743142683058977,32,0.5165468961297137,0.4976740407955237,0.19602146566578466,1.0176763393311024,1.1770130653690654,0.19143810262880562,32,1.0325840589649382,1.0201309437771124,0.9939864015527099,1.0791191558405475,1.0796391067894113,0.9927939123945339,32.0
soft_a0.5,soft_kd,0.5,0.003,17,0.001672275569944759,0.0016101725632324815,0.000766415023826994,0.002975606429390609,0.003992060199379921,0.00074373948154971,32,0.5574251852936546,0.5367241621294058,0.25547167238835033,0.9918688011752048,1.3306867215598535,0.2479131776022183,32,1.1318989064929135,1.102471546700984,0.9771337622466398,1.303296027259227,1.3305493672788558,0.9687270038480513,32.0
soft_a0.5,soft_kd,0.5,0.003,18,0.0016822178695292678,0.0016156794154085219,0.0008787406870396808,0.00279809043277055,0.00419704569503665,0.0008410533773712814,32,0.5607392849651041,0.5385597795370212,0.2929135598004548,0.9326968028161952,1.3990152195181615,0.28035114511163106,32,1.0302639972438588,1.0135624609384877,0.9312779311710784,1.1378563802498947,1.146723895342527,0.9298954283275992,32.0
soft_a0.5,soft_kd,0.5,0.003,19,0.0016772205199231394,0.001592530112247914,0.0009731007827213034,0.002609757427126169,0.004366501234471798,0.0009292868780903518,32,0.5590735016411721,0.5308433660317058,0.32436692475425893,0.8699191348137533,1.455500398838889,0.309762314044943,32,1.0138752026974793,1.0054225517983397,0.9278054412925502,1.1056860619322952,1.1083000848585447,0.9235003104995373,32.0
soft_a0.5,soft_kd,0.5,0.003,20,0.0016959355380095076,0.0015932365786284208,0.0010948385170195252,0.002395383222028613,0.004637202247977257,0.0010414267890155315,32,0.5653118408200097,0.5310788547206091,0.36494616916760403,0.7984610670690394,1.5457340692230332,0.34714228692948434,32,1.0262498279836783,1.026924317457175,0.9205560770527266,1.1211626741971934,1.1278138553547046,0.9084949197336506,32.0
soft_a0.5,soft_kd,0.5,0.003,21,0.0016572469176026061,0.0015229391865432262,0.0011628173757344483,0.002143011661246419,0.004716834053397179,0.001100364257581532,32,0.5524156340533564,0.5076464305003197,0.38760578854227995,0.7143372142062082,1.5722780041322781,0.3667881111387662,32,0.9853179763561561,0.992117310239731,0.897707817221872,1.0600527079728597,1.0730745625936755,0.8873493198296873,32.0
soft_a0.5,soft_kd,0.5,0.003,22,0.0015249959760694765,0.0013781386660411954,0.0011533195618540048,0.0018502065213397145,0.004385817795991898,0.0010822589974850416,32,0.5083319871869056,0.45937955134306546,0.3844398506096515,0.616735501752361,1.4619392526229535,0.3607530240240107,32,0.925701477567681,0.9236249243723023,0.8631119503554527,0.9918454186026388,0.9993660299590726,0.8522544027038889,32.0
soft_a0.5,soft_kd,0.5,0.003,23,0.001414101556292735,0.0012982956250198185,0.001116526877740398,0.0016806871688459068,0.00409423653036356,0.0010469439439475536,32,0.4713671809356609,0.43276520457819545,0.37217562267838744,0.5602290514122653,1.3647454982583491,0.34898133870023523,32,0.929557426496181,0.929387331736641,0.8946118869922421,0.9690468902790944,0.9716450991938211,0.8914940236902977,32.0
soft_a0.5,soft_kd,0.5,0.003,24,0.001289345196710201,0.0011879109661094844,0.0010525506921112537,0.001508048502728343,0.0037810392677783966,0.0009860697900876403,32,0.42978172808058135,0.3959703186648448,0.3508502126721984,0.5026828298732888,1.2603464116374343,0.32868995268182505,32,0.9129135299595199,0.9142399893658032,0.8777572585039958,0.9438821334384074,0.9482771926526031,0.8686013548092879,32.0
soft_a0.5,soft_kd,0.5,0.003,25,0.0011342461311869556,0.0010527652921155095,0.0009277475881390273,0.0013197870110161602,0.003398353233933449,0.0008806046680547297,32,0.3780820400328114,0.35092177457998874,0.30924918256567524,0.43992898200872227,1.1327844014645978,0.29353490958137746,32,0.8791184066175437,0.8801226044008671,0.8495846726807754,0.8992816045014397,0.9000473976922524,0.8404533649812445,32.0
soft_a0.5,soft_kd,0.5,0.003,26,0.0010282460134476423,0.0009560597245581448,0.0008391526469495147,0.0012139916827436535,0.003144996240735054,0.0008104461594484746,32,0.34274866777506086,0.3186865597051026,0.27971753679889916,0.40466387417350835,1.048332071132555,0.270148738434234,32,0.9058950161106465,0.9062678153097183,0.8713014999396642,0.9268752811320944,0.9281128050241212,0.8660110514826783,32.0
soft_a0.5,soft_kd,0.5,0.003,27,0.0009284788429795299,0.0008610472723376006,0.000763844745233655,0.0010943547298666088,0.002869690302759409,0.0007358131115324795,32,0.30949294463487054,0.2870157438333353,0.25461490400952586,0.3647848918429339,0.956563425938358,0.24527105408105193,32,0.9027248827016503,0.9034462867550496,0.8846647258644285,0.9156576883547289,0.9198009972482106,0.8799103572729062,32.0
soft_a0.5,soft_kd,0.5,0.003,28,0.0016069338453235105,0.0014728746027685702,0.0012893361446913332,0.0019762771495152264,0.00507205119356513,0.001270977663807571,32,0.5356446097704806,0.4909581966552792,0.4297787077669918,0.6587590169720068,1.6906837164923723,0.4236592504668837,32,1.728100388069743,1.734276647035605,1.507802878647545,1.8756314639850935,1.8864367443345562,1.4586772545997817,32.0
soft_a0.5,soft_kd,0.5,0.01,0,0.009999999951105565,0.009999999776482582,0.009999999357387424,0.010000000707805157,0.010000000707805157,0.009999998845160007,32,1.0,1.0,1.0,1.0,1.0,1.0,32,,,,,,,
soft_a0.5,soft_kd,0.5,0.01,1,0.010434179857838899,0.010461731813848019,0.01018895423039794,0.010673273401334882,0.010796945542097092,0.010168591514229774,32,1.0434179908758952,1.0461732047408487,1.018895445813882,1.0673273191096417,1.0796945783427636,1.0168590794491674,32,1.0434179908758952,1.0461732047408487,1.018895445813882,1.0673273191096417,1.0796945783427636,1.0168590794491674,32.0
soft_a0.5,soft_kd,0.5,0.01,2,0.009708689525723457,0.009661451447755098,0.00947408783249557,0.010092305392026902,0.01017545536160469,0.009452054277062416,32,0.970868957294307,0.9661452113710397,0.9474087647801966,1.0092305194164921,1.0175455589043847,0.9452054488332298,32,0.9304068049092309,0.9291885386524101,0.9166190981735775,0.9452573792265063,0.9472787879090139,0.9141991795322914,32.0
soft_a0.5,soft_kd,0.5,0.01,3,0.004753014840389369,0.004531196551397443,0.0007285787258297205,0.010724257677793503,0.011841132305562496,0.0006220032810233533,32,0.4753014810137363,0.45311966526775804,0.07285787823931451,1.0724257377078517,1.1841131467441104,0.06220032949262104,32,0.49086152558727913,0.4642378004367167,0.07501297913271902,1.0878669557553529,1.2517306607837917,0.0645729143462334,32.0
soft_a0.5,soft_kd,0.5,0.01,4,0.00479312162133283,0.004553543170914054,0.000819032106664963,0.010716392006725072,0.011818226426839828,0.0007249257178045809,32,0.4793121591989774,0.45535432726936775,0.08190321694326846,1.0716391706706323,1.1818225590339726,0.07249257340079338,32,1.0369229006874403,1.0062080210864148,0.9978846092989762,1.1590605281453505,1.1889392334705644,0.9971838325618956,32.0
soft_a0.5,soft_kd,0.5,0.01,5,0.004836548150706221,0.004585320828482509,0.0009254499076632783,0.01070085703395307,0.011782069690525532,0.0008413989562541246,32,0.48365481224296736,0.4585321131722149,0.09254499779665051,1.070085673503889,1.1782068856584622,0.08413989750608573,32,1.0369930853576652,1.0066593940497475,0.9968189541600035,1.1544803199279943,1.1633181474977305,0.9959870782976072,32.0
soft_a0.5,soft_kd,0.5,0.01,6,0.004927591176965507,0.00467369775287807,0.0011116673471406103,0.01067726113833487,0.01171790063381195,0.0010469655971974134,32,0.4927591150770383,0.4673698063312829,0.11116674305059002,1.067726084141267,1.171789980441296,0.10469656205989186,32,1.0651461456687656,1.0156011223198118,0.9944069228453536,1.2418120848887377,1.2685743601191424,0.9926603930737495,32.0
soft_a0.5,soft_kd,0.5,0.01,7,0.004960063775797607,0.004705753177404404,0.0012013615574687718,0.010644365940243006,0.01166070718318224,0.001144397770985961,32,0.4960063750612274,0.47057534904057396,0.12013616470968445,1.064436564502035,1.166070635783143,0.1144397796565245,32,1.0246329419378002,1.005440888594534,0.9937130677560968,1.0891801054616999,1.0930614855438998,0.9924881325840429,32.0
soft_a0.5,soft_kd,0.5,0.01,8,0.00497594240368926,0.004725362174212933,0.0012658149586059152,0.010613520629703999,0.011595160700380802,0.0012171465205028653,32,0.4975942379288302,0.4725362488750818,0.12658150527335613,1.061352033664484,1.1595159879669406,0.12171465477082107,32,1.0158070231763892,1.002796012343829,0.9922340814901306,1.057243119326465,1.0635694610399558,0.9905919057830809,32.0
soft_a0.5,soft_kd,0.5,0.01,9,0.004995308674551779,0.0047462256625294685,0.0013177836372051388,0.010601208359003066,0.011562866158783436,0.0012757552322000265,32,0.49953086507512784,0.4746225978613359,0.13177837349409333,1.0601208067032781,1.1562865340357864,0.12757552607153788,32,1.012789454199844,1.003707948442813,0.9958895771222541,1.0441034629962131,1.0481525524740825,0.9955268618025741,32.0
soft_a0.5,soft_kd,0.5,0.01,10,0.005007399136957247,0.004763618344441056,0.0013844316534232348,0.010558586148545145,0.01147944014519453,0.0013500928180292249,32,0.5007399114048547,0.4763618661684593,0.13844317558107644,1.0558585859252616,1.1479439332673895,0.13500928482061517,32,1.0143222316950746,1.003207726407569,0.9902361848828989,1.0553851849203189,1.0582694736050613,0.9887845738673332,32.0
soft_a0.5,soft_kd,0.5,0.01,11,0.005053591565228999,0.004825952462852001,0.0015053316543344407,0.010530916694551706,0.011375420726835728,0.0014777373289689422,32,0.5053591543953462,0.4825952784955204,0.15053317653469137,1.0530916409052418,1.1375419921677639,0.14777373619989462,32,1.0284628036641892,1.0091156027904167,0.9900562457271497,1.093113863174427,1.0945449892297363,0.988295180918321,32.0
soft_a0.5,soft_kd,0.5,0.01,12,0.005035030691942666,0.004823042079806328,0.001662736397702247,0.010297584114596248,0.011057239025831223,0.001643214956857264,32,0.5035030673015308,0.4823042401933514,0.1662736504369216,1.0297583837833582,1.1057238243194198,0.16432149935859813,32,1.0227105865384227,0.9993789506110141,0.9623235503866031,1.111708609277486,1.1152886121786711,0.9580810382503434,32.0
soft_a0.5,soft_kd,0.5,0.01,13,0.005006721174140694,0.00480688433162868,0.0016997122496832163,0.010249550035223364,0.01092085987329483,0.0016815427225083113,32,0.500672115594234,0.48068846520122455,0.16997123585027382,1.0249549763492707,1.0920859100310791,0.16815427600937208,32,1.0004184733968673,0.9960068707552276,0.9815999468576949,1.0222840914070177,1.024809664556618,0.980327529839919,32.0
soft_a0.5,soft_kd,0.5,0.01,14,0.005025002395996125,0.004824552917852998,0.0017525681760162115,0.01023896476253867,0.010961484163999557,0.0017363204387947917,32,0.502500237863335,0.482455323971415,0.1752568288105266,1.0238964037819516,1.0961484409007827,0.17363204776045787,32,1.0097189799548023,1.004709298752425,0.9926179514213349,1.0307971097209936,1.0325758694996283,0.9922677780157149,32.0
soft_a0.5,soft_kd,0.5,0.01,15,0.005065871413535206,0.0048618498258292675,0.0018147965369280429,0.010215791454538702,0.011138717643916607,0.0017937510274350643,32,0.5065871397050485,0.48618501505157496,0.18147965774919073,1.0215790731459766,1.1138717892886354,0.17937512345846304,32,1.0144372348976998,1.0091166128747102,0.9977466203078428,1.0364608381925873,1.0402002486528414,0.996588394387598,32.0
soft_a0.5,soft_kd,0.5,0.01,16,0.005164817066543037,0.004949283553287387,0.001959303766489029,0.010146973188966513,0.011780823580920696,0.0019171183230355382,32,0.5164817052338824,0.4949283645566863,0.1959303810282882,1.0146972470758568,1.178082384424263,0.1917118544432055,32,1.032380038689772,1.0205300863997242,0.9939442549841091,1.0789236207216963,1.07974390090331,0.992766009933725,32.0
soft_a0.5,soft_kd,0.5,0.01,17,0.00556957892695209,0.005345829296857119,0.002553918492048979,0.009887156076729298,0.013179277069866657,0.0024807790759950876,32,0.5569578921634291,0.5345829410037874,0.2553918549133507,0.9887155861033955,1.3179277364446462,0.24807793624854096,32,1.1313083274272882,1.10422239442939,0.9772471742227976,1.303491845217881,1.329901889612459,0.9686817529158583,32.0
soft_a0.5,soft_kd,0.5,0.01,18,0.005601605509582441,0.005368310026824474,0.0029287408688105643,0.009298449754714964,0.013809652999043465,0.0028049254324287176,32,0.5601605510067631,0.5368310143624884,0.29287409342730253,0.9298449556487722,1.380965330771327,0.28049257563527613,32,1.0301298489959971,1.0147995571729118,0.9311786192738245,1.1377766587044782,1.1471243754665397,0.9298663236868778,32.0
soft_a0.5,soft_kd,0.5,0.01,19,0.005584696147707291,0.005317408125847578,0.0032436106004752217,0.008673799457028508,0.014349264092743397,0.0030986464116722345,32,0.5584696153615393,0.5317407996446839,0.324361067297557,0.8673799275916569,1.434926441347445,0.30986467695163555,32,1.0138282515908914,1.00646509634652,0.9281582638372943,1.1056397721015787,1.1084238574132763,0.9234668861558686,32.0
soft_a0.5,soft_kd,0.5,0.01,20,0.0056473489457857795,0.005317334784194827,0.003649437800049782,0.007963187713176011,0.015248515643179417,0.003472377313300967,32,0.5647348958544548,0.5317334654159818,0.36494378816210754,0.7963187550511792,1.524851598401031,0.3472377714305033,32,1.0261927544825773,1.026888674485684,0.9207879342420181,1.1211751131702012,1.1277591675448482,0.9084470164612801,32.0
soft_a0.5,soft_kd,0.5,0.01,21,0.005517503974260762,0.005067863035947084,0.0038777505746111275,0.007126066205091775,0.015477877110242844,0.0036690100096166134,32,0.5517503991798149,0.5067863149222653,0.38777504617541325,0.7126066062101603,1.5477877456200364,0.36690104333286117,32,0.9851970189121209,0.9930591744879822,0.8982431644530312,1.0600823268637558,1.0728992632922325,0.8873196228170068,32.0
soft_a0.5,soft_kd,0.5,0.01,22,0.005078713707916904,0.004623942542821169,0.0038462738157249987,0.00616980055347085,0.01442382950335741,0.00360821932554245,32,0.5078713726671613,0.46239426461743405,0.38462737042120326,0.6169800376501615,1.442382982575513,0.3608219742234096,32,0.9257999461246038,0.9235607048845775,0.8635983394940553,0.9918947037551022,0.9992758204725706,0.8523005255538375,32.0
soft_a0.5,soft_kd,0.5,0.01,23,0.004709366483439226,0.004330431343987584,0.0037240297184325754,0.005598995601758361,0.0134612200781703,0.0034905343782156706,32,0.47093665024097386,0.43304314407802696,0.3724029645637639,0.5598995446190254,1.3461220379052021,0.34905347813165866,32,0.9295372598453171,0.9293688157984656,0.8948914887067835,0.9691145376197575,0.9715148333517439,0.8915137414700287,32.0
soft_a0.5,soft_kd,0.5,0.01,24,0.004295006932807155,0.003966296324506402,0.003505686460994184,0.0050144986482337115,0.012463738210499287,0.003287674393504858,32,0.4295006951546394,0.39662964131600353,0.3505686359710068,0.5014498760316493,1.2463738489085552,0.32876747731786893,32,0.9129977222634169,0.9146095331953263,0.8781427952175822,0.9438622624299787,0.9483540014050141,0.8685898370025026,32.0
soft_a0.5,soft_kd,0.5,0.01,25,0.003779772909183521,0.003507778514176607,0.003090083075221628,0.004433748195879161,0.011250946670770645,0.002935985801741481,32,0.3779772926682331,0.35077785925815685,0.3090083014879469,0.44337480775319743,1.1250946922248906,0.2935986140800902,32,0.8792150430504657,0.8802819578552644,0.849881715433457,0.9001558840832984,0.9026943988034823,0.8404377611389702,32.0
soft_a0.5,soft_kd,0.5,0.01,26,0.0034274026911589317,0.0031869527883827686,0.0027949043083935975,0.004078783909790218,0.0104435496032238,0.0027020859997719526,32,0.3427402707917617,0.3186952711101658,0.2794904253949776,0.40787837990646914,1.044354983665533,0.27020863118196864,32,0.9059262895425335,0.9061788459091291,0.8713970236541988,0.9276448774010143,0.9284626845746982,0.8663390828106535,32.0
soft_a0.5,soft_kd,0.5,0.01,27,0.0030956367918406613,0.0028705892618745565,0.002544024190865457,0.0036768502788618205,0.009558651596307755,0.0024533444084227085,32,0.309563680754388,0.2870589192664039,0.25440241415822595,0.3676850178798302,0.9558651809960271,0.24533446917447652,32,0.9027661613504923,0.9035636451700967,0.8844982560397172,0.9170063155921058,0.9197633933117255,0.8801311224363324,32.0
soft_a0.5,soft_kd,0.5,0.01,28,0.005356146197300404,0.004903322551399469,0.004295263695530594,0.006643013888970017,0.016831593587994576,0.00423959456384182,32,0.535614622921509,0.49033226609972713,0.42952637511768305,0.6643013706368041,1.6831593964210019,0.4239594658604145,32,1.7278750431653718,1.7337468742779978,1.5091470750713836,1.8744495199618545,1.8846578795379283,1.4606138597351226,32.0
teacher,teacher,,0.001,0,0.0010000000620493665,0.0010000000474974513,0.0009999999310821295,0.0010000001639127731,0.0010000001639127731,0.0009999999310821295,32,1.0,1.0,1.0,1.0,1.0,1.0,32,,,,,,,
teacher,teacher,,0.001,1,0.0007523372532887151,0.000750936393160373,0.0007372257387032732,0.0007655816181795672,0.0007671810453757644,0.0007317783893086016,32,0.752337206527932,0.7509364449133136,0.7372256948103875,0.7655815416955868,0.7671810089366218,0.7317782693607962,32,0.752337206527932,0.7509364449133136,0.7372256948103875,0.7655815416955868,0.7671810089366218,0.7317782693607962,32.0
teacher,teacher,,0.001,2,0.0006564008745044703,0.0006577755266334862,0.000640275893965736,0.0006683887186227366,0.0006752481567673385,0.0006377289537340403,32,0.6564008338088023,0.6577754571126975,0.6402759045510662,0.6683886868759775,0.6752481246947736,0.6377288492021361,32,0.8724762520313729,0.8718165197236304,0.8624629687287748,0.8832210936592618,0.8873088402934359,0.8577192570816023,32.0
teacher,teacher,,0.001,3,6.357130007472733e-05,5.426179814094212e-05,1.9711207369255134e-05,0.0001290077154408209,0.00021026474132668227,1.7644604668021202e-05,32,0.06357129551749673,0.0542617924461406,0.019711205142415374,0.12900770255096047,0.21026470686161108,0.017644601775845595,32,0.09650379231596046,0.08291486599225456,0.030712293133848878,0.19792523963332898,0.3147466401252741,0.027463355104192996,32.0
teacher,teacher,,0.001,4,6.422927845051163e-05,5.486088411998935e-05,2.085060104946024e-05,0.0001292372340685688,0.00021040992578491569,1.8953176549985074e-05,32,0.0642292738538773,0.05486087836764758,0.020850598695761086,0.12923721965557583,0.2104098912960469,0.018953173443317855,32,1.020302093241341,1.0097844877775242,1.0017875169927086,1.0640395195968906,1.074162720366045,1.0006904840883801,32.0
teacher,teacher,,0.001,5,6.407099789385029e-05,5.476891055877786e-05,2.0403261351020775e-05,0.0001291425942326896,0.00021031644428148866,1.8475193428457715e-05,32,0.06407099331002282,0.05476890482047263,0.020403259029673663,0.12914257983271346,0.2103164098079427,0.018475190400138022,32,0.9948418490425486,0.9983878101311419,0.9767030931181322,0.999941515687326,1.0042908596703821,0.9614911629655708,32.0
teacher,teacher,,0.001,6,6.529524961251809e-05,5.582716403296217e-05,2.255679673908162e-05,0.0001295928334002383,0.00021069096692372113,2.0773282813024707e-05,32,0.06529524495527748,0.05582715819755148,0.02255679418811649,0.1295928189572169,0.21069093238878614,0.02077327940801887,32,1.0355281530077893,1.0167799569813207,1.0036783850653324,1.1084952480781844,1.1243878389401434,1.001780757769617,32.0
teacher,teacher,,0.001,7,6.577840173349614e-05,5.6262220823555253e-05,2.3181007418315857e-05,0.0001297919559874572,0.00021088523499201983,2.1457159164128825e-05,32,0.06577839705067862,0.05626221495129029,0.023181004797418588,0.12979194152686904,0.2108852004252418,0.02145715564702694,32,1.0125329082151948,1.0063179160593263,1.0015045717658246,1.0345497331363633,1.0406402921304068,1.000922052193956,32.0
teacher,teacher,,0.001,8,6.65835601694198e-05,5.6816204960341565e-05,2.463936743879458e-05,0.00013055259914835916,0.0002110344503307715,2.2523161533172242e-05,32,0.0665835554408809,0.05681619903732178,0.0246393649795018,0.13055258462674643,0.21103441573953519,0.02252315784133898,32,1.0218340982078291,1.0112524390611197,1.0019895884865944,1.081471990436991,1.0962720712942617,1.0007075665527618,32.0
teacher,teacher,,0.001,9,6.680479543774709e-05,5.710100049327593e-05,2.4152612786565443e-05,0.00013043876097071916,0.00021119997836649418,2.3137858079280704e-05,32,0.06680479069544855,0.05710099454280049,0.024152610044006616,0.1304387464582963,0.2111999437481257,0.023137854286690844,32,1.004315286029771,1.0037837787131223,0.9918227876388196,1.0213212994716467,1.0272917523236307,0.9412765496803011,32.0
teacher,teacher,,0.001,10,6.801995544947204e-05,5.8397374232299626e-05,2.6006390726251993e-05,0.0001309070095885545,0.00021162601478863508,2.5134517272817902e-05,32,0.06801995063354488,0.05839737145857332,0.026006387781837594,0.1309069950276934,0.21162598010043382,0.02513451315295015,32,1.030364971986438,1.0160873585316135,1.00368481698817,1.0849544665266144,1.0866303002705213,1.0020172181144904,32.0
teacher,teacher,,0.001,11,7.00232109238641e-05,6.129503162810579e-05,2.8547744750540006e-05,0.0001335241351625882,0.00021186952653806657,2.7343330657458864e-05,32,0.0700232059957735,0.06129502871674815,0.028547741549968274,0.1335241203970814,0.21186949180995063,0.027343326175538443,32,1.0442780214622476,1.0339584533507944,1.008050126750878,1.1188929806752752,1.1216681610525103,1.0011506702031634,32.0
teacher,teacher,,0.001,12,7.448200960880058e-05,6.596267485292628e-05,3.533458093443187e-05,0.00013545467008952984,0.00021291228767950088,3.274714981671423e-05,32,0.07448200438714811,0.0659626717198675,0.03533457697821531,0.13545465508218757,0.21291225278046308,0.03274714444903897,32,1.09638344053876,1.0578656150831434,1.014517823930157,1.237768574707296,1.248713579568424,1.0049217136530815,32.0
teacher,teacher,,0.001,13,7.547630866611144e-05,6.624337402172387e-05,3.5824144288199025e-05,0.00013594571864814498,0.0002130553766619414,3.318583549116738e-05,32,0.07547630336985886,0.06624337476280605,0.0358241407254769,0.1359457035930099,0.2130553417394495,0.03318583005158595,32,1.0167660689511921,1.0068189556578147,1.0008116731617012,1.057903587964173,1.096343277694501,0.9986150231741268,32.0
teacher,teacher,,0.001,14,7.657570824903814e-05,6.665765977231786e-05,3.663152201625053e-05,0.00013647051237057893,0.00021338029182516038,3.4054657589877024e-05,32,0.0765757028813558,0.06665766051962563,0.0366315183820124,0.13647049727584173,0.21338025684941075,0.03405465200788457,32,1.018338813828448,1.0151127778800704,1.0030631262621583,1.0390649344204244,1.0553941650111411,1.0015250268184244,32.0
teacher,teacher,,0.001,15,7.506798647227697e-05,6.655228935414925e-05,3.5427756847639104e-05,0.00013401703035924583,0.000213693332625553,3.483027467154898e-05,32,0.07506798124949028,0.06655228619308529,0.03542775104057819,0.13401701551804338,0.213693297598492,0.03483027301719978,32,0.9776261448441961,0.9984450124774786,0.8752146638294486,1.0156231006738932,1.0282390328337967,0.7696084492350846,32.0
teacher,teacher,,0.001,16,7.721127451532084e-05,6.75709052302409e-05,3.765994260902516e-05,0.00013486898169503547,0.00021407021267805248,3.673395622172393e-05,32,0.07721126917788507,0.06757090202079527,0.03765993643608055,0.1348689667894079,0.21407017758921604,0.03673395447695472,32,1.0375945375763345,1.0331650774310417,1.006122825881305,1.0960212388146382,1.1208648263774783,1.0017636490940962,32.0
teacher,teacher,,0.001,17,8.963817958829168e-05,7.852153066778556e-05,5.4072608872957065e-05,0.00014109263065620326,0.00021844219008926302,5.32920312252827e-05,32,0.0896381735097522,0.07852153149275218,0.05407260350648481,0.14109261509239432,0.21844215428380376,0.0532920224900395,32,1.2117782127658043,1.1723651161140851,1.046840753709798,1.4168702966735773,1.4866889371897765,1.0204231002366766,32.0
teacher,teacher,,0.001,18,9.451492257994687e-05,8.362322478205897e-05,5.898767522012349e-05,0.00014278604357969015,0.0002191191160818562,5.8203822845825925e-05,32,0.09451491623188767,0.08362322557321293,0.05898766863729672,0.14278602784850628,0.21911908016544013,0.05820381330547748,32,1.0635061864241906,1.059046598260673,1.012428389971148,1.1127643997331822,1.1312464370389808,1.0030988793525488,32.0
teacher,teacher,,0.001,19,0.00010026531413132034,9.082892211154103e-05,6.517663641716353e-05,0.00014494056958938017,0.00021970878879074007,6.390274938894436e-05,32,0.10026530746572379,0.09082891779739893,0.06517662910747136,0.1449405536637392,0.21970875277766913,0.06390273891446921,32,1.0696804548582879,1.0650793329167008,1.0160072735370407,1.1145979128755377,1.1180072052657921,1.0026911057301984,32.0
teacher,teacher,,0.001,20,0.00011042020901186334,0.00010289322017342784,7.686884018767159e-05,0.00015100349046406336,0.00022197268845047802,7.419652683893219e-05,32,0.11042020177194486,0.10289322726460995,0.07686883156788843,0.1510034738999496,0.22197265206632505,0.07419651467717571,32,1.1140579038836744,1.1161546854025068,1.038276379545715,1.1765177847484314,1.1797522421294133,1.0103040923952031,32.0
teacher,teacher,,0.001,21,0.00012084752370356,0.00011457321306806989,8.789351450104732e-05,0.00016163579930434933,0.00022398511646315455,8.469922613585368e-05,32,0.12084751588457276,0.11457321422817417,0.08789350456726491,0.1616357814007438,0.223985079749139,0.08469921225257092,32,1.102340198973633,1.1088911406029376,1.034758622617114,1.1594340251865298,1.1639716147885055,1.0090661064058135,32.0
teacher,teacher,,0.001,22,0.00012800221861652972,0.00012356811203062534,9.475421320530586e-05,0.00017003612229018472,0.00022216129582375288,9.078254515770823e-05,32,0.1280022104212934,0.12356811323429145,0.0947542038839783,0.17003611421390266,0.22216125940868478,0.09078254084576891,32,1.0631120722820384,1.067039740279219,1.0160024651317803,1.0990897743629913,1.1277313731084915,0.9918574025444156,32.0
teacher,teacher,,0.001,23,0.0001327394625150191,0.0001309734579990618,9.908985230140388e-05,0.00017991780696320346,0.00021724867110606283,9.300045348936692e-05,32,0.1327394541155716,0.1309734592075082,0.09908984249485406,0.17991778729291216,0.21724863549623652,0.09300044907208262,32,1.039013907402767,1.0412432127915334,0.9968542129346362,1.0804468370466633,1.0900936875718,0.9778871261104483,32.0
teacher,teacher,,0.001,24,0.0001371291575651412,0.00013542218221118674,0.00010324352042516694,0.0001861335797002539,0.00021180289331823587,9.612948633730412e-05,32,0.13712914897803685,0.13542218346355975,0.10324351014929042,0.1861335595251501,0.21180285860104198,0.09612948177139874,32,1.034980521673226,1.037435447011647,0.9989558540736765,1.064604503116984,1.0781487287478906,0.9749329753774729,32.0
teacher,teacher,,0.001,25,0.00013647687728735036,0.0001338350775768049,0.00010330207915103529,0.00018671382786124012,0.00020323308126535267,9.63321072049439e-05,32,0.13647686878388116,0.13383507886211993,0.10330206886214312,0.1867138189928096,0.20323304795286018,0.09633210262941454,32,0.9958928977407046,0.9957679214369207,0.9709224387615006,1.0186112354205838,1.0197721613947075,0.9595387394448527,32.0
teacher,teacher,,0.001,26,0.00013634389233629918,0.0001337710054940544,0.00010384131528553552,0.0001854567562986631,0.00019475020235404372,9.682103700470179e-05,32,0.13634388389081142,0.1337710068369946,0.10384130493169025,0.1854567488132948,0.1947501931039059,0.09682103240594953,32,1.0002527163893156,1.00227470940013,0.9700722654555122,1.0271172694873503,1.0366313613554148,0.9517766306644152,32.0
teacher,teacher,,0.001,27,0.00013045489049545722,0.00012609855184564367,9.697231180325617e-05,0.00018158858292736114,0.00019164325203746557,8.850929589243606e-05,32,0.13045488250512405,0.12609854590510627,0.09697230095536925,0.18158857640089865,0.19164324293489998,0.08850929168847028,32,0.9542742478598529,0.9512966633529447,0.9252192109447555,0.9983671208178533,1.0141778806291937,0.9141535623930355,32.0
teacher,teacher,,0.001,28,0.0001694745162694744,0.00015724713739473373,0.00012805587975890377,0.0002372313101659529,0.0002655880234669894,0.00012140069884480909,32,0.1694745062428696,0.15724712992589582,0.12805586706613506,0.23723129889807082,0.2655880417707517,0.12140069307858557,32,1.3003380188594893,1.2860833770612996,1.2119042834826683,1.462505621299279,1.5141055751660533,1.096994034414358,32.0
teacher,teacher,,0.003,0,0.003000000047904905,0.003000000026077032,0.0029999997932463884,0.0030000002589076757,0.0030000004917383194,0.0029999997932463884,32,1.0,1.0,1.0,1.0,1.0,1.0,32,,,,,,,
teacher,teacher,,0.003,1,0.0022570155633729883,0.002252791542559862,0.002211701823398471,0.0022967087337747217,0.002301535801962018,0.002195283304899931,32,0.7523385092021451,0.7509305367974505,0.7372338715883532,0.7655696039390748,0.7671785939854258,0.7317610384804605,32,0.7523385092021451,0.7509305367974505,0.7372338715883532,0.7655696039390748,0.7671785939854258,0.7317610384804605,32.0
teacher,teacher,,0.003,2,0.0019692082751134876,0.0019733471563085914,0.0019208076409995556,0.0020051860949024556,0.002025764202699065,0.0019132840679958463,32,0.6564027479867625,0.6577823797185264,0.6402692354318441,0.6683953591575629,0.6752547283634753,0.6377612514614001,32,0.872477277245925,0.8717834093326826,0.8624525315317759,0.8832360854858071,0.8872828433189538,0.8577400855042087,32.0
teacher,teacher,,0.003,3,0.00019041563280097762,0.00016231872723437846,5.8699284090835134e-05,0.00038958081713644786,0.0006316991639323533,5.2892122766934335e-05,32,0.06347187608904993,0.0541062398785794,0.019566427010518018,0.12986026216069366,0.2105663861471356,0.017630707435725937,32,0.09635237453035517,0.08266869864365349,0.03048520591387294,0.199234742648802,0.3151901211293291,0.02744226667120877,32.0
teacher,teacher,,0.003,4,0.000192395906310594,0.00016411997057730332,6.214067834662274e-05,0.0003902333104633726,0.0006321340333670378,5.6818582379492e-05,32,0.06413196725261874,0.05470665430146887,0.020713558370040696,0.1300777599258978,0.21071134262410376,0.01893952729520178,32,1.0204941679691775,1.0099102200727796,1.0016761009799517,1.0639957309694337,1.0742352434947515,1.000688412237207,32.0
teacher,teacher,,0.003,5,0.00019191681496977253,0.00016384167975047603,6.079798913560808e-05,0.0003899754519807175,0.0006318544619716704,5.538571349461563e-05,32,0.06397227014211194,0.05461389069982085,0.02026599531101599,0.12999180710835095,0.21061815215979135,0.018461904337727986,32,0.9947801723247867,0.9983787840364422,0.9763992833123393,0.999942907744223,1.0037661100405275,0.9614667876350318,32.0
teacher,teacher,,0.003,6,0.0001956033661372203,0.00016702252469258383,6.729641572746913e-05,0.0003913838852895424,0.0006329748430289328,6.228335405467078e-05,32,0.06520112051929773,0.055674172306513864,0.022432137403675338,0.13046128282559827,0.21099161250896592,0.020761117837760815,32,1.0358521977114639,1.0169893161894006,1.0036272219882942,1.1085186166094207,1.1245382631159155,1.0017731631644513,32.0
teacher,teacher,,0.003,7,0.00019705673958014813,0.00016832746769068763,6.918008548382205e-05,0.0003919765571481548,0.0006335569778457284,6.433438102249056e-05,32,0.06568557832965707,0.05610915329124973,0.02306002728988352,0.13065884009936485,0.21118565744621107,0.021444793487757997,32,1.0126213452155013,1.0064062635081976,1.0015044224896805,1.0345262902034333,1.0405246664797496,1.0009196808107095,32.0
teacher,teacher,,0.003,8,0.00019948017938986595,0.00017116802337113768,7.361110947385896e-05,0.0003942400624509901,0.0006340057589113712,6.753417255822569e-05,32,0.0664933915897123,0.05705600729442878,0.024537035425919,0.13141334182768485,0.21133525113345836,0.022511390657065145,32,1.0219579282682054,1.0113125287205422,1.001987381967391,1.0815620053791923,1.0961394654113485,1.000708351547431,32.0
teacher,teacher,,0.003,9,0.00020014820370306552,0.00017227723583346233,7.210869734990411e-05,0.00039389069424942134,0.0006345020956359804,6.938110891496763e-05,32,0.06671606635901484,0.057425744778656446,0.024036231186038096,0.13129688576623333,0.21150069670688998,0.023127036103961055,32,1.00438788370792,1.0038461159522662,0.9916176384541004,1.0214336042973033,1.0273481748095687,0.941380900133097,32.0
teacher,teacher,,0.003,10,0.00020380604041747574,0.0001769234804669395,7.769443691358901e-05,0.0003953500097850338,0.0006357785314321518,7.53857966628857e-05,32,0.06793534525045036,0.05897449297635325,0.025898144281289476,0.13178332423911088,0.21192617530191538,0.02512859866920214,32,1.030592301817663,1.0162710048057606,1.0038342643819407,1.085122670755249,1.086617008510736,1.0020117124985883,32.0
teacher,teacher,,0.003,11,0.00020982583964723744,0.00018553110567154363,8.533480868209154e-05,0.00040302858978975565,0.0006365057197399437,8.204840560210869e-05,32,0.06994194497131398,0.06184370135294782,0.028444934757858982,0.13434285077852093,0.2121685714024057,0.027349468296305243,32,1.0446054917436494,1.03344759470808,1.0079650193067424,1.1189384183391797,1.1216424426564726,1.001143776129329,32.0
teacher,teacher,,0.003,12,0.0002232406470739079,0.00019748276827158406,0.00010574674415693152,0.0004087651745066978,0.0006396276294253767,9.825055894907564e-05,32,0.07441354738799538,0.0658275888516653,0.03524891290030352,0.13625504546657594,0.2132092079551711,0.032750186031682664,32,1.0971602483638825,1.058929284891148,1.0142898887681178,1.2392138584389074,1.257993695522781,1.004904762971664,32.0
teacher,teacher,,0.003,13,0.00022625234305451158,0.0001978793297894299,0.00010726377004175447,0.00041024469392141326,0.0006400574930012226,9.957139991456643e-05,32,0.07541744603081182,0.06595977602313158,0.03575458846760984,0.1367482185670497,0.2133524958125409,0.03319046634968586,32,1.0170153757236529,1.0069997188082922,1.0007966963366577,1.0596126179261034,1.098713618310958,0.9985442587110697,32.0
teacher,teacher,,0.003,14,0.00022956143629926373,0.00019912878633476794,0.00010969666545861401,0.00041180425323545934,0.0006410341593436897,0.00010219156683888286,32,0.076520477098822,0.066376261534624,0.03656555357728997,0.13726807164747837,0.2136780512572001,0.034063855316866204,32,1.018448695552593,1.0153647907777106,1.0030071419497602,1.039214591965741,1.056268364059296,1.0015259040838465,32.0
teacher,teacher,,0.003,15,0.0002249984825084539,0.0001989915908779949,0.00010605439965729601,0.00040457842405885455,0.0006419650162570179,0.00010447594104334712,32,0.07499949254074989,0.0663305322876167,0.03535146472457769,0.13485946212840721,0.21398833689227903,0.034825313378402105,32,0.9772060467850241,0.9983447150839976,0.8719504407603177,1.0155870845964647,1.0280760509962832,0.765262678648087,32.0
teacher,teacher,,0.003,16,0.0002314473003934836,0.0002020612228079699,0.0001127652416471392,0.00040708894812269136,0.0006430904031731188,0.00011018398799933493,32,0.07714909848182955,0.06735374296121271,0.037588411948570946,0.13569630344436448,0.21436346586105195,0.036727995680525934,32,1.037775270969679,1.0337744259932824,1.0061227893636313,1.0962866217831457,1.120530529970201,1.0017530346476862,32.0
teacher,teacher,,0.003,17,0.00026878877770286635,0.00023380219499813393,0.00016208463930524885,0.0004256125408574007,0.0006561785121448338,0.00015988908126018941,32,0.0895962574410629,0.07793406735915016,0.05402821076987793,0.14187083382275284,0.2187261688137015,0.05329635995679284,32,1.2127423968791957,1.1730158818788539,1.046206633009743,1.4182685061101166,1.4867743224650036,1.0203518959498323,32.0
teacher,teacher,,0.003,18,0.00028342853556750924,0.00024990044767037034,0.00017696044451440685,0.0004306210219510831,0.0006581905763596296,0.00017435778863728046,32,0.09447617667615095,0.08330014849938323,0.05898681432540193,0.14354032739202935,0.21939685687947025,0.05811925786325283,32,1.0636402096933206,1.0594505940840255,1.0121947723746418,1.1116128143748307,1.130958984600426,1.0030663366409531,32.0
teacher,teacher,,0.003,19,0.0003006899246429384,0.0002725966915022582,0.00019551628865883687,0.0004369371774373576,0.0006599356420338154,0.00019148943829350173,32,0.10022997297467869,0.09086556304425132,0.06517209565311402,0.14564571241566757,0.21997854543247594,0.0638298072558249,32,1.0698381412674365,1.0654219070924964,1.0155687300292218,1.1136968582788314,1.1177679146859048,1.0026513075951915,32.0
teacher,teacher,,0.003,20,0.0003311840468995797,0.00030908478947822005,0.0002305904039531015,0.00045366385747911406,0.0006667429697699845,0.00022240183898247778,32,0.11039468028069661,0.10302826226384958,0.07686346731624347,0.151221278248395,0.22224765465814175,0.0741339399295439,32,1.1143177319295239,1.1166291835852582,1.0377120047241615,1.176960653758607,1.1797497283570526,1.0103151387841245,32.0
teacher,teacher,,0.003,21,0.0003624906257755356,0.00034299155231565237,0.0002636626202729531,0.0004854799641179852,0.0006727781146764755,0.0002539427950978279,32,0.12083020646170088,0.11433051644475062,0.08788753932703562,0.1618266464791954,0.2242593696094856,0.08464759106063895,32,1.1025208021287547,1.1096866147364888,1.0346770960749545,1.159291216110569,1.1624990081225344,1.0090516813526704,32.0
teacher,teacher,,0.003,22,0.00038397022126446245,0.0003700268716784194,0.00028422357281669973,0.0005106063326820731,0.0006672476301901042,0.00027226522797718644,32,0.1279900715552249,0.12334228948733952,0.09474118690291192,0.1702021094145691,0.22241587479671945,0.09075507520352115,32,1.0632043388904102,1.0674737708122795,1.015616102857669,1.0990008305857797,1.1266354025891883,0.9917796308088429,32.0
teacher,teacher,,0.003,23,0.00039818034747440834,0.0003924464981537312,0.00029730423993896694,0.000539719482185319,0.0006524386699311435,0.000278867082670331,32,0.1327267802662436,0.13081549824748376,0.09910140905264646,0.17990648507775298,0.2174795547533074,0.0929556934154408,32,1.03904924208521,1.0414465322941773,0.996718176515349,1.0802843493177197,1.089287577880324,0.9778059005548787,32.0
teacher,teacher,,0.003,24,0.0004113594022783218,0.0004055587196489796,0.00030980249284766613,0.0005582767626037821,0.0006360717234201729,0.0002882406988646835,32,0.13711979852107348,0.1351862387079079,0.1032674931378235,0.18609224502294622,0.21202390596373957,0.09608023211973207,32,1.035032038534259,1.0378168034866344,0.9987997451088877,1.0644003712176615,1.0780566413718689,0.974914199195615,32.0
teacher,teacher,,0.003,25,0.0004094000805707765,0.000400859717046842,0.0003100088404607959,0.0005597893497906625,0.0006102496990934014,0.00028882280457764864,32,0.136466691339224,0.13361990452081046,0.103336275667914,0.1865964483082603,0.2034165645963004,0.0962742673557005,32,0.9959088249711825,0.9956161403298627,0.970789653492988,1.0183270099583166,1.0195868088959184,0.9594039109490266,32.0
teacher,teacher,,0.003,26,0.00040901126158132683,0.0004007209645351395,0.00031165414256975057,0.0005568938795477152,0.0005834478652104735,0.0002903130662161857,32,0.13633708504950345,0.13357365368397833,0.10388470967288209,0.18563129921448918,0.19448262004631467,0.09677102123089489,32,1.0002884292153262,1.0022738710727879,0.9699481297697458,1.0272410834423045,1.036623192209051,0.9517407938374725,32.0
teacher,teacher,,0.003,27,0.0003913403779733926,0.00037865077320020646,0.0002910161900217645,0.0005453266378026456,0.0005740163032896817,0.00026534037897363305,32,0.13044679066079226,0.12621691351103714,0.0970053916698693,0.18177555210901822,0.19133876610004485,0.08844679222240107,32,0.9542629562052384,0.951159357285063,0.9255329924231532,0.998139311102687,1.0143051821295717,0.9139801471286298,32.0
teacher,teacher,,0.003,28,0.000508430694026174,0.00047109732986427844,0.00038415394810726867,0.0007110289472620935,0.0007972886087372899,0.0003640727372840047,32,0.16947689560893583,0.15703244803952793,0.12805131051585597,0.2370096470271951,0.26576288789490893,0.1213575780397864,32,1.3004903412340256,1.2870291701925427,1.2106644044853798,1.4622202336869885,1.5144443792006965,1.0972206014901253,32.0
teacher,teacher,,0.01,0,0.0100000002712477,0.009999999776482582,0.009999999776482582,0.010000001639127731,0.010000001639127731,0.009999998845160007,32,1.0,1.0,1.0,1.0,1.0,1.0,32,,,,,,,
teacher,teacher,,0.01,1,0.007523378822952509,0.007509337039664388,0.00737249399535358,0.007655179034918547,0.007671477738767862,0.007317127659916878,32,0.7523378618362642,0.7509337207511154,0.7372493402438858,0.7655178814048912,0.767147719577675,0.7317127142006845,32,0.7523378618362642,0.7509337207511154,0.7372493402438858,0.7655178814048912,0.767147719577675,0.7317127142006845,32.0
teacher,teacher,,0.01,2,0.006564077571965754,0.006578378612175584,0.006402844469994307,0.006684243399649859,0.00675319554284215,0.006378442049026489,32,0.6564077393994088,0.6578378759213808,0.6402844285086541,0.6684242926535697,0.6753194435907323,0.6378441003518536,32,0.8724845619372085,0.8717060857773915,0.862430168087645,0.8832826788672357,0.8871414154503732,0.8578059598637107,32.0
teacher,teacher,,0.01,3,0.0006378431676239416,0.0005480613035615534,0.00019594013792811893,0.0012988435046281666,0.0021247209515422583,0.00017677767027635127,32,0.06378431417306649,0.0548061290427929,0.01959401240593759,0.1298843424096926,0.21247208011534244,0.01767776742276402,32,0.09682410603576216,0.08281259830402389,0.03052385925304423,0.19928730894462568,0.31801528588212685,0.027515618580933474,32.0
teacher,teacher,,0.01,4,0.0006444095711231057,0.0005551619688048959,0.00020739185201819056,0.0013010825612582266,0.002126147272065282,0.00018982678011525422,32,0.06444095451000842,0.05551619554934638,0.020739183733888937,0.13010824806612561,0.21261471215754923,0.01898267843582135,32,1.0202927526127963,1.0099470402555892,1.0017273872120318,1.0631361239279011,1.0738165053227802,1.0006712978106553,32.0
teacher,teacher,,0.01,5,0.0006428203146242595,0.0005541550635825843,0.0002029453513387125,0.0013002222985960543,0.0021251305006444454,0.00018507293134462088,32,0.06428202886623113,0.055415505033366105,0.02029453369741369,0.13002222180907533,0.21251303502266233,0.018507293548132336,32,0.9948409138233493,0.9983467517110299,0.9768380302572326,1.0000287225492546,1.0038939518116756,0.9616733625814595,32.0
teacher,teacher,,0.01,6,0.0006550173266077763,0.0005705629882868379,0.0002245877039968036,0.001304927928140387,0.002128731459379196,0.00020800917991437018,32,0.06550173003584377,0.05705629744859374,0.02245876881003712,0.13049278474612888,0.21287313087064963,0.020800918456373777,32,1.0354262857636058,1.017052914660281,1.0036238224356342,1.1073620326085623,1.1239308655410019,1.0016944647557686,32.0
teacher,teacher,,0.01,7,0.0006598276581826212,0.0005777534970548004,0.0002308628012542613,0.0013070532644633205,0.0021306597627699375,0.00021483121963683516,32,0.06598276318311291,0.057775348301876986,0.02308627849136743,0.13070531837272698,0.21306596119607515,0.02148312244386872,32,1.0124727995864973,1.006490616624637,1.001470908179294,1.0350141287375787,1.039786761963847,1.0009058462410771,32.0
teacher,teacher,,0.01,8,0.0006678562685920042,0.0005879380041733384,0.000245465750049334,0.0013154650572687388,0.0021321463864296675,0.00022557636839337647,32,0.06678562420769993,0.05879379897486564,0.024546573267514287,0.1315464976404436,0.21321462355152573,0.022557637343540132,32,1.021774829129416,1.011551590387572,1.0019806219940828,1.0829466572287587,1.094784607576798,1.000697729260066,32.0
teacher,teacher,,0.01,9,0.0006700871363136685,0.0005914863722864538,0.0002406194485956803,0.0013139363436494023,0.002133790170773864,0.00023166931350715458,32,0.06700871098122169,0.0591486357756008,0.024061943156451285,0.1313936262791259,0.2133790019743106,0.023166931868536737,32,1.00436806117312,1.003781431116497,0.9918193270942973,1.0211673153661036,1.0270105647908685,0.9422910386588397,32.0
teacher,teacher,,0.01,10,0.0006822457507951185,0.0006064654444344342,0.0002592391159851104,0.001319102814886719,0.0021380127873271704,0.0002517250832170248,32,0.0682245724029927,0.06064654294340666,0.02592390976360334,0.13191027338012926,0.21380126359975335,0.0251725088843519,32,1.0303485973656215,1.0163606693099356,1.0039326310290637,1.0846844789967465,1.0865706787241411,1.0019789277367301,32.0
teacher,teacher,,0.01,11,0.00070217025859165,0.0006249326397664845,0.00028453393169911576,0.0013437066285405309,0.0021402735728770494,0.00027429682086221874,32,0.07021702314913068,0.06249326537348178,0.02845339115596588,0.13437065221297168,0.2140273421387393,0.027429682699323058,32,1.0441655959118394,1.0327861370671183,1.0077192538657773,1.1194384087211786,1.1224825122647983,1.0010574237737395,32.0
teacher,teacher,,0.01,12,0.0007465687722287839,0.0006569791003130376,0.0003521653008647263,0.0013628790853545069,0.002150528831407428,0.00032810773700475693,32,0.07465687442902996,0.06569791149976652,0.03521652759382864,0.13628789768534247,0.2150528679191899,0.03281077443385365,32,1.0960517557838094,1.0596026647490595,1.0143129519163951,1.2377131011482614,1.251965753106727,1.004791564340344,32.0
teacher,teacher,,0.01,13,0.0007566233462057426,0.0006583729991689324,0.00035730675590457396,0.0013680194213520735,0.0021519302390515804,0.0003325721772853285,32,0.07566233183107182,0.0658373013884716,0.03573067306142193,0.1368019312508015,0.21519300867368593,0.03325721847188961,32,1.0169775809939705,1.0074623593058498,1.0007509778073531,1.0590197495357097,1.0966990899741043,0.9985512012534704,32.0
teacher,teacher,,0.01,14,0.0007676231480218121,0.0006625678797718138,0.00036545669281622394,0.0013731783372350037,0.0021551502868533134,0.00034132765722461045,32,0.07676231200025471,0.06625678945813603,0.03654566669490126,0.13731782282511065,0.21551501343106755,0.03413276648538783,32,1.0183305114450407,1.0149995230672082,1.002940310830665,1.0396224699195038,1.0544228039681118,1.0014963532475627,32.0
teacher,teacher,,0.01,15,0.0007525287783209933,0.0006650372233707458,0.00035373657738091424,0.001349692716030404,0.0021582157351076603,0.0003484190965536982,32,0.07525287498822539,0.06650372382354863,0.035373656704141276,0.13496926089476777,0.21582155823480484,0.03484190718924166,32,0.9773666696487506,0.997641791887533,0.873529629662794,1.0153569262598912,1.027492577760319,0.7711387969133543,32.0
teacher,teacher,,0.01,16,0.0007740465234746807,0.0006766869919374585,0.00037610338913509624,0.001357858977280557,0.002161834854632616,0.0003674062027130276,32,0.07740464945812989,0.06766869755722936,0.037610337825669825,0.13578588700091573,0.2161834701616841,0.0367406176707829,32,1.0376278128416163,1.035168530751517,1.0059522342138945,1.097359361741981,1.1183929977445997,1.001676903502316,32.0
teacher,teacher,,0.01,17,0.0008981424252851866,0.0007793699041940272,0.0005403783899964765,0.0014193794806487859,0.0022049250546842813,0.0005332279833965003,32,0.08981423934818958,0.07793698850234893,0.05403783741017959,0.14193793690252898,0.220492489861856,0.053322794565435136,32,1.211524223438726,1.1726110001209533,1.0460692545643635,1.417950261484368,1.4863838911037652,1.0199322348602748,32.0
teacher,teacher,,0.01,18,0.0009468077896599425,0.0008346364193130285,0.0005900987249333412,0.001435915066394955,0.0022112017031759024,0.0005811633891426027,32,0.09468077567045297,0.08346364000032609,0.05900987134401138,0.14359149537870383,0.22112015466659166,0.05811633480075612,32,1.0633236216993276,1.0599192476237946,1.0120938524525647,1.1110779531963482,1.1304267599374396,1.0028466493581205,32.0
teacher,teacher,,0.01,19,0.0010041224250016967,0.0009070989035535604,0.0006518269481603056,0.001456760923611,0.002216390334069729,0.0006382762221619487,32,0.10041223908027,0.09070988831697391,0.06518269357583883,0.14567608100560417,0.22163901771924893,0.06382761769844317,32,1.0694833812783886,1.0655911245767444,1.0154600796051485,1.1121677907744687,1.1175555540820916,1.002346520847182,32.0
teacher,teacher,,0.01,20,0.0011055319373554084,0.0010314866667613387,0.0007686837838264182,0.0015169554273597897,0.0022379790898412466,0.0007412729319185019,32,0.11055319009126424,0.10314867366737725,0.07686837691928881,0.1516955309586176,0.22379789314359438,0.07412728794508253,32,1.1139599168975443,1.116701519428009,1.037701118446298,1.1767228384783275,1.1795816816757334,1.009740502581906,32.0
teacher,teacher,,0.01,21,0.0012096865139028523,0.0011409028084017336,0.000878915548673831,0.0016223302285652609,0.0022567573469132185,0.0008462775149382651,32,0.12096864751221192,0.11409027802576571,0.0878915532568071,0.16223300999049392,0.22567571871787812,0.08462774550383104,32,1.1022680439282437,1.1105446746463388,1.034864335374779,1.1582199004729354,1.1591487660227242,1.008390720519781,32.0
teacher,teacher,,0.01,22,0.0012811275246349396,0.0012297607026994228,0.000947791404905729,0.0017074150149710477,0.0022370880469679832,0.0009068886283785105,32,0.1281127484306582,0.12297607282854166,0.09477913378205693,0.17074148072316264,0.2237087888625749,0.09068885641884702,32,1.0630403031116802,1.0671120451467722,1.015689720770708,1.0984254920554304,1.1230925610021525,0.9912842645789371,32.0
teacher,teacher,,0.01,23,0.0013282169129524846,0.0013068916741758585,0.0009913518850225955,0.0018035437737125902,0.002186446450650692,0.000928542809560895,32,0.13282168719241783,0.13068916999349783,0.09913518148542028,0.18035435564754165,0.21864462958928957,0.09285427438381608,32,1.0388583730608438,1.0415619605443474,0.9964585011280643,1.0798091760354733,1.0867763628055884,0.977362716507324,32.0
teacher,teacher,,0.01,24,0.0013720143415412167,0.0013494909508153796,0.001033002050826326,0.0018636991211678831,0.0021306504495441914,0.000959592463914305,32,0.13720143000031484,0.13494909776841046,0.10330019777099134,0.18636988980249,0.21306502987356646,0.09595923959938603,32,1.034943129293454,1.0375683132895985,0.9987040831220605,1.0640821511425074,1.0780456752829584,0.9744809660945981,32.0
teacher,teacher,,0.01,25,0.0013652925936185056,0.0013332929811440408,0.0010335881263017655,0.0018652811530046162,0.0020432746969163418,0.0009613411384634674,32,0.13652925527573084,0.1333293008483299,0.103358805314387,0.18652809309752721,0.20432745522923154,0.09613410704192507,32,0.9957987759352736,0.9955778249546554,0.9706614703226574,1.018813547243104,1.0201590885219414,0.9589910430185572,32.0
teacher,teacher,,0.01,26,0.0013639186690852512,0.0013327045598998666,0.0010389954433776439,0.0018595869129057973,0.0019437717273831367,0.0009663212113082409,32,0.13639186292294728,0.1332704588196545,0.10389953698370158,0.1859586873272572,0.19437715898019814,0.0966321142911532,32,1.0002379732045532,1.002461312444768,0.9700067790744619,1.0272181725685217,1.0366604389418286,0.9513022063634555,32.0
teacher,teacher,,0.01,27,0.0013049803746980615,0.0012612445862032473,0.0009700469090603292,0.0018242613994516432,0.0019047154346480966,0.000882865278981626,32,0.13049803372784324,0.12612445552849333,0.09700468403999137,0.18242613636855748,0.19047152998313654,0.08828652164919708,32,0.9542550654983826,0.9510716942098668,0.9255810071146638,0.9979931039261584,1.0148582396788879,0.9136354129972691,32.0
teacher,teacher,,0.01,28,0.0016950776771409437,0.0015622442006133497,0.001280060817953199,0.002363845345098525,0.0026639599818736315,0.0012102837208658457,32,0.16950776312889954,0.1562244162543282,0.12800607937117958,0.23638453979345872,0.26639600414177783,0.12102836352013459,32,1.300286053711523,1.2877121108307092,1.2101780456954125,1.459593539762233,1.5145997084457843,1.0954845977913261,32.0
