alpha,noise_seed,training_source_rows,training_unique_source_ids,packed_blocks,packed_batches,optimizer_steps,train_eval_overlap,train_probe_overlap,eval_probe_overlap,teacher_ppl,post_noise_ppl,post_lora_ppl,teacher_nll,post_noise_nll,post_lora_nll,nll_recovery_pct,post_noise_kl_teacher_student,post_lora_kl_teacher_student,post_noise_kl_student_teacher,post_lora_kl_student_teacher,post_noise_cka,post_lora_cka,elapsed_s,peak_xpu_memory_mib,teacher_train_forwards,status
0.000000,0,1500,1500,1494,374,374,0,0,0,19.044344,19.044344,16.660645,2.946770,2.946770,2.813049,,0.000000,0.081964,0.000000,0.111028,1.000000,0.990515,619.600000,9406.600000,0,finite
0.050000,0,1500,1500,1494,374,374,0,0,0,19.044344,22.200193,18.182022,2.946770,3.100101,2.900433,130.220170,0.138147,0.170149,0.152598,0.205899,0.987683,0.985306,616.700000,9406.600000,0,finite
0.100000,0,1500,1500,1494,374,374,0,0,0,19.044344,56.790665,23.246630,2.946770,4.039372,3.146160,81.750899,0.931540,0.408710,1.248085,0.523973,0.908079,0.955971,618.000000,9406.600000,0,finite
0.200000,0,1500,1500,1494,374,374,0,0,0,19.044344,7222.313477,53.181511,2.946770,8.884931,3.973711,82.706081,5.847468,1.160563,6.923172,1.485310,0.476863,0.841263,623.100000,9406.600000,0,finite
0.250000,0,1500,1500,1494,374,374,0,0,0,19.044344,33920.769531,118.393692,2.946770,10.431783,4.774015,75.587946,7.654323,1.889756,9.005793,2.496876,0.364551,0.782248,623.800000,9406.600000,0,finite
0.300000,0,1500,1500,1494,374,374,0,0,0,19.044344,128651.812500,346.580109,2.946770,11.764865,5.848114,67.097838,9.098409,3.002259,10.302210,3.748620,0.356498,0.646337,623.200000,9406.600000,0,finite
0.350000,0,1500,1500,1494,374,374,0,0,0,19.044344,354515.468750,667.694275,2.946770,12.778507,6.503830,63.820633,10.094532,3.753059,11.186578,4.517813,0.398065,0.508699,614.800000,9406.600000,0,finite
0.500000,0,1500,1500,1494,374,374,0,0,0,19.044344,5211579.000000,2128.676514,2.946770,15.466393,7.663256,62.327257,12.728163,4.961951,13.774975,6.221460,0.386509,0.363102,616.700000,9406.600000,0,finite
